customer_id,loyalty_tier,avg_booking_value,repeat_customer,country
CUST004482,Bronze,87.07,False,Philippines
CUST000134,Bronze,52.17,False,Vietnam
CUST013835,Gold,173.0,False,Thailand
CUST011959,Gold,213.69,False,India
CUST010886,Gold,350.07,True,Thailand
CUST008708,Platinum,605.16,True,India
CUST008264,Platinum,656.7,True,Singapore
CUST010559,Bronze,70.56,False,Vietnam
CUST001894,Platinum,584.92,True,Thailand
CUST011330,Gold,153.58,True,Indonesia
CUST014964,Bronze,89.4,False,Thailand
CUST011974,Bronze,96.73,False,Vietnam
CUST005047,Gold,172.04,True,Philippines
CUST014644,Bronze,71.47,False,Indonesia
CUST010978,Platinum,343.88,True,Vietnam
CUST016176,Bronze,185.4,False,Thailand
CUST014814,Silver,106.15,True,Thailand
CUST014871,Bronze,76.09,False,Indonesia
CUST014433,Bronze,45.36,False,Indonesia
CUST012693,Bronze,86.97,False,Singapore
CUST003700,Bronze,49.33,False,India
CUST010859,Platinum,360.24,True,Philippines
CUST002948,Silver,159.98,False,Singapore
CUST007037,Bronze,64.39,False,Indonesia
CUST010502,Silver,176.49,False,Vietnam
CUST017600,Silver,167.52,False,Thailand
CUST015838,Bronze,69.56,False,Vietnam
CUST013799,Bronze,134.92,False,India
CUST002945,Bronze,57.41,False,Vietnam
CUST006983,Platinum,503.94,True,Vietnam
CUST007247,Bronze,91.74,False,Thailand
CUST008788,Bronze,42.64,True,Indonesia
CUST002987,Silver,161.49,True,Vietnam
CUST008862,Bronze,62.99,False,India
CUST006471,Bronze,77.12,False,Philippines
CUST004194,Gold,319.37,False,Thailand
CUST016650,Bronze,58.4,False,India
CUST004980,Bronze,64.65,False,Philippines
CUST011276,Bronze,78.47,False,India
CUST007831,Silver,135.28,False,Philippines
CUST017056,Platinum,750.18,True,India
CUST004216,Silver,215.13,True,Vietnam
CUST001477,Bronze,97.21,False,India
CUST014020,Bronze,80.66,False,Philippines
CUST005739,Bronze,70.58,False,Thailand
CUST016350,Bronze,112.53,False,Thailand
CUST011928,Bronze,48.42,False,Thailand
CUST014846,Bronze,80.91,False,Philippines
CUST003642,Silver,227.8,False,Vietnam
CUST000067,Silver,215.79,False,India
CUST004089,Gold,215.94,True,Vietnam
CUST012358,Bronze,105.43,False,Indonesia
CUST007643,Bronze,68.95,False,Vietnam
CUST012271,Bronze,55.94,True,Thailand
CUST005602,Silver,134.22,True,Philippines
CUST016758,Bronze,48.48,True,Thailand
CUST007489,Bronze,47.36,False,Philippines
CUST005158,Platinum,728.92,True,Vietnam
CUST001715,Platinum,572.47,True,India
CUST016836,Bronze,103.6,True,Vietnam
CUST013368,Bronze,48.34,True,India
CUST007650,Silver,186.96,False,Vietnam
CUST006930,Silver,139.05,False,India
CUST008475,Gold,393.78,True,Indonesia
CUST004622,Bronze,60.27,False,Thailand
CUST013606,Platinum,505.23,True,Philippines
CUST008733,Gold,448.2,True,Thailand
CUST015620,Silver,114.93,False,Thailand
CUST010328,Silver,120.62,True,India
CUST009698,Bronze,81.33,True,Singapore
CUST001502,Bronze,45.91,False,Thailand
CUST015864,Bronze,69.36,False,India
CUST017557,Bronze,130.32,False,Indonesia
CUST016375,Platinum,514.85,True,Indonesia
CUST006483,Silver,194.27,False,Vietnam
CUST000288,Gold,337.82,True,Philippines
CUST010423,Bronze,99.4,False,Thailand
CUST012334,Silver,89.25,False,Thailand
CUST000083,Bronze,100.2,False,Indonesia
CUST016067,Silver,99.86,False,Singapore
CUST000155,Bronze,152.71,False,Indonesia
CUST002752,Bronze,82.67,True,India
CUST000725,Bronze,61.82,False,Singapore
CUST002580,Gold,345.13,True,Vietnam
CUST012376,Bronze,30.9,True,Philippines
CUST015029,Silver,264.28,True,India
CUST011942,Silver,126.44,True,Indonesia
CUST017019,Silver,133.2,False,Indonesia
CUST003753,Bronze,77.92,False,Philippines
CUST015887,Bronze,84.01,False,Philippines
CUST011368,Bronze,93.6,False,Thailand
CUST008962,Bronze,60.53,False,Thailand
CUST011305,Silver,121.96,False,India
CUST011625,Bronze,93.81,False,Singapore
CUST008250,Bronze,58.55,False,Philippines
CUST012864,Gold,319.19,True,Philippines
CUST008742,Platinum,506.53,True,Indonesia
CUST001884,Bronze,67.96,False,Indonesia
CUST000065,Bronze,104.18,False,India
CUST016143,Silver,115.02,False,Vietnam
CUST000547,Gold,585.89,False,Thailand
CUST013593,Bronze,65.16,False,Singapore
CUST001393,Silver,149.92,False,Philippines
CUST010521,Bronze,93.5,False,Indonesia
CUST000955,Silver,139.22,False,Vietnam
CUST001088,Platinum,449.33,True,Vietnam
CUST009339,Bronze,70.45,False,Indonesia
CUST012007,Bronze,117.95,False,Thailand
CUST015913,Bronze,72.04,False,Indonesia
CUST017614,Bronze,113.1,True,Vietnam
CUST005252,Bronze,39.42,True,Philippines
CUST009881,Bronze,47.12,False,India
CUST007970,Gold,215.42,True,Singapore
CUST004594,Bronze,179.01,False,India
CUST010714,Silver,82.96,False,India
CUST000127,Platinum,372.39,True,Thailand
CUST004599,Bronze,106.03,False,Philippines
CUST001971,Bronze,62.19,True,Thailand
CUST004969,Silver,143.84,False,India
CUST017416,Silver,152.63,False,Thailand
CUST006752,Silver,134.69,True,Philippines
CUST007258,Silver,223.44,False,Thailand
CUST004210,Bronze,47.13,False,Vietnam
CUST017909,Bronze,111.49,True,Thailand
CUST007621,Gold,206.67,False,Indonesia
CUST004426,Bronze,180.29,True,Thailand
CUST007627,Bronze,66.75,False,Thailand
CUST016013,Bronze,103.5,False,Philippines
CUST011528,Bronze,61.0,True,Philippines
CUST004150,Gold,333.52,True,Indonesia
CUST015697,Silver,172.94,False,India
CUST013131,Silver,226.25,False,Singapore
CUST017761,Silver,193.51,True,Indonesia
CUST017274,Platinum,380.99,True,India
CUST016316,Silver,130.31,False,Vietnam
CUST005520,Bronze,79.54,False,Indonesia
CUST015483,Platinum,324.13,True,Thailand
CUST015806,Gold,443.33,True,Indonesia
CUST015345,Bronze,61.03,True,Vietnam
CUST014387,Bronze,83.14,False,Thailand
CUST002934,Bronze,94.04,False,Indonesia
CUST007817,Bronze,76.65,False,Thailand
CUST009411,Bronze,62.03,False,Thailand
CUST012082,Bronze,48.77,False,Philippines
CUST007862,Silver,158.95,False,Singapore
CUST009863,Bronze,41.3,True,Singapore
CUST002347,Bronze,95.23,False,Vietnam
CUST012261,Bronze,51.32,False,Thailand
CUST015555,Gold,580.46,True,Indonesia
CUST016380,Silver,121.88,False,Vietnam
CUST014305,Silver,178.27,True,Singapore
CUST016893,Platinum,644.16,True,Vietnam
CUST005971,Gold,777.09,True,India
CUST003277,Bronze,116.01,False,India
CUST004704,Bronze,43.6,False,Vietnam
CUST016656,Bronze,52.99,True,Thailand
CUST017153,Gold,138.73,True,Vietnam
CUST007006,Bronze,140.83,False,Thailand
CUST015367,Platinum,989.88,True,Singapore
CUST012563,Gold,603.99,True,Indonesia
CUST012333,Silver,128.23,False,Indonesia
CUST016310,Bronze,116.5,False,Vietnam
CUST011705,Bronze,55.01,False,Vietnam
CUST002249,Silver,276.54,False,Thailand
CUST010541,Bronze,49.7,False,Philippines
CUST000449,Bronze,90.19,False,Indonesia
CUST006509,Bronze,103.5,False,Philippines
CUST005556,Bronze,169.68,False,Singapore
CUST006317,Bronze,77.55,True,Vietnam
CUST005814,Bronze,54.36,False,Thailand
CUST016585,Silver,175.93,True,Indonesia
CUST005972,Bronze,81.51,False,Indonesia
CUST012503,Bronze,110.07,True,India
CUST002164,Silver,100.62,False,Thailand
CUST010003,Bronze,91.23,False,Thailand
CUST008006,Silver,195.37,True,Thailand
CUST012847,Bronze,103.94,False,Thailand
CUST017111,Platinum,689.22,True,Indonesia
CUST009177,Bronze,103.93,True,Indonesia
CUST004950,Bronze,154.43,False,Thailand
CUST008570,Bronze,84.94,True,Singapore
CUST017666,Bronze,38.88,False,Thailand
CUST012684,Bronze,158.83,False,Vietnam
CUST007739,Platinum,417.37,True,Thailand
CUST008750,Bronze,93.86,False,India
CUST001083,Silver,147.77,True,Philippines
CUST003144,Gold,182.28,True,Vietnam
CUST000710,Platinum,174.29,True,Philippines
CUST012298,Bronze,35.76,False,Philippines
CUST006885,Bronze,125.8,True,India
CUST015408,Gold,323.97,False,Philippines
CUST011715,Bronze,88.78,False,Indonesia
CUST001198,Silver,242.54,False,Thailand
CUST007717,Gold,337.01,False,Thailand
CUST012338,Silver,80.22,True,Indonesia
CUST004449,Gold,260.59,False,Thailand
CUST014009,Silver,86.66,False,Singapore
CUST015076,Gold,280.11,False,Thailand
CUST004529,Silver,263.9,False,Vietnam
CUST016029,Silver,143.76,False,Thailand
CUST011103,Bronze,68.23,False,Indonesia
CUST004791,Bronze,94.09,True,India
CUST017620,Bronze,122.07,False,Philippines
CUST014022,Gold,263.18,False,Singapore
CUST011298,Silver,107.63,True,Indonesia
CUST004620,Bronze,97.61,False,Indonesia
CUST005866,Bronze,130.94,False,Thailand
CUST003872,Silver,206.03,False,Thailand
CUST005440,Platinum,353.58,True,Indonesia
CUST017039,Silver,78.43,False,Thailand
CUST017741,Bronze,74.51,False,Philippines
CUST002357,Silver,96.93,False,Indonesia
CUST011731,Bronze,141.55,False,Singapore
CUST014849,Gold,284.2,True,India
CUST008712,Bronze,111.02,False,Indonesia
CUST012220,Gold,397.88,True,India
CUST002598,Silver,128.64,False,Vietnam
CUST007821,Silver,190.63,False,India
CUST002888,Silver,174.01,True,Thailand
CUST010104,Bronze,50.34,False,Thailand
CUST009860,Bronze,65.51,True,Indonesia
CUST011313,Bronze,72.48,False,Philippines
CUST011561,Bronze,62.82,False,Vietnam
CUST000204,Silver,181.6,True,Philippines
CUST013776,Platinum,449.64,True,Indonesia
CUST006221,Silver,130.4,False,Philippines
CUST017925,Platinum,1104.05,True,Thailand
CUST001373,Bronze,57.31,False,India
CUST008700,Platinum,422.71,True,Singapore
CUST010990,Bronze,81.87,False,Thailand
CUST011349,Gold,151.87,True,Singapore
CUST006638,Platinum,471.33,True,India
CUST008660,Silver,88.37,True,Philippines
CUST012564,Silver,72.08,False,Philippines
CUST003304,Silver,74.58,False,Singapore
CUST000326,Bronze,82.22,False,Vietnam
CUST007139,Bronze,116.1,False,Indonesia
CUST011693,Bronze,123.35,False,Philippines
CUST006741,Bronze,86.8,False,Thailand
CUST001683,Silver,123.41,True,Philippines
CUST007850,Bronze,143.28,False,Vietnam
CUST017506,Silver,128.27,False,Indonesia
CUST001961,Bronze,80.3,False,Philippines
CUST004690,Gold,153.81,False,Singapore
CUST003790,Silver,160.45,True,Thailand
CUST013903,Bronze,74.77,False,Philippines
CUST000482,Silver,92.37,True,Singapore
CUST016205,Silver,199.37,False,Thailand
CUST005694,Bronze,46.74,False,Indonesia
CUST006094,Bronze,59.73,False,Vietnam
CUST010532,Silver,224.76,False,India
CUST001798,Silver,141.36,False,Thailand
CUST010244,Silver,213.59,False,Philippines
CUST006301,Platinum,505.07,False,Vietnam
CUST007382,Bronze,75.54,False,Indonesia
CUST016765,Silver,176.64,True,Philippines
CUST004914,Gold,137.9,True,Indonesia
CUST004588,Bronze,78.4,False,Indonesia
CUST017993,Silver,102.49,False,India
CUST007892,Bronze,181.93,False,Thailand
CUST016265,Bronze,101.68,False,Indonesia
CUST003972,Silver,115.04,False,Indonesia
CUST005542,Bronze,98.72,False,Thailand
CUST011438,Bronze,35.62,False,India
CUST014647,Bronze,132.11,False,India
CUST007933,Silver,130.57,False,Thailand
CUST005293,Bronze,123.48,True,Vietnam
CUST013407,Gold,120.16,True,Thailand
CUST008816,Bronze,58.49,False,Thailand
CUST001920,Bronze,132.8,False,Singapore
CUST004358,Silver,254.85,False,Philippines
CUST015399,Gold,215.41,False,Indonesia
CUST010240,Bronze,127.18,False,Thailand
CUST005242,Bronze,104.23,False,Vietnam
CUST007874,Bronze,85.79,False,Singapore
CUST010282,Bronze,86.42,True,Indonesia
CUST004255,Gold,224.11,True,Vietnam
CUST000922,Bronze,47.35,False,Philippines
CUST004421,Bronze,90.83,False,Singapore
CUST015613,Bronze,73.69,False,Thailand
CUST010809,Silver,252.16,False,Singapore
CUST011595,Silver,142.0,True,India
CUST003375,Gold,280.92,False,Philippines
CUST011825,Platinum,396.11,True,Philippines
CUST003949,Silver,211.4,True,Philippines
CUST014483,Gold,263.61,True,India
CUST008546,Platinum,1489.54,False,Singapore
CUST011126,Bronze,57.31,False,Indonesia
CUST003428,Platinum,477.22,True,Thailand
CUST014167,Bronze,84.76,False,Singapore
CUST013542,Silver,150.16,False,India
CUST013734,Bronze,82.71,False,Philippines
CUST013379,Bronze,45.02,False,Vietnam
CUST002214,Gold,247.25,False,Thailand
CUST000294,Bronze,102.06,False,Philippines
CUST006168,Platinum,374.01,True,Philippines
CUST002337,Bronze,67.77,False,Vietnam
CUST008848,Silver,330.32,False,Thailand
CUST003520,Bronze,112.91,False,Thailand
CUST012581,Gold,446.53,True,Indonesia
CUST013028,Silver,245.07,False,Indonesia
CUST002288,Bronze,44.59,True,Indonesia
CUST002917,Gold,761.48,True,Singapore
CUST005443,Silver,198.43,False,India
CUST012044,Silver,376.49,True,Indonesia
CUST008999,Bronze,56.83,True,Vietnam
CUST001848,Bronze,39.76,False,Thailand
CUST014553,Silver,114.37,True,Vietnam
CUST009509,Bronze,113.22,False,Thailand
CUST016738,Platinum,290.42,False,Vietnam
CUST005560,Bronze,82.19,False,Thailand
CUST013880,Gold,378.97,False,Singapore
CUST013881,Silver,133.48,True,Philippines
CUST009378,Bronze,85.52,False,Thailand
CUST010450,Bronze,96.51,False,Philippines
CUST006922,Bronze,149.69,False,Vietnam
CUST016014,Silver,123.93,False,Singapore
CUST001774,Silver,145.69,False,Vietnam
CUST015635,Bronze,97.08,True,India
CUST017296,Silver,105.64,False,Philippines
CUST001050,Silver,283.96,False,Singapore
CUST015428,Gold,138.78,False,Singapore
CUST014045,Bronze,82.71,False,Thailand
CUST004700,Gold,284.53,True,Indonesia
CUST005188,Bronze,74.82,False,Indonesia
CUST003893,Silver,220.86,True,Indonesia
CUST003348,Bronze,40.02,False,Indonesia
CUST004781,Gold,535.73,False,Vietnam
CUST007845,Bronze,84.33,False,Vietnam
CUST016526,Silver,188.01,True,Philippines
CUST006634,Bronze,86.28,True,Vietnam
CUST013520,Gold,392.31,False,India
CUST006998,Bronze,82.55,False,Singapore
CUST015811,Bronze,57.73,False,Indonesia
CUST003787,Silver,110.24,False,Vietnam
CUST015522,Platinum,483.84,True,India
CUST003587,Gold,273.99,False,Philippines
CUST009676,Bronze,48.01,False,Indonesia
CUST008111,Gold,516.64,True,Philippines
CUST008462,Silver,145.27,True,India
CUST017814,Bronze,61.89,True,India
CUST003602,Bronze,80.09,True,Philippines
CUST007201,Bronze,83.44,False,India
CUST012692,Silver,151.69,True,Vietnam
CUST014949,Gold,206.22,True,India
CUST002287,Bronze,82.95,False,Vietnam
CUST015830,Bronze,101.8,False,Philippines
CUST000971,Gold,449.05,True,Indonesia
CUST016226,Bronze,67.63,False,Indonesia
CUST014119,Silver,113.4,False,Indonesia
CUST015232,Gold,227.25,True,Indonesia
CUST009115,Gold,170.19,False,Singapore
CUST005665,Bronze,144.99,False,Philippines
CUST003734,Platinum,485.37,True,Indonesia
CUST002303,Platinum,633.44,False,Thailand
CUST002197,Gold,474.87,False,India
CUST012194,Silver,119.78,True,Thailand
CUST008009,Bronze,123.68,True,Philippines
CUST008033,Bronze,77.94,True,Indonesia
CUST011144,Bronze,42.26,False,Vietnam
CUST002905,Bronze,142.72,False,Philippines
CUST001292,Bronze,102.52,False,Indonesia
CUST003449,Bronze,89.49,False,Vietnam
CUST000808,Bronze,140.12,False,Philippines
CUST015800,Silver,185.98,True,Philippines
CUST004024,Silver,94.62,False,Thailand
CUST000015,Bronze,39.74,False,Vietnam
CUST012770,Bronze,85.54,False,Thailand
CUST007066,Silver,162.28,False,Philippines
CUST016513,Platinum,235.48,True,Indonesia
CUST015349,Platinum,225.95,True,Singapore
CUST011250,Bronze,130.14,False,Philippines
CUST016813,Silver,141.94,False,Thailand
CUST012383,Bronze,91.49,True,Vietnam
CUST007149,Gold,356.06,False,Indonesia
CUST005685,Silver,137.63,False,Indonesia
CUST003168,Bronze,85.93,False,Thailand
CUST008965,Bronze,132.02,False,India
CUST017975,Bronze,148.1,False,Vietnam
CUST002689,Bronze,60.8,False,Philippines
CUST006007,Silver,151.32,False,India
CUST016365,Silver,93.71,True,Indonesia
CUST008981,Platinum,362.99,True,Indonesia
CUST007133,Bronze,130.09,True,Indonesia
CUST007666,Silver,175.52,False,Thailand
CUST001359,Gold,227.5,False,Thailand
CUST013388,Platinum,1343.72,True,Philippines
CUST015527,Bronze,97.27,True,Philippines
CUST000639,Gold,167.9,True,Philippines
CUST000046,Bronze,117.07,True,Philippines
CUST013444,Gold,265.05,False,Singapore
CUST004911,Bronze,107.45,True,Vietnam
CUST001029,Gold,320.99,True,Philippines
CUST006077,Bronze,123.11,True,Thailand
CUST011101,Platinum,252.97,False,Thailand
CUST000409,Silver,265.91,True,Vietnam
CUST005916,Bronze,135.86,False,Thailand
CUST007924,Silver,116.99,False,India
CUST006518,Bronze,40.91,False,Vietnam
CUST012180,Bronze,86.87,False,Thailand
CUST015966,Gold,351.93,False,India
CUST017462,Silver,127.36,False,India
CUST007190,Bronze,60.76,False,Vietnam
CUST006889,Gold,648.07,False,Vietnam
CUST004804,Bronze,73.05,True,Philippines
CUST002440,Silver,109.87,False,Thailand
CUST001822,Bronze,126.21,False,Vietnam
CUST001636,Silver,153.69,True,Thailand
CUST001910,Silver,72.7,False,Thailand
CUST009107,Silver,134.75,False,Vietnam
CUST012183,Bronze,153.29,True,Philippines
CUST010174,Gold,504.82,False,Vietnam
CUST006150,Silver,111.7,True,Thailand
CUST011176,Bronze,139.57,False,Thailand
CUST005841,Bronze,166.89,False,Philippines
CUST017210,Bronze,123.63,False,Thailand
CUST001124,Silver,112.16,False,Thailand
CUST013816,Bronze,64.75,False,Vietnam
CUST011939,Gold,427.53,True,Singapore
CUST000803,Bronze,175.35,False,Philippines
CUST003014,Bronze,123.2,False,Thailand
CUST016633,Bronze,42.26,True,Singapore
CUST007906,Bronze,157.07,True,Philippines
CUST003937,Gold,356.02,True,Indonesia
CUST008257,Bronze,117.9,False,Indonesia
CUST017126,Gold,382.22,True,Vietnam
CUST008774,Bronze,53.55,False,Thailand
CUST012998,Bronze,108.89,True,India
CUST014700,Bronze,149.09,False,India
CUST008268,Bronze,111.34,False,Vietnam
CUST016420,Bronze,77.81,False,India
CUST011311,Platinum,516.49,True,Thailand
CUST013871,Bronze,130.13,True,Thailand
CUST013610,Silver,188.53,False,India
CUST000608,Bronze,57.56,True,Thailand
CUST015584,Bronze,72.24,False,India
CUST012944,Bronze,88.01,False,Indonesia
CUST014103,Bronze,51.83,False,Thailand
CUST007913,Bronze,53.24,False,Thailand
CUST013230,Bronze,82.45,False,Thailand
CUST003761,Platinum,260.2,True,Indonesia
CUST016686,Bronze,50.98,True,Vietnam
CUST011699,Bronze,54.67,False,Philippines
CUST002329,Bronze,64.46,False,India
CUST004848,Silver,234.66,True,Thailand
CUST002170,Bronze,62.75,False,Thailand
CUST011271,Silver,296.6,False,Philippines
CUST013724,Bronze,56.09,False,Thailand
CUST015462,Gold,349.2,False,Vietnam
CUST014715,Bronze,149.0,False,Thailand
CUST015677,Silver,259.39,False,Thailand
CUST007607,Silver,94.39,False,Thailand
CUST002027,Bronze,111.47,False,Indonesia
CUST009603,Platinum,502.47,False,India
CUST010303,Platinum,325.75,True,Vietnam
CUST005570,Bronze,38.79,False,Philippines
CUST000980,Gold,293.32,False,Singapore
CUST017098,Silver,162.82,False,India
CUST008668,Bronze,78.87,True,Thailand
CUST016068,Silver,142.95,False,Singapore
CUST016368,Bronze,66.38,False,Indonesia
CUST000370,Bronze,63.15,True,Vietnam
CUST007344,Silver,155.41,True,Philippines
CUST013279,Bronze,91.68,False,Singapore
CUST007482,Platinum,361.25,True,Vietnam
CUST009982,Platinum,658.46,False,Singapore
CUST007062,Gold,437.3,True,Thailand
CUST017074,Bronze,113.65,False,Philippines
CUST015863,Bronze,79.89,True,India
CUST004604,Bronze,79.66,False,Vietnam
CUST008099,Bronze,63.02,False,Thailand
CUST005042,Bronze,91.93,False,Thailand
CUST013754,Bronze,74.13,False,Indonesia
CUST012394,Silver,172.51,False,Thailand
CUST002063,Platinum,385.86,True,Thailand
CUST004618,Platinum,148.02,False,Indonesia
CUST017061,Bronze,53.48,False,Indonesia
CUST007840,Platinum,412.77,False,Philippines
CUST008474,Bronze,64.03,False,Vietnam
CUST008971,Bronze,68.39,False,Thailand
CUST008225,Silver,161.26,False,Singapore
CUST017777,Silver,114.06,False,Singapore
CUST001375,Silver,106.94,False,Vietnam
CUST000551,Bronze,110.92,False,Indonesia
CUST003183,Bronze,51.38,False,Thailand
CUST014353,Silver,104.83,False,Indonesia
CUST010077,Gold,411.0,False,Vietnam
CUST006346,Bronze,63.47,True,Philippines
CUST016234,Silver,146.75,False,Indonesia
CUST004430,Gold,501.74,True,Thailand
CUST005903,Gold,235.69,True,Thailand
CUST012739,Bronze,71.83,False,Thailand
CUST008980,Platinum,347.58,True,Thailand
CUST008089,Bronze,82.37,False,India
CUST015724,Silver,239.18,True,India
CUST005964,Bronze,66.79,True,Philippines
CUST016209,Bronze,192.58,False,Indonesia
CUST011224,Silver,256.53,False,Indonesia
CUST008334,Platinum,278.23,False,Indonesia
CUST009874,Platinum,727.18,True,Vietnam
CUST012219,Silver,230.88,False,Indonesia
CUST009492,Bronze,126.39,True,Thailand
CUST007743,Platinum,747.42,True,Thailand
CUST001518,Platinum,1054.54,True,Thailand
CUST006052,Bronze,93.63,False,Indonesia
CUST005862,Bronze,46.61,False,Singapore
CUST017928,Bronze,67.08,False,Thailand
CUST008131,Silver,245.56,True,Thailand
CUST009822,Silver,203.35,True,Singapore
CUST011771,Bronze,99.14,False,Philippines
CUST011337,Bronze,71.42,False,Thailand
CUST006256,Bronze,95.57,False,Vietnam
CUST003422,Bronze,81.01,False,Philippines
CUST012959,Silver,126.36,False,Vietnam
CUST009567,Silver,128.2,False,Vietnam
CUST016562,Platinum,388.25,True,India
CUST006497,Bronze,78.48,False,India
CUST000795,Silver,262.12,True,Indonesia
CUST010518,Platinum,242.31,True,Vietnam
CUST013213,Silver,194.9,False,Thailand
CUST011567,Silver,199.55,True,Indonesia
CUST017899,Silver,103.11,True,Thailand
CUST002645,Platinum,431.69,True,Indonesia
CUST005575,Gold,379.12,True,Singapore
CUST006013,Bronze,51.47,False,Thailand
CUST015089,Silver,123.8,True,India
CUST014923,Platinum,350.23,True,Indonesia
CUST016942,Bronze,96.1,False,Indonesia
CUST016213,Bronze,71.41,False,India
CUST007692,Bronze,94.55,True,Thailand
CUST001244,Bronze,37.26,False,Indonesia
CUST014296,Silver,91.98,True,Singapore
CUST009688,Bronze,49.07,False,Vietnam
CUST013112,Platinum,451.25,True,Philippines
CUST002032,Gold,190.19,True,Philippines
CUST005441,Bronze,75.6,False,Philippines
CUST002438,Bronze,86.11,False,Thailand
CUST014835,Platinum,1201.17,True,Thailand
CUST016848,Gold,252.89,True,India
CUST005934,Silver,96.31,False,Vietnam
CUST011933,Gold,314.24,True,Thailand
CUST010277,Silver,223.56,False,Singapore
CUST005810,Bronze,172.62,False,Singapore
CUST017767,Silver,95.36,False,Philippines
CUST012092,Gold,377.89,False,Vietnam
CUST012508,Silver,227.97,True,Philippines
CUST009096,Platinum,287.37,False,Indonesia
CUST001130,Silver,144.53,True,India
CUST000518,Gold,271.56,True,Thailand
CUST007492,Silver,187.5,False,Indonesia
CUST007042,Silver,197.95,True,Vietnam
CUST017093,Silver,93.97,True,Vietnam
CUST000556,Bronze,129.51,True,Philippines
CUST011546,Platinum,476.9,True,Thailand
CUST009182,Bronze,28.48,True,Indonesia
CUST012570,Bronze,53.14,False,Thailand
CUST004624,Silver,198.12,True,Indonesia
CUST013365,Bronze,93.91,True,Vietnam
CUST010265,Silver,133.3,False,Philippines
CUST012273,Gold,198.86,True,Indonesia
CUST005661,Platinum,528.83,True,Philippines
CUST012236,Bronze,94.67,False,Indonesia
CUST016267,Bronze,92.84,False,Thailand
CUST000910,Silver,99.87,True,Indonesia
CUST013189,Gold,643.45,True,Indonesia
CUST000566,Silver,93.42,True,Indonesia
CUST007180,Silver,146.43,True,Vietnam
CUST004040,Bronze,79.36,False,Vietnam
CUST003868,Bronze,38.22,False,Vietnam
CUST005576,Bronze,90.28,False,Thailand
CUST014018,Bronze,62.57,False,Indonesia
CUST007888,Silver,137.29,False,Vietnam
CUST010036,Bronze,62.69,False,Thailand
CUST001759,Silver,219.62,True,Vietnam
CUST000899,Bronze,87.83,False,India
CUST008759,Bronze,50.18,False,India
CUST013248,Bronze,80.71,False,Thailand
CUST017226,Bronze,92.96,False,Indonesia
CUST016259,Bronze,59.15,True,Vietnam
CUST006253,Bronze,76.43,False,Vietnam
CUST006122,Bronze,38.05,False,Singapore
CUST009768,Silver,128.11,False,Singapore
CUST003368,Bronze,63.68,False,Philippines
CUST013534,Silver,224.01,False,Vietnam
CUST010616,Bronze,27.1,False,Singapore
CUST007032,Bronze,100.49,False,Thailand
CUST016091,Platinum,550.84,True,Vietnam
CUST016156,Bronze,86.44,True,Vietnam
CUST010050,Silver,240.83,False,Indonesia
CUST009984,Silver,189.07,True,Philippines
CUST016518,Bronze,54.29,False,Indonesia
CUST007323,Silver,238.03,False,Thailand
CUST011957,Platinum,900.86,True,Singapore
CUST012036,Silver,223.08,False,Indonesia
CUST007488,Silver,136.61,True,Philippines
CUST006022,Gold,376.46,True,Philippines
CUST003831,Platinum,526.52,True,India
CUST012825,Bronze,83.03,False,Philippines
CUST009375,Bronze,43.69,False,India
CUST004190,Bronze,45.26,False,Indonesia
CUST013864,Bronze,139.61,False,Vietnam
CUST014322,Bronze,67.25,False,Thailand
CUST004333,Bronze,88.76,False,Thailand
CUST007231,Bronze,105.16,False,Singapore
CUST009609,Silver,66.94,False,Singapore
CUST015018,Gold,192.26,False,Philippines
CUST014855,Bronze,72.62,True,India
CUST002495,Bronze,75.2,False,India
CUST015526,Bronze,45.37,True,Vietnam
CUST003710,Gold,302.12,False,Indonesia
CUST007220,Bronze,49.06,False,Singapore
CUST012718,Silver,193.9,False,Vietnam
CUST011046,Bronze,208.53,False,Vietnam
CUST006532,Bronze,39.19,False,Indonesia
CUST017601,Gold,348.49,False,Thailand
CUST001987,Bronze,42.28,False,India
CUST000341,Bronze,54.48,False,India
CUST010680,Platinum,519.55,False,Thailand
CUST005851,Bronze,60.94,False,India
CUST016229,Silver,184.33,False,India
CUST007571,Silver,439.07,False,Thailand
CUST003697,Silver,112.86,True,Philippines
CUST008531,Bronze,59.96,False,Indonesia
CUST009442,Gold,281.65,False,Vietnam
CUST004100,Silver,87.76,False,Indonesia
CUST002903,Silver,173.57,True,Thailand
CUST008452,Silver,86.01,False,Vietnam
CUST002327,Bronze,54.09,False,Vietnam
CUST013661,Bronze,63.94,False,Indonesia
CUST011001,Bronze,56.67,False,Singapore
CUST006878,Bronze,50.39,False,Philippines
CUST003675,Bronze,150.16,False,Singapore
CUST012179,Gold,289.58,True,India
CUST008943,Platinum,405.96,True,Vietnam
CUST001678,Silver,84.29,False,Singapore
CUST009356,Gold,296.74,True,India
CUST013574,Platinum,757.03,False,India
CUST009164,Gold,168.43,True,Indonesia
CUST005532,Bronze,33.5,True,Thailand
CUST006907,Bronze,50.33,False,India
CUST016894,Silver,230.92,False,India
CUST006242,Silver,118.15,False,India
CUST005981,Silver,158.8,True,Thailand
CUST006557,Bronze,223.87,False,Philippines
CUST002450,Silver,90.58,False,Vietnam
CUST016304,Bronze,60.62,False,Vietnam
CUST008484,Gold,459.91,True,Thailand
CUST017837,Gold,247.84,True,Thailand
CUST011476,Gold,393.91,False,Thailand
CUST014815,Bronze,76.92,False,Thailand
CUST001845,Bronze,233.54,False,Vietnam
CUST011314,Bronze,94.15,False,Indonesia
CUST009913,Bronze,60.08,False,India
CUST007401,Silver,334.42,True,India
CUST013334,Silver,191.33,False,Philippines
CUST009840,Bronze,62.03,False,India
CUST003180,Bronze,55.5,True,Thailand
CUST013326,Bronze,49.46,False,Thailand
CUST003347,Bronze,53.63,True,Thailand
CUST005023,Bronze,108.86,False,Vietnam
CUST002962,Bronze,66.33,False,Indonesia
CUST017309,Silver,161.09,False,Vietnam
CUST016875,Silver,206.66,False,India
CUST017451,Bronze,66.86,False,Indonesia
CUST010313,Silver,200.83,True,Thailand
CUST013033,Gold,340.88,True,Thailand
CUST006401,Bronze,68.54,False,Indonesia
CUST009911,Gold,490.67,False,Vietnam
CUST007846,Bronze,108.94,False,Philippines
CUST007390,Gold,361.96,True,Thailand
CUST013305,Platinum,445.77,True,Singapore
CUST006720,Silver,148.63,False,Philippines
CUST010807,Silver,214.54,False,India
CUST002362,Bronze,76.14,False,Thailand
CUST001551,Silver,69.23,True,Singapore
CUST013953,Gold,256.86,False,Vietnam
CUST011473,Bronze,63.44,True,Singapore
CUST014237,Bronze,64.16,False,Vietnam
CUST016653,Gold,422.36,True,India
CUST016868,Silver,92.62,True,Vietnam
CUST014255,Bronze,51.61,False,Philippines
CUST013270,Bronze,77.72,False,Vietnam
CUST008375,Bronze,66.96,False,India
CUST005090,Silver,263.15,False,Indonesia
CUST016660,Silver,113.86,False,Vietnam
CUST017445,Silver,106.99,True,Indonesia
CUST011559,Silver,131.84,True,Philippines
CUST006612,Platinum,292.75,True,Philippines
CUST011413,Silver,261.67,True,Thailand
CUST000220,Platinum,423.23,True,Vietnam
CUST007686,Platinum,911.8,True,Indonesia
CUST000181,Gold,282.77,True,Indonesia
CUST006655,Silver,161.9,True,India
CUST009896,Silver,37.88,True,India
CUST011861,Silver,137.88,True,Indonesia
CUST004386,Bronze,108.03,False,Vietnam
CUST001928,Gold,135.23,False,Thailand
CUST012035,Silver,86.47,True,Singapore
CUST001009,Gold,386.09,True,India
CUST015365,Gold,409.99,True,Thailand
CUST007230,Gold,230.25,False,India
CUST002805,Silver,179.72,False,India
CUST010122,Bronze,70.18,False,Indonesia
CUST011623,Bronze,52.43,False,Vietnam
CUST003881,Bronze,176.87,False,Thailand
CUST000883,Bronze,21.95,False,Singapore
CUST003925,Silver,242.48,False,Singapore
CUST004977,Silver,70.69,False,Thailand
CUST011120,Bronze,54.3,True,Vietnam
CUST015009,Bronze,65.91,False,Vietnam
CUST000787,Platinum,598.91,True,Indonesia
CUST002084,Bronze,118.39,True,Vietnam
CUST001604,Silver,189.1,False,Thailand
CUST002767,Silver,110.94,True,Philippines
CUST010934,Gold,314.16,True,Thailand
CUST015110,Silver,138.98,False,Thailand
CUST003529,Bronze,60.81,False,Singapore
CUST009793,Silver,298.61,True,Thailand
CUST005849,Silver,184.09,True,Indonesia
CUST002857,Bronze,83.51,False,Vietnam
CUST007418,Gold,225.99,False,Philippines
CUST016319,Bronze,38.14,False,Indonesia
CUST006554,Gold,269.41,True,Philippines
CUST001273,Bronze,76.42,False,Philippines
CUST012353,Platinum,576.25,True,Philippines
CUST004045,Silver,182.23,True,Thailand
CUST011733,Silver,92.02,False,Indonesia
CUST010370,Bronze,130.08,False,India
CUST002017,Gold,309.43,True,Vietnam
CUST009963,Bronze,51.93,False,Vietnam
CUST000601,Bronze,72.74,False,Indonesia
CUST008752,Bronze,105.6,True,Thailand
CUST017701,Bronze,98.38,False,Thailand
CUST000750,Silver,77.07,False,Vietnam
CUST016289,Silver,120.09,True,Philippines
CUST010690,Bronze,65.68,False,Indonesia
CUST001972,Bronze,57.14,False,India
CUST003020,Bronze,111.78,False,Indonesia
CUST012201,Bronze,66.58,False,Thailand
CUST002038,Gold,247.03,True,Indonesia
CUST006476,Bronze,107.13,False,Singapore
CUST010097,Bronze,97.03,True,India
CUST007954,Gold,243.31,False,Thailand
CUST006928,Gold,236.04,True,Philippines
CUST001005,Platinum,563.88,True,Thailand
CUST011849,Silver,242.27,False,India
CUST012021,Bronze,99.75,False,Vietnam
CUST008238,Gold,474.31,True,Vietnam
CUST012454,Bronze,77.54,True,Thailand
CUST015058,Platinum,953.93,False,Indonesia
CUST005836,Platinum,793.27,True,Philippines
CUST000706,Bronze,57.7,False,Indonesia
CUST003778,Bronze,71.73,False,Philippines
CUST010337,Bronze,82.49,False,India
CUST004831,Bronze,73.01,False,Singapore
CUST000025,Platinum,365.37,False,Indonesia
CUST012638,Bronze,92.84,False,Vietnam
CUST007181,Silver,99.06,True,Indonesia
CUST010755,Platinum,405.1,True,Thailand
CUST010325,Silver,151.73,False,Vietnam
CUST011256,Bronze,55.81,True,Philippines
CUST013998,Silver,406.36,True,Vietnam
CUST003097,Gold,378.95,False,Thailand
CUST005865,Bronze,107.61,True,Indonesia
CUST010757,Silver,149.39,False,India
CUST008580,Bronze,74.46,False,Thailand
CUST004051,Bronze,77.6,False,India
CUST007712,Silver,82.21,False,Thailand
CUST015746,Silver,164.35,True,Indonesia
CUST000423,Silver,231.24,False,Vietnam
CUST010250,Bronze,106.64,False,India
CUST017617,Bronze,63.7,False,Vietnam
CUST002003,Silver,98.18,False,Singapore
CUST016803,Platinum,498.44,True,Philippines
CUST016039,Bronze,36.94,False,Philippines
CUST003441,Silver,129.93,True,Thailand
CUST005480,Bronze,87.7,False,Philippines
CUST012106,Gold,378.21,False,India
CUST008164,Bronze,45.31,False,Philippines
CUST002751,Bronze,43.48,False,Indonesia
CUST009829,Gold,602.4,True,Indonesia
CUST004106,Silver,318.29,True,Philippines
CUST011565,Platinum,713.9,True,Thailand
CUST008081,Gold,361.47,True,Indonesia
CUST014892,Silver,242.41,False,Vietnam
CUST012356,Bronze,66.13,True,Singapore
CUST006808,Bronze,116.52,False,Vietnam
CUST008044,Silver,208.78,False,India
CUST009433,Gold,375.1,True,Singapore
CUST006572,Bronze,102.87,True,Philippines
CUST014544,Silver,145.59,True,Philippines
CUST007004,Bronze,60.4,True,India
CUST004717,Bronze,90.79,False,India
CUST009686,Bronze,121.65,True,Indonesia
CUST013983,Silver,144.57,True,India
CUST004311,Bronze,37.76,False,Singapore
CUST002143,Bronze,93.38,False,India
CUST002525,Platinum,1124.71,True,India
CUST001104,Bronze,87.37,False,Thailand
CUST008528,Gold,216.85,True,Philippines
CUST012218,Gold,218.96,True,Vietnam
CUST014944,Platinum,485.28,True,India
CUST012400,Silver,94.79,True,India
CUST017843,Silver,89.27,False,Singapore
CUST017295,Bronze,57.43,True,Thailand
CUST017944,Platinum,752.7,True,Thailand
CUST010706,Bronze,118.44,False,Singapore
CUST007832,Bronze,77.9,False,Vietnam
CUST004585,Bronze,45.71,True,Philippines
CUST014281,Silver,143.56,False,Indonesia
CUST005920,Bronze,76.29,False,Indonesia
CUST006415,Bronze,32.31,False,Indonesia
CUST015139,Bronze,108.04,False,Philippines
CUST003915,Gold,234.63,False,Vietnam
CUST014833,Silver,92.33,True,India
CUST014243,Gold,243.38,True,Thailand
CUST016363,Platinum,660.13,False,India
CUST009701,Bronze,105.6,False,Thailand
CUST014404,Bronze,63.26,False,Vietnam
CUST015114,Silver,144.76,False,Vietnam
CUST001727,Silver,225.38,False,Singapore
CUST005651,Silver,130.58,True,Thailand
CUST001721,Bronze,115.49,False,India
CUST008867,Silver,195.42,False,Thailand
CUST001950,Gold,358.47,False,Vietnam
CUST001327,Bronze,93.03,False,Vietnam
CUST002954,Silver,119.21,True,Philippines
CUST017276,Bronze,92.64,False,Philippines
CUST010815,Bronze,96.22,False,Vietnam
CUST012016,Bronze,112.75,False,Thailand
CUST014542,Platinum,579.02,True,Indonesia
CUST008858,Silver,39.77,True,Thailand
CUST004059,Gold,406.67,True,Vietnam
CUST007413,Bronze,99.65,False,Indonesia
CUST014341,Silver,114.84,True,India
CUST011990,Gold,200.41,True,India
CUST000813,Bronze,80.55,True,Indonesia
CUST005195,Bronze,70.38,False,Singapore
CUST017969,Silver,83.33,True,Indonesia
CUST007426,Bronze,116.45,False,Thailand
CUST011660,Platinum,291.94,True,India
CUST017209,Bronze,29.42,False,Philippines
CUST007480,Silver,335.68,False,Philippines
CUST009715,Silver,183.48,False,India
CUST012476,Bronze,66.43,False,Singapore
CUST005946,Gold,214.14,False,India
CUST008461,Gold,144.46,False,Thailand
CUST004648,Gold,289.96,True,Indonesia
CUST011560,Gold,307.5,True,Vietnam
CUST000617,Bronze,106.83,False,Thailand
CUST006589,Bronze,55.15,False,Indonesia
CUST011688,Bronze,54.22,True,Philippines
CUST003735,Silver,158.72,True,India
CUST013400,Bronze,56.12,False,Indonesia
CUST015431,Gold,577.73,False,Singapore
CUST004581,Bronze,111.92,False,Indonesia
CUST017398,Bronze,118.08,False,Philippines
CUST008703,Bronze,126.8,False,Vietnam
CUST009134,Bronze,45.45,True,India
CUST005733,Bronze,62.0,False,Philippines
CUST000201,Bronze,42.77,True,Thailand
CUST001795,Bronze,135.46,False,Thailand
CUST013872,Bronze,55.76,False,India
CUST007542,Silver,393.13,False,Thailand
CUST004616,Silver,85.93,True,Indonesia
CUST001028,Gold,171.25,False,Vietnam
CUST000105,Gold,411.87,True,Thailand
CUST009090,Silver,148.37,False,Philippines
CUST000010,Bronze,106.11,False,Philippines
CUST015638,Gold,303.01,True,Thailand
CUST015381,Bronze,68.82,False,India
CUST004038,Bronze,89.93,False,Vietnam
CUST007377,Bronze,40.46,True,Philippines
CUST004418,Bronze,102.32,False,Philippines
CUST013912,Bronze,47.01,True,Thailand
CUST000378,Platinum,249.59,True,Singapore
CUST010322,Silver,125.21,True,Philippines
CUST015055,Bronze,60.02,False,Philippines
CUST001297,Gold,280.72,True,Philippines
CUST014578,Gold,142.4,False,Indonesia
CUST009287,Platinum,341.88,True,India
CUST003167,Bronze,107.18,False,Indonesia
CUST017155,Platinum,597.08,True,Vietnam
CUST016184,Bronze,84.71,False,Indonesia
CUST000621,Silver,273.67,False,Thailand
CUST011222,Bronze,90.32,True,Thailand
CUST001014,Bronze,89.93,False,Singapore
CUST010416,Silver,254.43,True,Indonesia
CUST016313,Bronze,72.29,False,Thailand
CUST015788,Bronze,112.2,False,India
CUST011184,Silver,245.55,True,Philippines
CUST002577,Bronze,111.17,True,Vietnam
CUST016202,Gold,233.51,True,India
CUST008796,Gold,249.42,False,Vietnam
CUST017040,Gold,268.05,True,Philippines
CUST010330,Bronze,33.4,False,Thailand
CUST007144,Bronze,58.9,False,India
CUST008728,Bronze,64.31,False,Philippines
CUST000818,Silver,272.38,True,Thailand
CUST008956,Bronze,71.57,False,Thailand
CUST014301,Bronze,106.39,False,Philippines
CUST007579,Bronze,91.09,False,Thailand
CUST008259,Bronze,47.79,False,Singapore
CUST015769,Platinum,411.88,False,Vietnam
CUST001623,Bronze,88.47,False,Singapore
CUST017023,Bronze,105.9,False,India
CUST009313,Bronze,110.03,False,Thailand
CUST002500,Platinum,571.99,False,Philippines
CUST011156,Platinum,980.82,True,Vietnam
CUST008163,Silver,209.27,False,Vietnam
CUST000557,Gold,341.13,False,Vietnam
CUST013174,Gold,267.57,True,Indonesia
CUST000809,Bronze,117.75,False,Philippines
CUST007293,Platinum,380.65,True,Indonesia
CUST004052,Bronze,75.15,True,Thailand
CUST000114,Gold,137.51,False,Singapore
CUST008028,Silver,200.62,True,Vietnam
CUST012306,Platinum,502.65,False,Thailand
CUST015012,Silver,164.55,False,Philippines
CUST006286,Silver,154.22,True,Thailand
CUST009957,Bronze,96.22,False,India
CUST004369,Bronze,54.09,False,Philippines
CUST004951,Bronze,157.18,False,Thailand
CUST006851,Bronze,82.47,False,Vietnam
CUST007762,Silver,149.97,False,Vietnam
CUST003431,Silver,97.74,True,Singapore
CUST001591,Silver,97.95,False,Indonesia
CUST007834,Silver,181.65,True,Philippines
CUST001568,Bronze,53.27,True,Indonesia
CUST013226,Bronze,93.11,False,Thailand
CUST002775,Bronze,112.92,False,Vietnam
CUST011133,Gold,272.91,True,Indonesia
CUST012099,Gold,247.93,True,Singapore
CUST013826,Silver,127.41,False,India
CUST009842,Silver,195.45,True,Vietnam
CUST017955,Silver,105.52,True,Indonesia
CUST011410,Silver,151.1,False,Indonesia
CUST005911,Bronze,85.34,False,Indonesia
CUST016300,Bronze,53.98,False,Thailand
CUST003018,Gold,151.14,True,Singapore
CUST010293,Silver,133.19,False,India
CUST010326,Gold,361.14,False,Vietnam
CUST014024,Bronze,53.04,True,Thailand
CUST003412,Platinum,611.56,True,Indonesia
CUST013144,Silver,149.74,False,Thailand
CUST016120,Bronze,56.22,False,Thailand
CUST003112,Silver,86.34,True,Vietnam
CUST007233,Silver,163.45,False,Thailand
CUST013648,Silver,247.8,False,Indonesia
CUST001410,Bronze,58.13,False,Philippines
CUST005909,Bronze,81.58,True,Indonesia
CUST007715,Gold,260.09,False,Indonesia
CUST002971,Gold,342.84,True,Thailand
CUST009666,Bronze,105.71,True,Indonesia
CUST011265,Platinum,440.82,True,Philippines
CUST004443,Bronze,79.59,False,Singapore
CUST010562,Bronze,156.56,False,Vietnam
CUST011420,Bronze,121.23,False,Vietnam
CUST015430,Bronze,42.35,False,Philippines
CUST007449,Platinum,1116.62,True,India
CUST014121,Bronze,71.34,False,Singapore
CUST011924,Silver,212.28,False,Thailand
CUST009083,Bronze,167.44,False,Singapore
CUST016129,Silver,127.09,False,Thailand
CUST012167,Gold,751.82,False,Indonesia
CUST013067,Bronze,112.47,False,Thailand
CUST003228,Bronze,62.39,False,Indonesia
CUST015671,Silver,340.18,True,Vietnam
CUST017526,Bronze,127.26,False,Philippines
CUST015879,Gold,593.11,True,Indonesia
CUST011960,Bronze,49.25,False,India
CUST004118,Gold,318.14,False,Indonesia
CUST012240,Silver,143.15,True,Vietnam
CUST010885,Gold,632.04,False,Vietnam
CUST013659,Platinum,211.2,True,Vietnam
CUST013148,Platinum,447.75,True,Thailand
CUST008236,Silver,169.85,True,Philippines
CUST003970,Platinum,390.3,True,India
CUST007018,Silver,81.27,True,Vietnam
CUST011730,Silver,205.09,True,Vietnam
CUST003640,Bronze,44.62,False,Vietnam
CUST002782,Bronze,104.34,True,Singapore
CUST006958,Bronze,113.28,False,Indonesia
CUST012549,Silver,269.96,False,Vietnam
CUST007855,Silver,135.89,True,Philippines
CUST007911,Bronze,111.05,True,Thailand
CUST012321,Bronze,57.75,False,Thailand
CUST016051,Bronze,111.07,False,Indonesia
CUST011431,Bronze,40.99,False,Vietnam
CUST002241,Bronze,94.24,False,Philippines
CUST000472,Bronze,66.62,False,Indonesia
CUST010115,Platinum,357.01,True,Indonesia
CUST005266,Gold,857.14,True,Indonesia
CUST007305,Bronze,71.75,False,Indonesia
CUST002451,Bronze,203.42,False,Thailand
CUST009805,Bronze,72.14,False,Thailand
CUST015248,Bronze,96.85,False,Vietnam
CUST007657,Silver,115.93,False,Vietnam
CUST006035,Silver,147.74,True,Vietnam
CUST013737,Bronze,57.22,False,Indonesia
CUST006757,Silver,136.14,False,Vietnam
CUST002914,Bronze,108.21,False,Vietnam
CUST002831,Gold,384.96,True,Thailand
CUST010631,Platinum,494.59,True,Thailand
CUST002668,Bronze,52.88,False,Indonesia
CUST007903,Platinum,532.76,True,Singapore
CUST003151,Platinum,347.96,True,Singapore
CUST003314,Bronze,139.07,False,Vietnam
CUST005086,Gold,514.88,False,India
CUST002399,Bronze,109.55,False,Thailand
CUST000956,Bronze,115.25,False,Philippines
CUST007278,Silver,113.45,False,Thailand
CUST005876,Silver,113.87,False,India
CUST011081,Bronze,85.87,True,Thailand
CUST005005,Platinum,391.99,True,Singapore
CUST003755,Gold,232.37,True,India
CUST016241,Bronze,83.73,False,Indonesia
CUST011855,Bronze,51.46,False,Indonesia
CUST001006,Gold,313.5,True,Philippines
CUST011174,Bronze,72.26,False,Indonesia
CUST007510,Bronze,81.02,False,Indonesia
CUST015468,Silver,141.8,False,Indonesia
CUST004474,Gold,236.93,True,Indonesia
CUST006303,Bronze,79.03,False,Indonesia
CUST008050,Platinum,502.53,True,Vietnam
CUST002127,Bronze,115.26,False,Vietnam
CUST008813,Bronze,79.4,False,Indonesia
CUST008714,Bronze,66.99,False,Vietnam
CUST004549,Gold,257.88,True,Philippines
CUST002465,Gold,395.85,True,Indonesia
CUST009121,Silver,321.1,False,Philippines
CUST007788,Platinum,711.99,True,Philippines
CUST005725,Bronze,149.29,True,Singapore
CUST004253,Bronze,64.01,True,Vietnam
CUST002803,Gold,631.16,False,Vietnam
CUST001349,Bronze,64.39,False,Vietnam
CUST008709,Bronze,112.64,False,India
CUST017763,Bronze,70.2,False,Thailand
CUST003457,Gold,713.16,True,India
CUST004800,Platinum,850.53,True,Singapore
CUST017404,Bronze,95.69,False,Singapore
CUST004602,Gold,353.18,True,Vietnam
CUST004480,Silver,136.64,True,Singapore
CUST002486,Gold,280.93,False,Vietnam
CUST005591,Bronze,48.24,False,Philippines
CUST003641,Bronze,51.09,False,Thailand
CUST013314,Silver,96.83,False,Indonesia
CUST009432,Bronze,182.11,True,Thailand
CUST003601,Silver,180.02,False,Vietnam
CUST011382,Bronze,106.16,False,Philippines
CUST007902,Silver,157.65,True,India
CUST013885,Gold,373.15,True,Singapore
CUST006913,Gold,335.4,True,Indonesia
CUST006582,Gold,642.58,False,Thailand
CUST008407,Silver,171.66,True,Indonesia
CUST006086,Bronze,112.01,False,Thailand
CUST002604,Silver,204.66,False,India
CUST003723,Platinum,315.98,True,Philippines
CUST001378,Silver,186.65,False,Indonesia
CUST003355,Silver,162.44,False,India
CUST014995,Platinum,338.8,True,Philippines
CUST000421,Silver,208.65,True,Vietnam
CUST013622,Gold,434.02,True,Thailand
CUST002076,Bronze,68.16,False,India
CUST002515,Gold,150.31,False,Singapore
CUST013760,Silver,192.25,False,Singapore
CUST010707,Silver,186.5,True,Indonesia
CUST006606,Gold,234.89,True,Philippines
CUST004564,Silver,146.3,False,Thailand
CUST016356,Gold,238.28,True,Indonesia
CUST008065,Bronze,172.73,False,Vietnam
CUST001354,Platinum,326.23,True,India
CUST006657,Gold,241.86,True,Singapore
CUST002978,Silver,128.24,False,Philippines
CUST007935,Bronze,120.71,False,Vietnam
CUST000644,Silver,121.6,False,Indonesia
CUST017192,Gold,256.51,False,Thailand
CUST016976,Bronze,106.7,False,Singapore
CUST012927,Silver,192.81,False,Vietnam
CUST003696,Bronze,55.61,False,Thailand
CUST004985,Gold,588.12,True,Thailand
CUST001931,Bronze,90.42,False,India
CUST001492,Bronze,75.1,False,Vietnam
CUST013427,Bronze,104.62,False,Singapore
CUST013494,Bronze,160.98,False,Philippines
CUST015716,Platinum,943.85,True,Thailand
CUST016658,Bronze,90.97,False,Vietnam
CUST016102,Bronze,47.96,False,Philippines
CUST007932,Bronze,58.08,False,Vietnam
CUST009956,Gold,622.95,False,India
CUST014300,Platinum,1130.32,True,Singapore
CUST016247,Bronze,45.44,False,Vietnam
CUST016540,Silver,154.77,False,Thailand
CUST015702,Bronze,106.42,False,Indonesia
CUST003090,Silver,101.37,True,Vietnam
CUST003479,Bronze,107.69,False,India
CUST013018,Silver,106.18,True,India
CUST000626,Bronze,39.64,False,Vietnam
CUST017315,Silver,117.9,True,India
CUST017498,Silver,209.24,False,India
CUST010743,Silver,118.21,True,India
CUST005460,Bronze,77.18,False,Philippines
CUST005613,Gold,426.92,True,Indonesia
CUST005829,Bronze,84.97,True,Singapore
CUST007059,Platinum,435.1,True,India
CUST012368,Bronze,126.36,False,Thailand
CUST015961,Bronze,103.16,False,India
CUST017402,Silver,66.32,False,Vietnam
CUST015006,Bronze,89.61,False,India
CUST002497,Bronze,121.8,False,Vietnam
CUST014012,Bronze,70.91,True,Thailand
CUST006431,Gold,222.45,True,Philippines
CUST002369,Bronze,99.6,False,India
CUST017800,Gold,430.39,False,Vietnam
CUST013266,Platinum,463.15,True,Vietnam
CUST002157,Platinum,613.6,True,Thailand
CUST013653,Silver,275.05,False,Indonesia
CUST010640,Bronze,25.7,False,Vietnam
CUST014909,Bronze,155.93,False,Vietnam
CUST008385,Platinum,450.92,True,Vietnam
CUST008574,Silver,180.19,False,Thailand
CUST003260,Bronze,109.25,True,India
CUST012440,Silver,143.22,True,India
CUST017187,Platinum,675.57,True,Thailand
CUST012216,Bronze,112.33,True,Thailand
CUST009055,Bronze,72.1,False,Singapore
CUST006796,Silver,106.11,True,Indonesia
CUST007271,Silver,323.78,False,Philippines
CUST005537,Silver,249.12,False,Singapore
CUST009069,Silver,107.7,False,Indonesia
CUST007576,Gold,150.89,True,Vietnam
CUST003595,Bronze,80.54,False,Indonesia
CUST011285,Bronze,140.68,False,Philippines
CUST013315,Bronze,63.45,False,Vietnam
CUST009082,Bronze,68.99,False,Philippines
CUST007170,Silver,130.73,False,Philippines
CUST005999,Platinum,331.03,True,Thailand
CUST001287,Silver,71.5,True,Singapore
CUST006846,Bronze,237.36,True,Indonesia
CUST008458,Platinum,527.74,False,Indonesia
CUST009783,Silver,202.12,False,Philippines
CUST007429,Platinum,550.76,True,Vietnam
CUST005691,Bronze,55.14,False,Thailand
CUST004269,Bronze,66.16,False,Indonesia
CUST012272,Silver,69.43,False,Indonesia
CUST001637,Bronze,52.77,True,Thailand
CUST016816,Platinum,483.48,True,Philippines
CUST005036,Bronze,93.23,False,Singapore
CUST012182,Silver,196.64,True,Indonesia
CUST004742,Bronze,72.72,False,Philippines
CUST011676,Gold,262.6,True,Indonesia
CUST001063,Platinum,368.43,True,India
CUST004974,Gold,271.17,True,Thailand
CUST011089,Bronze,50.45,False,Indonesia
CUST000334,Silver,270.27,True,Singapore
CUST005839,Silver,146.1,False,Philippines
CUST004163,Bronze,25.06,False,Vietnam
CUST013939,Gold,253.97,True,India
CUST013793,Platinum,557.1,True,Thailand
CUST001939,Bronze,89.67,True,Indonesia
CUST011910,Bronze,142.48,False,Thailand
CUST012809,Silver,100.04,True,India
CUST003455,Gold,257.81,True,Thailand
CUST005428,Silver,227.21,True,Indonesia
CUST015358,Bronze,44.08,False,Singapore
CUST004991,Bronze,112.83,False,India
CUST002202,Platinum,271.6,True,Indonesia
CUST004623,Bronze,170.93,False,Thailand
CUST017031,Bronze,43.25,False,Vietnam
CUST002918,Platinum,711.17,True,Indonesia
CUST000242,Silver,162.4,False,Vietnam
CUST000200,Silver,492.44,False,Philippines
CUST000167,Bronze,79.49,False,Thailand
CUST000197,Bronze,63.17,False,Thailand
CUST015476,Bronze,84.83,True,Indonesia
CUST008394,Silver,176.78,True,Thailand
CUST009647,Bronze,78.64,False,Thailand
CUST002493,Bronze,101.73,False,Vietnam
CUST013758,Bronze,54.54,False,India
CUST014331,Gold,206.34,True,India
CUST009627,Bronze,100.03,False,Vietnam
CUST010998,Bronze,50.84,True,Thailand
CUST014532,Bronze,88.59,True,India
CUST013683,Bronze,123.63,False,Thailand
CUST014089,Gold,386.06,True,Philippines
CUST013412,Bronze,78.65,True,Philippines
CUST009872,Silver,95.18,True,Philippines
CUST006579,Silver,306.9,True,Singapore
CUST010489,Bronze,109.05,True,Indonesia
CUST014261,Bronze,84.28,False,Philippines
CUST010353,Bronze,132.55,False,Vietnam
CUST008399,Bronze,92.81,True,Philippines
CUST002674,Bronze,45.83,False,Philippines
CUST012192,Silver,89.48,False,Vietnam
CUST012474,Platinum,557.2,True,Thailand
CUST008670,Bronze,126.04,False,Vietnam
CUST015000,Bronze,65.97,False,Thailand
CUST007646,Gold,408.11,False,Singapore
CUST008273,Bronze,36.46,True,Vietnam
CUST009196,Silver,178.5,True,Thailand
CUST005192,Platinum,790.58,True,Philippines
CUST007405,Silver,167.47,False,Indonesia
CUST006410,Bronze,196.81,True,Thailand
CUST010843,Bronze,120.96,True,Vietnam
CUST003853,Bronze,95.93,False,Thailand
CUST012665,Silver,81.29,False,Philippines
CUST005757,Bronze,83.9,False,Indonesia
CUST009791,Bronze,50.04,False,Vietnam
CUST005770,Bronze,51.58,False,Philippines
CUST012584,Gold,362.09,False,Thailand
CUST007530,Bronze,113.66,False,Vietnam
CUST015092,Bronze,123.62,False,Vietnam
CUST011175,Bronze,133.19,True,Thailand
CUST007391,Bronze,101.62,False,Indonesia
CUST011967,Silver,115.18,False,Philippines
CUST006420,Platinum,865.21,True,Thailand
CUST006239,Silver,121.22,True,India
CUST015168,Silver,450.29,True,Indonesia
CUST014760,Silver,158.04,True,Indonesia
CUST002431,Bronze,86.79,False,Indonesia
CUST012781,Silver,272.31,False,Vietnam
CUST006227,Bronze,123.38,False,Philippines
CUST016053,Bronze,114.87,False,Indonesia
CUST011358,Bronze,66.48,False,Philippines
CUST014495,Bronze,131.8,False,Singapore
CUST003979,Bronze,72.98,False,India
CUST010224,Platinum,459.53,False,Philippines
CUST008953,Bronze,193.82,False,Vietnam
CUST003205,Silver,122.99,False,India
CUST006176,Bronze,117.18,False,India
CUST004828,Silver,253.7,False,Philippines
CUST016652,Bronze,130.2,False,Philippines
CUST017956,Silver,59.56,False,Indonesia
CUST009919,Silver,151.0,False,Philippines
CUST009904,Bronze,118.28,False,Thailand
CUST006389,Platinum,872.66,True,Thailand
CUST010506,Bronze,58.75,False,Thailand
CUST005539,Silver,129.84,False,Indonesia
CUST016916,Bronze,84.62,False,Thailand
CUST012433,Bronze,118.57,False,Philippines
CUST017665,Bronze,64.45,False,Vietnam
CUST011934,Bronze,60.83,False,Philippines
CUST013887,Bronze,102.16,True,Thailand
CUST012447,Bronze,75.81,False,Thailand
CUST013114,Bronze,38.22,True,Philippines
CUST016967,Bronze,86.3,False,Vietnam
CUST000870,Bronze,79.15,True,Philippines
CUST011005,Bronze,74.72,False,Vietnam
CUST012886,Bronze,120.62,True,Singapore
CUST000460,Bronze,75.92,False,Thailand
CUST009589,Silver,218.14,False,Thailand
CUST007369,Bronze,42.85,False,Indonesia
CUST015123,Silver,111.61,False,Thailand
CUST017681,Bronze,55.81,False,Philippines
CUST002098,Bronze,49.23,False,India
CUST004691,Bronze,55.12,True,Philippines
CUST002916,Gold,271.57,True,India
CUST007583,Platinum,430.42,True,Indonesia
CUST003910,Bronze,61.7,False,India
CUST011253,Silver,141.94,False,Singapore
CUST015302,Bronze,107.45,True,Thailand
CUST001300,Bronze,61.75,True,India
CUST007730,Silver,87.69,True,Thailand
CUST001392,Silver,88.62,True,Thailand
CUST014027,Silver,126.19,True,Singapore
CUST003131,Silver,198.48,False,Indonesia
CUST003134,Silver,288.54,True,India
CUST011978,Bronze,87.31,False,Vietnam
CUST013957,Bronze,140.31,True,Indonesia
CUST002447,Bronze,75.27,True,Thailand
CUST016607,Bronze,66.93,False,India
CUST005768,Platinum,386.91,True,Indonesia
CUST009579,Gold,216.42,False,Vietnam
CUST016367,Bronze,44.03,False,India
CUST014458,Silver,143.82,False,Thailand
CUST013394,Bronze,92.46,False,India
CUST008416,Bronze,70.62,False,Thailand
CUST009848,Bronze,75.53,False,Vietnam
CUST006839,Silver,142.73,True,Vietnam
CUST013404,Bronze,94.64,True,Thailand
CUST013372,Bronze,95.5,False,Indonesia
CUST006321,Silver,116.83,False,Thailand
CUST008877,Platinum,431.8,True,Thailand
CUST003055,Silver,114.71,True,Philippines
CUST016522,Bronze,81.46,False,Singapore
CUST000303,Gold,357.47,True,Vietnam
CUST011433,Platinum,1042.93,True,Thailand
CUST014912,Bronze,141.87,False,Indonesia
CUST003036,Bronze,120.65,True,Vietnam
CUST005291,Silver,254.42,True,Philippines
CUST009865,Bronze,87.65,False,Thailand
CUST011093,Silver,92.72,True,Philippines
CUST007812,Bronze,212.6,False,Indonesia
CUST000215,Bronze,55.18,False,Indonesia
CUST012977,Bronze,54.88,False,Indonesia
CUST011177,Silver,141.09,True,India
CUST003382,Bronze,69.96,False,Philippines
CUST013830,Bronze,39.42,False,Philippines
CUST000474,Gold,148.94,True,Thailand
CUST007644,Gold,214.73,True,Thailand
CUST016784,Silver,212.39,False,Philippines
CUST002302,Gold,277.16,False,Thailand
CUST006015,Silver,59.61,True,India
CUST008152,Silver,108.53,True,Philippines
CUST004498,Silver,136.15,True,India
CUST009225,Bronze,63.13,False,Thailand
CUST000095,Bronze,49.24,False,India
CUST016808,Gold,269.48,True,India
CUST015660,Platinum,558.54,True,Vietnam
CUST011063,Bronze,70.75,True,Singapore
CUST014809,Silver,198.93,False,Indonesia
CUST015978,Silver,109.07,False,India
CUST008313,Platinum,541.79,True,Thailand
CUST007218,Bronze,48.31,False,India
CUST000868,Bronze,114.13,False,Thailand
CUST016430,Silver,116.8,True,Singapore
CUST016448,Bronze,64.64,False,Thailand
CUST015592,Bronze,53.74,False,India
CUST006654,Bronze,61.53,False,Vietnam
CUST014277,Bronze,119.18,False,Thailand
CUST002126,Platinum,649.23,True,Thailand
CUST013696,Silver,102.96,True,Thailand
CUST001779,Gold,370.25,True,India
CUST014494,Bronze,82.91,False,Vietnam
CUST016429,Gold,494.85,False,Vietnam
CUST017667,Silver,77.94,True,Vietnam
CUST008497,Platinum,449.82,True,Singapore
CUST011709,Silver,167.4,False,Singapore
CUST014086,Gold,131.44,False,Philippines
CUST002757,Silver,190.53,False,Indonesia
CUST011505,Silver,295.85,False,Vietnam
CUST016022,Gold,427.24,True,India
CUST008244,Bronze,162.63,False,Vietnam
CUST001841,Bronze,30.58,False,Thailand
CUST011154,Silver,193.34,True,India
CUST016080,Bronze,42.84,True,Indonesia
CUST003054,Platinum,508.8,False,India
CUST003552,Bronze,99.24,False,Thailand
CUST002109,Platinum,507.33,True,India
CUST004660,Platinum,678.0,False,Philippines
CUST008884,Silver,155.11,True,Vietnam
CUST008048,Silver,168.43,True,India
CUST005660,Silver,123.1,False,Vietnam
CUST005456,Platinum,1264.84,True,Philippines
CUST002701,Platinum,374.25,True,Indonesia
CUST000457,Silver,164.85,False,India
CUST008584,Gold,119.53,True,Philippines
CUST014982,Silver,84.0,False,Vietnam
CUST010073,Bronze,76.8,False,Indonesia
CUST005828,Gold,250.32,False,Vietnam
CUST012714,Gold,232.44,False,India
CUST005439,Bronze,75.96,False,Philippines
CUST003749,Silver,193.54,True,Vietnam
CUST008128,Bronze,64.16,False,Thailand
CUST010156,Gold,308.41,True,Indonesia
CUST000850,Gold,347.33,True,Indonesia
CUST000014,Gold,214.91,True,Philippines
CUST010245,Bronze,167.61,True,Thailand
CUST005340,Bronze,179.58,False,India
CUST003107,Gold,171.88,False,Indonesia
CUST007860,Silver,142.55,True,Thailand
CUST013713,Silver,288.62,False,Vietnam
CUST004407,Bronze,103.86,False,Thailand
CUST012421,Gold,297.15,True,Philippines
CUST016683,Bronze,108.08,False,Vietnam
CUST013874,Bronze,46.8,False,India
CUST001390,Silver,260.49,False,Philippines
CUST009713,Bronze,80.0,False,India
CUST013543,Bronze,86.29,False,Thailand
CUST017118,Platinum,1115.47,True,Vietnam
CUST006543,Bronze,41.44,True,India
CUST000924,Bronze,225.26,False,Philippines
CUST011725,Bronze,110.03,False,India
CUST000743,Bronze,83.75,False,Vietnam
CUST007314,Bronze,106.45,False,Thailand
CUST016165,Silver,191.83,True,Indonesia
CUST017496,Bronze,84.72,False,Vietnam
CUST007738,Bronze,84.88,False,Singapore
CUST007315,Bronze,102.44,False,Indonesia
CUST002019,Silver,120.92,False,Thailand
CUST000237,Gold,339.44,False,India
CUST010858,Silver,129.47,False,Indonesia
CUST008832,Bronze,57.58,False,India
CUST007387,Gold,144.94,False,Vietnam
CUST014806,Gold,354.84,True,Indonesia
CUST002826,Bronze,76.92,False,Thailand
CUST012805,Bronze,42.26,False,Indonesia
CUST006984,Silver,309.61,True,Thailand
CUST005029,Platinum,354.14,True,India
CUST010141,Bronze,62.52,False,Indonesia
CUST009494,Bronze,61.2,False,Vietnam
CUST003693,Silver,123.8,False,Singapore
CUST007551,Platinum,274.86,True,India
CUST010648,Bronze,100.17,False,Thailand
CUST001013,Bronze,66.94,False,Thailand
CUST005705,Gold,513.34,True,Indonesia
CUST006771,Gold,117.69,False,India
CUST010977,Bronze,97.64,True,Thailand
CUST015501,Bronze,98.17,False,Indonesia
CUST011520,Bronze,69.74,False,Philippines
CUST011760,Bronze,88.29,False,Vietnam
CUST008823,Bronze,78.03,False,Vietnam
CUST011977,Gold,247.62,True,Philippines
CUST008771,Silver,151.2,False,India
CUST002318,Silver,185.24,False,Vietnam
CUST015827,Silver,143.74,False,Singapore
CUST015330,Bronze,93.35,True,Vietnam
CUST003009,Bronze,95.52,False,Indonesia
CUST015926,Bronze,63.9,False,Singapore
CUST012594,Bronze,77.33,False,Indonesia
CUST013344,Silver,153.33,True,Thailand
CUST005065,Silver,170.13,False,Philippines
CUST003908,Bronze,146.59,False,Vietnam
CUST002952,Bronze,76.54,False,Thailand
CUST002074,Bronze,67.48,False,Thailand
CUST014724,Platinum,737.1,True,India
CUST001115,Bronze,139.5,False,Thailand
CUST008181,Gold,347.54,True,India
CUST003126,Bronze,68.59,False,Indonesia
CUST008183,Bronze,202.57,False,Vietnam
CUST009349,Bronze,75.78,False,Thailand
CUST007070,Platinum,418.19,True,Philippines
CUST000532,Bronze,88.15,True,Indonesia
CUST000742,Bronze,74.48,False,Philippines
CUST015810,Silver,111.95,False,Vietnam
CUST007143,Silver,253.63,False,Thailand
CUST013786,Bronze,105.28,True,Vietnam
CUST016790,Platinum,725.78,True,Thailand
CUST015521,Silver,179.94,True,Vietnam
CUST012670,Gold,295.13,False,India
CUST011028,Platinum,338.79,True,Indonesia
CUST008412,Bronze,64.57,False,Vietnam
CUST010536,Bronze,141.13,False,Vietnam
CUST011366,Bronze,48.54,False,Thailand
CUST009519,Bronze,80.73,False,India
CUST008623,Gold,286.7,True,India
CUST015561,Gold,277.45,True,Thailand
CUST009962,Silver,97.68,False,Philippines
CUST001186,Bronze,101.47,False,Thailand
CUST001809,Bronze,65.04,True,India
CUST017411,Bronze,57.01,False,Indonesia
CUST008713,Bronze,76.63,True,Vietnam
CUST004115,Silver,92.92,True,Indonesia
CUST007673,Silver,414.89,False,Philippines
CUST005815,Platinum,341.21,True,Vietnam
CUST006812,Bronze,94.18,False,India
CUST017833,Bronze,112.11,False,Indonesia
CUST013100,Platinum,1171.34,True,Philippines
CUST017273,Bronze,115.34,False,Singapore
CUST012395,Gold,212.39,True,Thailand
CUST007685,Gold,333.96,True,Thailand
CUST012878,Silver,220.17,False,Philippines
CUST000006,Platinum,812.71,True,Singapore
CUST011826,Gold,323.13,False,Thailand
CUST011870,Silver,204.92,False,Thailand
CUST010575,Bronze,73.7,False,Indonesia
CUST006517,Gold,244.8,True,Vietnam
CUST001136,Silver,202.64,False,Thailand
CUST003172,Silver,141.21,False,Indonesia
CUST009221,Bronze,95.08,True,Singapore
CUST012696,Bronze,77.19,False,Indonesia
CUST009023,Bronze,55.91,True,Philippines
CUST000151,Bronze,94.57,False,Indonesia
CUST010970,Bronze,111.17,False,Thailand
CUST007645,Bronze,133.45,True,Indonesia
CUST007351,Bronze,79.18,True,India
CUST010994,Silver,133.34,True,India
CUST007927,Silver,229.73,False,Philippines
CUST013994,Platinum,477.07,False,Indonesia
CUST004274,Silver,303.26,True,Thailand
CUST008178,Silver,148.18,True,Vietnam
CUST007513,Bronze,106.42,False,Indonesia
CUST006098,Silver,151.05,True,Philippines
CUST005806,Bronze,123.68,False,Vietnam
CUST013003,Bronze,65.01,False,India
CUST016455,Bronze,134.47,True,Singapore
CUST017052,Bronze,51.12,False,Vietnam
CUST013130,Gold,288.08,False,India
CUST010429,Bronze,56.64,False,Thailand
CUST002745,Bronze,84.17,False,India
CUST008903,Bronze,99.29,False,Vietnam
CUST014148,Bronze,78.91,True,Singapore
CUST006456,Bronze,94.03,False,Vietnam
CUST003880,Silver,104.49,False,Vietnam
CUST000085,Bronze,70.43,False,Vietnam
CUST015493,Bronze,48.14,False,Philippines
CUST000771,Bronze,76.86,False,Indonesia
CUST006406,Silver,166.51,True,Thailand
CUST013019,Silver,161.05,False,Philippines
CUST002324,Gold,264.47,True,India
CUST000271,Gold,697.94,False,Philippines
CUST006967,Bronze,50.37,False,Thailand
CUST006815,Bronze,85.82,False,Philippines
CUST001307,Silver,191.44,True,Indonesia
CUST011927,Gold,845.77,True,Indonesia
CUST002797,Silver,204.86,False,Philippines
CUST000502,Bronze,34.65,False,India
CUST017922,Bronze,58.2,False,Singapore
CUST008591,Gold,291.16,False,Indonesia
CUST011557,Gold,276.79,True,Indonesia
CUST015931,Platinum,298.67,True,Vietnam
CUST009997,Silver,204.02,True,India
CUST006142,Bronze,79.48,False,Vietnam
CUST012680,Bronze,103.88,False,Singapore
CUST007658,Bronze,89.51,False,Philippines
CUST014311,Platinum,688.81,True,Philippines
CUST010823,Silver,105.72,True,Vietnam
CUST006820,Gold,641.18,True,Thailand
CUST013882,Silver,113.03,False,Philippines
CUST006330,Bronze,59.71,False,Thailand
CUST013647,Bronze,65.17,False,Singapore
CUST000351,Bronze,48.98,False,Philippines
CUST003202,Bronze,29.99,False,India
CUST010777,Silver,274.88,True,Philippines
CUST005809,Bronze,101.06,True,Philippines
CUST003019,Bronze,69.16,True,Vietnam
CUST009725,Silver,198.65,True,Singapore
CUST002363,Bronze,82.91,False,India
CUST015264,Gold,136.98,True,Thailand
CUST016108,Bronze,95.16,True,Indonesia
CUST005108,Bronze,85.39,False,Indonesia
CUST012577,Bronze,95.35,False,Philippines
CUST008809,Gold,185.17,False,Indonesia
CUST007275,Silver,97.36,True,Thailand
CUST002201,Bronze,117.24,False,Singapore
CUST006730,Silver,158.34,True,Singapore
CUST015129,Bronze,129.91,False,Vietnam
CUST004827,Bronze,103.11,False,Vietnam
CUST010508,Bronze,53.37,False,Indonesia
CUST012518,Bronze,146.04,False,Vietnam
CUST012906,Bronze,98.94,False,Thailand
CUST017570,Gold,224.42,True,Thailand
CUST014120,Bronze,78.26,True,Singapore
CUST005997,Silver,78.64,False,Thailand
CUST005474,Silver,186.43,False,Thailand
CUST015482,Bronze,74.98,True,India
CUST000040,Bronze,83.92,False,India
CUST005198,Silver,136.94,True,Indonesia
CUST005063,Platinum,504.0,True,Philippines
CUST011652,Silver,58.25,True,India
CUST007795,Bronze,199.74,True,Thailand
CUST008812,Silver,98.44,False,Singapore
CUST007406,Platinum,284.57,True,Vietnam
CUST000188,Platinum,381.31,True,Thailand
CUST004354,Bronze,62.88,False,Indonesia
CUST001596,Platinum,545.87,True,Indonesia
CUST008417,Silver,203.55,True,Thailand
CUST006066,Bronze,138.9,False,India
CUST003632,Bronze,126.99,False,India
CUST000581,Gold,144.61,True,Singapore
CUST016859,Platinum,493.49,True,Indonesia
CUST009212,Silver,98.06,True,Singapore
CUST017452,Bronze,120.22,False,Thailand
CUST003249,Bronze,73.93,False,Philippines
CUST007475,Gold,177.56,True,Vietnam
CUST006232,Silver,122.22,False,Vietnam
CUST013535,Bronze,38.58,False,Thailand
CUST015840,Bronze,173.26,False,Indonesia
CUST015317,Silver,133.85,True,Thailand
CUST014651,Gold,193.36,True,Philippines
CUST002217,Platinum,708.84,True,Thailand
CUST000901,Bronze,97.94,False,Singapore
CUST000050,Platinum,580.56,True,Vietnam
CUST006865,Bronze,43.69,True,Thailand
CUST013837,Gold,608.23,True,Singapore
CUST000585,Bronze,83.36,False,Thailand
CUST011480,Gold,199.34,False,Indonesia
CUST004560,Bronze,132.21,False,Singapore
CUST017482,Gold,204.85,True,Indonesia
CUST002829,Bronze,128.54,True,India
CUST000886,Silver,134.54,True,India
CUST005790,Silver,124.77,False,Indonesia
CUST013802,Bronze,78.57,False,Indonesia
CUST009587,Gold,213.88,False,Thailand
CUST013295,Bronze,61.04,False,Singapore
CUST016186,Bronze,115.78,False,Vietnam
CUST008139,Bronze,114.53,False,Singapore
CUST000336,Bronze,37.99,True,Vietnam
CUST014753,Bronze,79.87,False,Vietnam
CUST008046,Bronze,72.73,True,India
CUST005536,Platinum,425.45,True,India
CUST004605,Bronze,71.18,False,India
CUST010177,Platinum,509.99,True,Indonesia
CUST001357,Platinum,308.46,True,Indonesia
CUST007182,Bronze,126.15,False,Indonesia
CUST012598,Bronze,59.64,False,Indonesia
CUST012373,Bronze,38.62,False,Indonesia
CUST005501,Bronze,136.96,False,Thailand
CUST012642,Bronze,170.74,False,Thailand
CUST007563,Bronze,73.91,False,Singapore
CUST003003,Bronze,72.95,True,Indonesia
CUST009369,Bronze,94.2,False,Indonesia
CUST015939,Bronze,67.49,False,Vietnam
CUST013899,Gold,406.23,True,Vietnam
CUST006472,Bronze,71.43,False,Thailand
CUST012953,Bronze,94.0,False,Vietnam
CUST012547,Bronze,54.68,False,Thailand
CUST000824,Silver,279.49,True,India
CUST015315,Bronze,85.28,True,Vietnam
CUST006170,Silver,185.34,False,India
CUST017204,Gold,362.81,True,Philippines
CUST001200,Silver,153.27,True,Thailand
CUST003470,Silver,127.47,False,Singapore
CUST017671,Gold,224.63,False,Philippines
CUST007296,Bronze,64.69,True,Singapore
CUST015728,Bronze,137.95,False,Indonesia
CUST010278,Bronze,138.51,True,Thailand
CUST017673,Bronze,133.14,False,Vietnam
CUST002119,Bronze,138.07,False,Thailand
CUST017967,Silver,142.83,False,Indonesia
CUST010159,Bronze,118.55,False,Singapore
CUST013522,Bronze,115.55,True,Indonesia
CUST006075,Silver,302.28,False,Vietnam
CUST006262,Platinum,446.09,True,Thailand
CUST014822,Bronze,75.48,False,India
CUST003574,Bronze,46.62,False,India
CUST000401,Bronze,62.37,False,Thailand
CUST009499,Silver,153.92,False,Singapore
CUST013099,Bronze,61.82,False,India
CUST016034,Bronze,68.29,False,Thailand
CUST009702,Bronze,115.22,False,Vietnam
CUST010723,Silver,290.87,True,Thailand
CUST004453,Bronze,93.49,False,Vietnam
CUST007031,Silver,200.38,False,India
CUST013187,Bronze,97.73,False,Thailand
CUST016641,Gold,288.34,True,Thailand
CUST012910,Bronze,82.24,False,Singapore
CUST016695,Silver,147.96,False,Philippines
CUST011153,Bronze,92.45,False,Thailand
CUST009540,Bronze,115.42,False,Indonesia
CUST017050,Bronze,49.36,False,India
CUST012244,Platinum,864.14,True,India
CUST011411,Silver,305.35,False,Thailand
CUST001316,Platinum,548.83,True,Singapore
CUST009737,Bronze,74.14,False,Indonesia
CUST011533,Bronze,89.75,True,Singapore
CUST017860,Bronze,101.43,True,Indonesia
CUST005263,Silver,79.31,False,Thailand
CUST003561,Gold,411.04,True,Indonesia
CUST016982,Bronze,68.49,False,Vietnam
CUST002501,Silver,179.6,False,Indonesia
CUST011289,Bronze,109.46,False,Thailand
CUST013717,Bronze,69.45,False,Vietnam
CUST005617,Bronze,106.59,False,Vietnam
CUST001905,Silver,82.61,False,Vietnam
CUST015687,Platinum,309.48,True,Vietnam
CUST013753,Gold,260.4,True,Philippines
CUST012875,Gold,225.38,True,Vietnam
CUST011038,Bronze,40.65,False,Indonesia
CUST005756,Silver,95.02,True,India
CUST016963,Silver,145.43,False,India
CUST016614,Bronze,37.15,False,Indonesia
CUST006429,Silver,92.55,False,Indonesia
CUST008073,Platinum,287.46,False,Vietnam
CUST015749,Bronze,40.82,True,Vietnam
CUST000895,Bronze,92.83,False,Thailand
CUST005622,Gold,297.15,False,Philippines
CUST017705,Gold,238.36,False,Indonesia
CUST016282,Bronze,66.34,False,Indonesia
CUST006327,Bronze,68.11,False,Singapore
CUST001279,Gold,450.38,True,India
CUST011656,Bronze,58.95,False,Philippines
CUST000169,Gold,221.0,False,Philippines
CUST017692,Silver,198.26,False,Vietnam
CUST005066,Bronze,69.52,False,Indonesia
CUST002330,Bronze,122.85,False,Philippines
CUST009456,Gold,261.21,False,Indonesia
CUST007741,Silver,135.35,False,Philippines
CUST013928,Silver,100.1,False,Vietnam
CUST002950,Bronze,149.02,False,Thailand
CUST005500,Silver,208.78,True,India
CUST004477,Gold,164.48,False,Singapore
CUST017356,Platinum,651.41,True,Philippines
CUST014139,Bronze,83.49,False,Singapore
CUST010821,Bronze,119.92,True,Singapore
CUST008366,Bronze,114.23,False,India
CUST001466,Silver,251.77,False,Philippines
CUST012292,Bronze,138.13,False,Indonesia
CUST014500,Silver,102.85,False,Vietnam
CUST001415,Gold,357.86,True,Vietnam
CUST009792,Gold,292.14,True,Vietnam
CUST004088,Bronze,69.64,False,Thailand
CUST006409,Bronze,94.67,False,India
CUST009365,Silver,244.37,False,Singapore
CUST007001,Silver,262.91,True,Vietnam
CUST005396,Bronze,75.61,False,India
CUST008804,Platinum,791.95,True,Indonesia
CUST017693,Gold,350.33,True,India
CUST001995,Bronze,74.18,False,India
CUST002944,Silver,151.93,False,Indonesia
CUST003512,Bronze,62.14,False,Thailand
CUST000500,Bronze,164.32,False,Thailand
CUST011465,Silver,81.46,False,India
CUST005196,Platinum,472.62,True,Vietnam
CUST017864,Silver,200.21,False,India
CUST000696,Platinum,412.59,True,Vietnam
CUST017312,Bronze,110.45,False,Thailand
CUST014272,Gold,304.96,False,Vietnam
CUST001495,Gold,435.13,True,Philippines
CUST000904,Bronze,96.51,False,Thailand
CUST015573,Bronze,76.85,False,India
CUST007810,Silver,307.52,True,Philippines
CUST000266,Silver,167.95,False,Philippines
CUST009063,Gold,235.12,True,Indonesia
CUST003313,Bronze,85.47,False,Indonesia
CUST000330,Silver,102.73,True,India
CUST014356,Gold,278.46,True,Indonesia
CUST003218,Bronze,50.56,True,Indonesia
CUST011820,Bronze,51.78,False,Thailand
CUST006031,Platinum,907.41,True,Indonesia
CUST013402,Silver,93.21,True,Philippines
CUST012458,Bronze,70.0,False,India
CUST016256,Silver,105.34,False,Indonesia
CUST005904,Platinum,561.03,True,Indonesia
CUST015843,Bronze,79.52,False,Vietnam
CUST015366,Bronze,74.59,False,Indonesia
CUST009789,Bronze,106.76,False,India
CUST013514,Silver,151.24,True,Vietnam
CUST008747,Gold,307.36,False,Thailand
CUST012851,Bronze,58.82,True,Indonesia
CUST001991,Silver,178.74,False,Indonesia
CUST001238,Gold,261.9,True,Philippines
CUST013476,Gold,773.78,False,Philippines
CUST007544,Silver,71.4,True,Thailand
CUST002565,Bronze,115.17,False,Philippines
CUST008182,Silver,259.24,False,Indonesia
CUST012738,Gold,257.28,True,Vietnam
CUST002759,Bronze,51.97,False,India
CUST015820,Platinum,621.75,True,Indonesia
CUST006413,Bronze,89.77,False,Indonesia
CUST015949,Bronze,76.82,False,Thailand
CUST012900,Platinum,872.67,True,Vietnam
CUST014548,Silver,211.69,True,Singapore
CUST000055,Bronze,32.75,False,Thailand
CUST011577,Bronze,90.19,False,Indonesia
CUST011719,Bronze,82.21,False,India
CUST005962,Bronze,69.72,False,Indonesia
CUST014693,Bronze,105.75,False,Thailand
CUST013497,Bronze,89.53,True,Philippines
CUST002458,Bronze,94.22,False,Thailand
CUST008109,Silver,156.6,False,Thailand
CUST004667,Bronze,55.48,True,Thailand
CUST014216,Gold,283.54,False,Philippines
CUST012311,Gold,135.96,False,India
CUST002881,Bronze,69.2,True,Thailand
CUST008058,Bronze,77.14,False,Vietnam
CUST017572,Bronze,82.78,False,Singapore
CUST013113,Silver,177.58,False,Vietnam
CUST013533,Bronze,118.06,False,Vietnam
CUST004516,Bronze,37.27,False,Thailand
CUST016007,Bronze,145.86,False,Vietnam
CUST010954,Bronze,180.36,False,Thailand
CUST000426,Bronze,124.66,False,India
CUST004439,Silver,141.34,False,Vietnam
CUST016470,Bronze,67.44,False,Philippines
CUST006267,Bronze,76.4,False,Thailand
CUST000397,Bronze,54.98,True,India
CUST014204,Bronze,100.18,True,Indonesia
CUST004372,Silver,156.72,True,Thailand
CUST011425,Bronze,102.94,False,Philippines
CUST004375,Bronze,85.93,True,Philippines
CUST008543,Bronze,61.81,False,Thailand
CUST010139,Bronze,88.38,False,Vietnam
CUST014821,Bronze,102.89,False,Philippines
CUST017779,Silver,223.12,True,Indonesia
CUST006020,Bronze,48.3,False,Indonesia
CUST015233,Gold,164.88,True,Philippines
CUST013482,Silver,208.04,True,Thailand
CUST007964,Bronze,44.88,False,Philippines
CUST017859,Silver,182.41,True,Philippines
CUST015575,Silver,318.78,False,Indonesia
CUST013193,Bronze,82.69,False,Indonesia
CUST014571,Platinum,376.51,True,Thailand
CUST006143,Silver,95.65,False,Indonesia
CUST006377,Bronze,173.72,False,Indonesia
CUST012065,Bronze,62.0,False,Vietnam
CUST011481,Bronze,81.38,False,Thailand
CUST014984,Bronze,103.74,True,Thailand
CUST000471,Gold,503.03,False,Thailand
CUST012727,Bronze,135.65,False,Indonesia
CUST017123,Bronze,81.55,False,Indonesia
CUST013227,Silver,101.84,True,Thailand
CUST016849,Bronze,38.2,False,India
CUST000671,Bronze,55.05,True,India
CUST001773,Bronze,109.06,False,Indonesia
CUST006526,Gold,655.71,False,Singapore
CUST016756,Bronze,191.9,False,Singapore
CUST015133,Gold,300.86,False,Singapore
CUST004125,Bronze,82.14,False,India
CUST008899,Bronze,52.55,False,Indonesia
CUST003982,Silver,215.58,True,Thailand
CUST011338,Silver,138.28,False,Indonesia
CUST016534,Platinum,371.85,False,India
CUST011847,Gold,481.09,True,Philippines
CUST015492,Bronze,127.58,False,Thailand
CUST012837,Bronze,98.94,False,Thailand
CUST006030,Gold,182.47,True,Singapore
CUST015580,Bronze,175.34,False,Thailand
CUST004543,Silver,96.09,True,Singapore
CUST011843,Gold,222.33,True,Indonesia
CUST016616,Silver,219.93,True,Indonesia
CUST001134,Gold,163.44,True,Indonesia
CUST011150,Platinum,683.42,True,India
CUST015869,Silver,141.3,True,Thailand
CUST008359,Bronze,84.36,False,Vietnam
CUST016728,Bronze,38.97,True,Philippines
CUST012242,Bronze,100.57,False,Singapore
CUST012462,Platinum,341.49,True,Vietnam
CUST001526,Gold,264.94,True,Indonesia
CUST002793,Bronze,135.49,False,Indonesia
CUST000281,Silver,105.34,False,Philippines
CUST000333,Platinum,511.67,True,India
CUST002981,Bronze,221.46,False,Vietnam
CUST001398,Gold,218.57,True,Indonesia
CUST014184,Gold,236.25,True,Indonesia
CUST006644,Silver,266.29,True,Vietnam
CUST015287,Silver,144.95,False,Philippines
CUST013541,Bronze,67.92,False,Thailand
CUST010713,Bronze,169.78,True,India
CUST010301,Platinum,702.94,True,Indonesia
CUST001734,Bronze,148.28,False,Vietnam
CUST013302,Silver,81.3,True,Singapore
CUST005638,Bronze,77.29,False,Vietnam
CUST004073,Silver,123.32,False,Indonesia
CUST015396,Bronze,74.95,False,India
CUST007625,Platinum,540.55,True,Thailand
CUST017377,Bronze,129.39,False,Singapore
CUST000866,Bronze,73.36,False,Philippines
CUST003157,Gold,509.74,False,India
CUST017347,Bronze,78.64,False,Indonesia
CUST007286,Gold,368.57,True,Vietnam
CUST012262,Bronze,61.61,False,Indonesia
CUST005172,Bronze,66.22,True,Singapore
CUST008612,Bronze,111.39,True,Thailand
CUST013458,Gold,199.17,False,Thailand
CUST011118,Gold,372.4,True,Vietnam
CUST005793,Silver,112.24,False,India
CUST006658,Bronze,118.54,False,Vietnam
CUST009441,Bronze,91.47,False,Philippines
CUST006521,Bronze,62.72,False,Philippines
CUST017375,Bronze,70.86,True,Philippines
CUST010338,Gold,315.31,True,Indonesia
CUST011800,Silver,120.83,False,Vietnam
CUST016139,Gold,330.96,True,Vietnam
CUST009345,Bronze,111.51,False,Indonesia
CUST016476,Silver,238.09,False,Indonesia
CUST003102,Bronze,169.6,False,India
CUST008308,Silver,134.03,True,Thailand
CUST008029,Bronze,119.96,False,Thailand
CUST009024,Silver,218.99,False,Vietnam
CUST010548,Gold,309.85,True,Vietnam
CUST003838,Bronze,100.91,True,India
CUST012051,Bronze,56.93,True,India
CUST002555,Bronze,90.93,False,Thailand
CUST016899,Gold,241.87,True,Philippines
CUST007160,Bronze,179.66,False,Philippines
CUST007842,Bronze,116.63,False,India
CUST014491,Bronze,41.18,False,Thailand
CUST005368,Silver,143.8,False,India
CUST001391,Gold,291.32,True,Thailand
CUST013204,Platinum,700.94,True,Indonesia
CUST002381,Silver,179.84,False,Philippines
CUST014278,Gold,242.24,True,Philippines
CUST014115,Bronze,85.32,False,Singapore
CUST017852,Gold,506.58,True,Vietnam
CUST002875,Bronze,63.21,False,Thailand
CUST000600,Platinum,394.76,False,Indonesia
CUST012357,Bronze,123.65,False,Philippines
CUST015780,Bronze,62.84,False,Thailand
CUST005419,Bronze,64.04,False,India
CUST001825,Bronze,94.07,False,Vietnam
CUST006593,Gold,250.23,True,Philippines
CUST011412,Silver,147.32,False,Philippines
CUST000627,Platinum,331.34,True,Thailand
CUST003877,Bronze,167.74,False,India
CUST016991,Bronze,159.07,False,Indonesia
CUST004252,Platinum,481.99,False,India
CUST012500,Bronze,59.88,True,Thailand
CUST014983,Platinum,610.47,False,Philippines
CUST016603,Bronze,62.67,False,Philippines
CUST000110,Silver,124.87,False,Indonesia
CUST008290,Silver,78.16,False,Vietnam
CUST007268,Bronze,76.79,False,Philippines
CUST012041,Silver,86.34,True,Vietnam
CUST005369,Platinum,412.23,True,Vietnam
CUST012369,Platinum,338.21,False,Thailand
CUST000260,Bronze,74.89,False,Philippines
CUST011527,Gold,335.39,False,Thailand
CUST007234,Bronze,68.98,False,India
CUST008547,Silver,136.92,False,Thailand
CUST014791,Silver,131.82,True,Indonesia
CUST007462,Bronze,44.64,False,Singapore
CUST004902,Silver,103.18,False,Singapore
CUST000920,Bronze,68.66,True,India
CUST013367,Gold,411.45,False,Indonesia
CUST011955,Platinum,586.61,True,India
CUST002400,Gold,338.15,True,Vietnam
CUST015771,Platinum,489.31,True,Vietnam
CUST012054,Bronze,130.34,False,Thailand
CUST015087,Bronze,62.45,False,Indonesia
CUST015229,Bronze,98.86,False,Thailand
CUST007584,Platinum,774.95,True,Indonesia
CUST010806,Platinum,493.04,True,Vietnam
CUST005835,Bronze,123.25,False,Thailand
CUST008355,Gold,225.65,True,Indonesia
CUST002545,Bronze,90.28,True,Vietnam
CUST000173,Gold,344.63,True,India
CUST009564,Gold,215.42,True,Indonesia
CUST012451,Silver,151.72,True,Philippines
CUST004826,Bronze,139.92,False,India
CUST013789,Bronze,50.77,True,Philippines
CUST009931,Gold,545.71,True,Vietnam
CUST004617,Gold,231.23,False,Singapore
CUST005979,Bronze,31.95,False,Philippines
CUST017575,Bronze,59.39,False,Vietnam
CUST002536,Silver,84.26,False,Thailand
CUST004275,Bronze,79.45,False,Thailand
CUST008916,Silver,176.04,True,Thailand
CUST006728,Bronze,87.38,False,Vietnam
CUST006947,Bronze,78.16,False,Thailand
CUST016973,Bronze,88.29,False,Thailand
CUST010119,Silver,333.33,False,Philippines
CUST004650,Bronze,171.05,True,Singapore
CUST013341,Bronze,207.61,False,Philippines
CUST007564,Silver,183.83,False,Vietnam
CUST002222,Gold,355.43,False,Singapore
CUST004119,Bronze,112.32,True,Singapore
CUST016074,Bronze,79.56,False,Indonesia
CUST008103,Bronze,45.41,False,Thailand
CUST003154,Bronze,87.23,False,India
CUST006021,Silver,123.49,False,Vietnam
CUST005541,Bronze,61.18,False,Philippines
CUST008328,Gold,376.12,True,India
CUST006178,Bronze,71.45,False,Singapore
CUST003299,Silver,203.62,False,Philippines
CUST010572,Gold,477.0,True,Philippines
CUST005931,Gold,344.71,True,Indonesia
CUST005742,Gold,257.53,True,Thailand
CUST005424,Bronze,67.93,False,India
CUST016723,Bronze,66.81,False,Indonesia
CUST011588,Bronze,117.72,False,Indonesia
CUST002683,Bronze,107.79,False,India
CUST004535,Gold,286.24,True,Vietnam
CUST000113,Gold,305.1,False,Vietnam
CUST002685,Silver,102.5,True,Vietnam
CUST003011,Bronze,106.53,False,Philippines
CUST001364,Bronze,42.18,True,India
CUST001180,Bronze,109.44,False,Thailand
CUST017727,Bronze,179.51,True,Vietnam
CUST012896,Bronze,72.69,False,Thailand
CUST005078,Silver,179.06,False,Thailand
CUST005673,Bronze,86.16,False,Indonesia
CUST002291,Bronze,71.67,False,Thailand
CUST006507,Silver,99.86,False,Indonesia
CUST002505,Bronze,69.24,True,Philippines
CUST002856,Bronze,61.98,False,India
CUST016628,Silver,73.03,True,Philippines
CUST017927,Bronze,106.45,True,India
CUST003739,Bronze,105.01,False,Singapore
CUST006745,Bronze,63.39,False,Thailand
CUST011694,Gold,144.45,True,Vietnam
CUST014056,Silver,127.64,False,Thailand
CUST010008,Bronze,125.22,False,Vietnam
CUST008088,Silver,87.1,False,Singapore
CUST014426,Bronze,41.69,False,Indonesia
CUST003820,Silver,253.85,False,Philippines
CUST015419,Bronze,62.31,False,India
CUST011987,Bronze,106.47,False,Singapore
CUST006973,Silver,42.24,False,Philippines
CUST017419,Silver,158.6,False,Vietnam
CUST017502,Bronze,67.85,False,Thailand
CUST011808,Bronze,88.93,True,Indonesia
CUST016750,Bronze,65.92,True,Vietnam
CUST012730,Silver,238.42,True,Thailand
CUST000702,Bronze,37.45,False,Vietnam
CUST008285,Silver,125.55,False,Thailand
CUST009784,Bronze,104.19,False,Thailand
CUST001777,Silver,275.9,True,Thailand
CUST008405,Bronze,108.23,True,Philippines
CUST012103,Bronze,40.27,False,Vietnam
CUST008499,Bronze,37.28,False,Indonesia
CUST005734,Silver,104.69,False,Philippines
CUST007978,Bronze,62.53,False,Indonesia
CUST017723,Platinum,449.54,True,Vietnam
CUST000878,Gold,264.41,True,Vietnam
CUST006877,Bronze,60.2,False,Vietnam
CUST008451,Silver,103.37,False,Thailand
CUST008000,Bronze,56.67,False,Philippines
CUST003061,Bronze,49.83,False,Vietnam
CUST005316,Platinum,384.59,True,Philippines
CUST016501,Bronze,147.26,False,Philippines
CUST006731,Silver,220.44,False,Vietnam
CUST011116,Bronze,230.39,False,India
CUST010206,Silver,108.54,True,Singapore
CUST008216,Platinum,496.31,True,Thailand
CUST014795,Gold,353.03,True,Philippines
CUST010951,Silver,188.12,True,Philippines
CUST001451,Platinum,320.0,True,India
CUST010878,Bronze,75.72,True,Vietnam
CUST012093,Bronze,77.88,False,Thailand
CUST008423,Gold,359.8,True,Thailand
CUST009590,Gold,408.66,True,Thailand
CUST004332,Silver,133.32,False,Philippines
CUST008408,Platinum,538.7,True,India
CUST013238,Silver,191.64,False,Thailand
CUST003294,Bronze,98.91,False,Thailand
CUST003161,Bronze,110.39,False,Vietnam
CUST005966,Gold,574.29,True,Singapore
CUST001045,Gold,363.85,False,Vietnam
CUST013421,Silver,326.7,False,Vietnam
CUST004909,Silver,139.76,True,Singapore
CUST005499,Bronze,48.31,True,Thailand
CUST008658,Bronze,39.53,False,Vietnam
CUST016159,Gold,398.3,True,India
CUST011076,Bronze,35.04,False,Singapore
CUST011054,Gold,277.82,True,Thailand
CUST015675,Silver,204.94,True,Thailand
CUST001600,Bronze,93.39,False,Thailand
CUST004946,Bronze,49.91,False,Singapore
CUST005118,Bronze,83.17,False,Philippines
CUST008202,Bronze,64.33,False,Philippines
CUST000892,Bronze,74.15,False,Thailand
CUST001659,Silver,95.17,False,Indonesia
CUST003425,Gold,433.52,True,Indonesia
CUST006912,Bronze,75.7,False,Thailand
CUST011773,Silver,110.7,False,Singapore
CUST008795,Silver,239.59,True,Indonesia
CUST007559,Bronze,42.27,False,India
CUST001527,Bronze,91.25,False,Indonesia
CUST008732,Gold,135.44,True,Philippines
CUST012946,Platinum,382.42,True,Philippines
CUST017950,Gold,238.28,True,Singapore
CUST002190,Platinum,772.6,True,Indonesia
CUST009404,Silver,158.09,True,Thailand
CUST003073,Gold,418.11,False,India
CUST000476,Bronze,41.9,False,India
CUST015970,Silver,59.63,False,Vietnam
CUST001586,Silver,239.98,False,Thailand
CUST010594,Silver,198.66,False,Philippines
CUST000660,Gold,380.54,False,Indonesia
CUST008197,Bronze,106.75,False,Thailand
CUST010201,Bronze,104.2,False,Indonesia
CUST004448,Bronze,75.85,False,Philippines
CUST005173,Bronze,61.14,False,Indonesia
CUST013406,Gold,233.2,False,Thailand
CUST012411,Silver,215.99,True,India
CUST012086,Bronze,81.17,False,Philippines
CUST004995,Silver,79.49,False,Thailand
CUST004143,Bronze,56.57,False,Philippines
CUST001667,Bronze,54.59,True,Philippines
CUST017824,Bronze,113.52,False,Indonesia
CUST000103,Silver,213.03,True,Thailand
CUST007495,Silver,271.0,True,Singapore
CUST016615,Bronze,104.54,False,Thailand
CUST010396,Bronze,147.71,True,India
CUST001692,Bronze,91.53,False,Philippines
CUST006883,Silver,138.87,True,Indonesia
CUST001730,Bronze,101.03,True,Singapore
CUST007791,Bronze,124.2,False,Vietnam
CUST012340,Bronze,43.8,False,Thailand
CUST003146,Platinum,397.53,True,Singapore
CUST007963,Gold,222.22,True,Thailand
CUST007731,Bronze,90.37,False,Thailand
CUST006902,Gold,369.59,True,India
CUST016317,Bronze,68.17,False,Vietnam
CUST017381,Silver,97.81,True,Singapore
CUST015344,Silver,99.32,False,Thailand
CUST009465,Silver,70.41,False,Thailand
CUST004733,Silver,122.41,False,Thailand
CUST014422,Gold,411.33,True,Singapore
CUST005076,Gold,319.85,True,Thailand
CUST012558,Silver,101.16,True,Indonesia
CUST016196,Bronze,62.57,False,Thailand
CUST017371,Bronze,159.57,False,Indonesia
CUST009188,Gold,324.38,True,Singapore
CUST010940,Bronze,100.86,False,Indonesia
CUST000762,Silver,254.64,False,Philippines
CUST002185,Silver,153.53,False,Singapore
CUST007343,Silver,160.02,False,India
CUST005927,Bronze,91.53,False,Indonesia
CUST012985,Bronze,100.75,True,Philippines
CUST001761,Bronze,92.04,False,Vietnam
CUST002457,Platinum,452.84,True,Vietnam
CUST014618,Gold,177.23,True,Indonesia
CUST017622,Silver,147.28,True,Singapore
CUST010099,Platinum,408.42,False,Indonesia
CUST014828,Gold,334.81,False,Thailand
CUST005587,Gold,519.73,True,Thailand
CUST011077,Silver,184.84,True,Philippines
CUST004592,Gold,214.91,False,Indonesia
CUST010933,Bronze,163.43,False,Philippines
CUST001306,Bronze,110.31,False,India
CUST012001,Gold,543.94,False,Vietnam
CUST006368,Bronze,120.56,False,Indonesia
CUST008319,Platinum,628.07,True,Singapore
CUST015095,Silver,149.37,False,Thailand
CUST010613,Bronze,109.72,False,Indonesia
CUST003416,Bronze,29.66,False,Thailand
CUST017828,Silver,236.98,False,India
CUST016315,Gold,200.77,True,Indonesia
CUST005338,Silver,313.02,False,Indonesia
CUST003023,Bronze,50.23,True,Indonesia
CUST001082,Bronze,73.46,False,Vietnam
CUST003137,Platinum,718.21,True,Indonesia
CUST007623,Gold,150.11,True,Singapore
CUST005353,Bronze,51.18,False,Singapore
CUST013073,Gold,354.75,True,Philippines
CUST015354,Silver,155.84,False,Philippines
CUST013135,Bronze,61.11,False,Philippines
CUST014320,Platinum,895.96,True,Singapore
CUST008364,Silver,153.77,True,Singapore
CUST015339,Bronze,88.22,False,Philippines
CUST006393,Silver,82.66,False,Philippines
CUST006138,Silver,70.38,False,Indonesia
CUST003645,Bronze,83.85,False,Thailand
CUST009925,Platinum,516.12,True,Singapore
CUST002959,Gold,289.85,True,Philippines
CUST008350,Gold,336.39,True,India
CUST005050,Gold,188.99,False,Vietnam
CUST017903,Bronze,29.92,False,Thailand
CUST013363,Bronze,67.1,False,Thailand
CUST001571,Silver,111.05,True,Philippines
CUST014492,Gold,188.72,True,Philippines
CUST006597,Silver,225.64,False,Singapore
CUST006610,Silver,106.98,True,Philippines
CUST003507,Silver,158.44,False,Singapore
CUST017341,Silver,66.22,False,Thailand
CUST011896,Platinum,935.16,True,Thailand
CUST015035,Bronze,107.49,False,India
CUST010089,Bronze,101.37,False,Indonesia
CUST008505,Bronze,86.75,True,India
CUST003481,Bronze,161.22,False,Singapore
CUST003220,Bronze,50.34,True,Philippines
CUST015451,Bronze,117.32,False,Thailand
CUST002124,Bronze,56.94,False,Singapore
CUST000632,Silver,83.78,True,India
CUST007681,Bronze,77.3,False,Thailand
CUST011214,Bronze,68.33,False,Indonesia
CUST011097,Silver,178.61,False,Indonesia
CUST008853,Silver,181.53,True,Thailand
CUST015146,Bronze,62.75,False,Indonesia
CUST014917,Bronze,111.66,False,Indonesia
CUST001367,Bronze,89.89,True,Indonesia
CUST002018,Gold,194.69,False,Vietnam
CUST007156,Gold,589.78,False,India
CUST003214,Platinum,435.16,True,Indonesia
CUST004725,Bronze,84.87,False,Indonesia
CUST001918,Silver,175.58,True,Thailand
CUST012285,Bronze,127.39,False,India
CUST012614,Silver,187.15,True,Indonesia
CUST000162,Bronze,140.43,False,Vietnam
CUST017680,Gold,482.09,True,Indonesia
CUST006602,Platinum,416.9,True,India
CUST009093,Bronze,145.82,True,Indonesia
CUST000965,Gold,370.47,False,Thailand
CUST003475,Silver,317.07,False,Thailand
CUST014338,Bronze,128.85,False,Thailand
CUST003436,Silver,206.77,True,Vietnam
CUST015395,Bronze,72.93,True,Indonesia
CUST000135,Platinum,587.29,True,India
CUST007284,Bronze,75.46,False,Indonesia
CUST007605,Bronze,24.71,True,Singapore
CUST009945,Gold,398.55,False,Singapore
CUST006342,Bronze,122.78,False,Indonesia
CUST016857,Silver,201.16,True,Singapore
CUST017078,Bronze,91.44,False,Thailand
CUST007078,Gold,354.57,True,Singapore
CUST006036,Silver,281.83,False,India
CUST001452,Bronze,36.0,False,Philippines
CUST013149,Silver,169.35,False,India
CUST007468,Platinum,786.43,True,Thailand
CUST007142,Bronze,35.37,False,Thailand
CUST009949,Platinum,597.43,False,Vietnam
CUST012499,Bronze,83.63,False,Thailand
CUST011845,Silver,124.89,False,Vietnam
CUST017618,Bronze,103.85,False,Vietnam
CUST008288,Platinum,680.21,True,Vietnam
CUST003141,Silver,58.0,True,Indonesia
CUST008701,Platinum,394.83,False,Philippines
CUST010323,Gold,98.66,True,Indonesia
CUST009446,Silver,36.5,False,Vietnam
CUST010382,Silver,433.36,False,India
CUST003789,Bronze,135.81,False,Thailand
CUST007378,Silver,262.3,True,India
CUST008205,Bronze,74.54,False,Singapore
CUST016082,Bronze,54.18,False,India
CUST001312,Bronze,75.9,False,Vietnam
CUST004021,Gold,223.19,False,Thailand
CUST011336,Bronze,86.72,False,Thailand
CUST005710,Gold,274.98,True,Singapore
CUST005407,Bronze,107.51,False,India
CUST012360,Silver,147.93,True,Indonesia
CUST006003,Gold,410.1,False,Thailand
CUST009281,Platinum,475.93,True,India
CUST011621,Silver,128.92,False,Indonesia
CUST013292,Bronze,106.31,False,Vietnam
CUST000747,Gold,270.6,True,Thailand
CUST005511,Gold,128.22,True,Indonesia
CUST015616,Silver,123.51,False,Vietnam
CUST007427,Bronze,82.39,True,Thailand
CUST010988,Bronze,27.28,False,Indonesia
CUST009588,Bronze,130.48,False,India
CUST014418,Gold,202.83,False,Singapore
CUST005059,Gold,275.23,False,Indonesia
CUST013845,Silver,138.77,False,Thailand
CUST000477,Silver,116.37,True,Vietnam
CUST015777,Silver,232.55,False,Vietnam
CUST015144,Bronze,53.01,True,Philippines
CUST014207,Silver,192.04,True,India
CUST003533,Gold,337.04,False,Singapore
CUST016764,Silver,345.35,True,Vietnam
CUST014469,Silver,184.06,True,Vietnam
CUST004280,Bronze,57.0,False,Indonesia
CUST011702,Platinum,281.08,True,Vietnam
CUST009089,Silver,188.13,False,Indonesia
CUST012897,Platinum,362.13,True,Indonesia
CUST010319,Silver,170.61,True,Vietnam
CUST004037,Silver,144.64,False,Philippines
CUST011210,Bronze,68.53,False,Singapore
CUST004445,Bronze,54.25,False,Thailand
CUST008155,Silver,95.71,False,Singapore
CUST017025,Platinum,163.63,True,India
CUST007569,Bronze,61.2,True,India
CUST010131,Bronze,66.25,False,Indonesia
CUST016793,Gold,393.87,False,Indonesia
CUST017806,Bronze,37.45,False,Singapore
CUST009718,Bronze,49.25,False,Thailand
CUST014810,Gold,296.54,False,Indonesia
CUST015445,Bronze,69.67,False,Indonesia
CUST015198,Bronze,166.26,False,Indonesia
CUST008062,Silver,100.06,False,Thailand
CUST017027,Bronze,126.51,False,Philippines
CUST005116,Gold,473.15,True,Vietnam
CUST016419,Bronze,54.46,False,Thailand
CUST001057,Bronze,88.05,False,Philippines
CUST007997,Gold,210.16,True,India
CUST015503,Bronze,50.66,False,India
CUST016850,Silver,172.9,True,Vietnam
CUST013110,Bronze,44.72,False,India
CUST017489,Bronze,101.34,False,Thailand
CUST004562,Silver,345.35,False,Vietnam
CUST004056,Silver,102.71,False,Vietnam
CUST003081,Bronze,100.61,False,Thailand
CUST013956,Silver,184.51,False,Philippines
CUST012131,Bronze,76.06,False,Singapore
CUST016988,Gold,326.74,True,Philippines
CUST008849,Silver,102.63,True,Vietnam
CUST015669,Bronze,66.85,False,Singapore
CUST011212,Silver,109.82,True,Singapore
CUST009340,Platinum,250.79,True,Indonesia
CUST005620,Platinum,1123.95,False,Indonesia
CUST016330,Silver,54.69,False,India
CUST005012,Gold,177.3,False,Indonesia
CUST010546,Silver,131.28,True,Thailand
CUST017898,Bronze,62.5,True,Singapore
CUST005700,Bronze,34.89,False,Indonesia
CUST008304,Bronze,69.2,False,Thailand
CUST006394,Bronze,88.51,False,Singapore
CUST012322,Gold,293.17,True,Vietnam
CUST011667,Bronze,128.82,False,India
CUST009585,Silver,187.2,False,Singapore
CUST017168,Bronze,63.98,False,Thailand
CUST015744,Bronze,115.96,False,Singapore
CUST007904,Bronze,78.31,False,Indonesia
CUST007090,Gold,289.43,False,Thailand
CUST000844,Bronze,102.62,False,Singapore
CUST004673,Bronze,65.53,True,Vietnam
CUST014950,Gold,346.74,True,Thailand
CUST012973,Silver,138.12,True,Vietnam
CUST001701,Platinum,509.24,True,Thailand
CUST017876,Bronze,46.17,False,Philippines
CUST013301,Bronze,214.78,False,India
CUST003884,Platinum,305.4,True,Singapore
CUST008815,Silver,185.19,False,Vietnam
CUST015242,Silver,166.51,False,Indonesia
CUST004925,Gold,320.81,True,Indonesia
CUST005415,Gold,339.05,False,Singapore
CUST013431,Silver,182.14,True,Thailand
CUST003568,Platinum,728.91,True,Indonesia
CUST000311,Silver,196.78,False,Thailand
CUST000998,Bronze,120.88,False,Singapore
CUST004596,Bronze,48.83,False,Indonesia
CUST004435,Silver,59.06,True,Vietnam
CUST003415,Bronze,116.43,False,Philippines
CUST014471,Bronze,45.28,False,Vietnam
CUST006672,Bronze,114.4,False,Thailand
CUST006009,Silver,108.35,False,Indonesia
CUST013348,Silver,82.39,False,Indonesia
CUST016617,Bronze,30.45,False,Thailand
CUST002513,Bronze,90.93,True,India
CUST003923,Bronze,55.84,False,Thailand
CUST009376,Bronze,77.56,False,Vietnam
CUST010242,Bronze,74.55,False,Indonesia
CUST009440,Bronze,39.33,False,Indonesia
CUST011021,Bronze,87.72,False,Philippines
CUST017138,Gold,683.66,False,India
CUST006873,Platinum,880.51,True,Thailand
CUST017440,Silver,142.86,False,India
CUST012857,Silver,181.57,True,India
CUST006124,Bronze,89.54,False,Thailand
CUST002406,Platinum,357.57,True,Indonesia
CUST005777,Bronze,67.94,False,India
CUST002756,Gold,157.6,False,Thailand
CUST000322,Bronze,75.3,False,Indonesia
CUST005783,Bronze,63.98,True,India
CUST009468,Silver,281.59,False,India
CUST011419,Silver,154.12,False,Vietnam
CUST017948,Silver,192.61,False,Vietnam
CUST007281,Bronze,56.21,False,Thailand
CUST006785,Silver,154.79,False,Vietnam
CUST009035,Platinum,428.63,True,Indonesia
CUST009085,Bronze,66.13,False,Indonesia
CUST003764,Gold,387.12,True,Philippines
CUST009951,Bronze,44.4,True,Thailand
CUST003466,Silver,179.53,False,Philippines
CUST014279,Platinum,486.14,True,Thailand
CUST013380,Silver,207.56,False,Vietnam
CUST001456,Silver,151.58,False,India
CUST001656,Silver,241.12,False,Indonesia
CUST008699,Silver,247.34,False,Vietnam
CUST013108,Bronze,151.49,True,Vietnam
CUST013693,Bronze,207.75,False,Thailand
CUST011608,Silver,128.2,False,Indonesia
CUST013097,Bronze,94.8,False,Indonesia
CUST004745,Silver,95.37,False,Thailand
CUST013156,Gold,190.2,True,Vietnam
CUST017403,Bronze,111.34,False,Indonesia
CUST015491,Silver,129.31,True,Vietnam
CUST013284,Bronze,66.2,False,Thailand
CUST009141,Silver,241.22,False,India
CUST008818,Bronze,131.69,False,Thailand
CUST001023,Bronze,70.32,False,Indonesia
CUST003929,Bronze,79.74,False,Indonesia
CUST015654,Platinum,664.58,True,Vietnam
CUST003905,Bronze,117.89,False,Indonesia
CUST005454,Bronze,77.35,True,Philippines
CUST003569,Bronze,73.75,False,Thailand
CUST002158,Bronze,94.83,False,Vietnam
CUST006231,Bronze,105.06,True,Thailand
CUST001662,Bronze,125.94,True,Thailand
CUST015318,Bronze,58.73,False,Philippines
CUST014862,Bronze,55.56,False,Philippines
CUST015645,Silver,174.38,False,Indonesia
CUST008683,Bronze,186.41,False,Philippines
CUST013921,Silver,273.63,True,Thailand
CUST005414,Bronze,48.73,False,Thailand
CUST002237,Gold,198.02,True,Philippines
CUST002711,Bronze,111.3,False,Philippines
CUST009735,Bronze,121.96,True,Thailand
CUST000756,Bronze,93.01,False,Indonesia
CUST013798,Bronze,102.2,False,Philippines
CUST016113,Silver,149.0,True,Indonesia
CUST004044,Platinum,774.45,True,Indonesia
CUST011048,Silver,144.86,False,Thailand
CUST015623,Bronze,84.14,False,Thailand
CUST014989,Bronze,87.44,False,Indonesia
CUST013313,Gold,231.97,True,Singapore
CUST012751,Bronze,66.06,False,Philippines
CUST017646,Bronze,90.85,False,Thailand
CUST013561,Silver,105.3,False,Philippines
CUST017879,Bronze,28.03,False,Philippines
CUST014496,Silver,84.68,True,Thailand
CUST012898,Silver,266.2,True,Indonesia
CUST000060,Bronze,125.82,False,Indonesia
CUST012918,Silver,175.01,True,Philippines
CUST014067,Bronze,68.54,False,India
CUST010271,Bronze,26.52,False,Singapore
CUST002747,Bronze,98.03,False,Indonesia
CUST003414,Gold,383.57,False,Philippines
CUST007629,Bronze,68.35,False,Philippines
CUST002601,Platinum,650.0,True,Vietnam
CUST016299,Bronze,72.89,False,Thailand
CUST005496,Bronze,60.65,False,India
CUST014182,Gold,144.95,True,Thailand
CUST007030,Bronze,94.44,False,Thailand
CUST009763,Bronze,72.53,True,India
CUST006423,Bronze,187.5,False,Indonesia
CUST008555,Gold,294.82,True,Indonesia
CUST005968,Silver,155.02,False,Thailand
CUST017551,Bronze,67.17,False,Philippines
CUST010577,Silver,117.48,False,Indonesia
CUST012390,Silver,159.56,False,Philippines
CUST017045,Gold,414.55,False,Vietnam
CUST015149,Bronze,216.54,False,India
CUST002862,Bronze,53.98,False,Philippines
CUST013454,Bronze,176.9,False,India
CUST001411,Bronze,53.72,True,Vietnam
CUST000121,Silver,125.23,True,Indonesia
CUST006797,Silver,173.16,True,Thailand
CUST010796,Bronze,126.26,False,Singapore
CUST008133,Bronze,62.45,False,Vietnam
CUST014687,Platinum,702.27,True,Thailand
CUST007023,Gold,171.72,False,Vietnam
CUST010448,Bronze,106.46,True,Singapore
CUST004200,Silver,126.78,True,Indonesia
CUST005884,Silver,246.17,False,Thailand
CUST008184,Platinum,333.45,True,Vietnam
CUST015341,Bronze,73.09,True,Indonesia
CUST007362,Bronze,110.06,False,Thailand
CUST014726,Bronze,82.26,False,Vietnam
CUST008369,Bronze,59.35,False,Singapore
CUST007187,Bronze,71.18,False,Indonesia
CUST008146,Silver,165.71,True,Thailand
CUST011496,Silver,277.9,True,Vietnam
CUST000653,Bronze,103.93,False,India
CUST004646,Silver,243.47,False,Indonesia
CUST001945,Bronze,95.83,False,Thailand
CUST016789,Bronze,131.74,True,Philippines
CUST006498,Silver,175.04,True,Philippines
CUST017136,Bronze,32.74,False,India
CUST015738,Bronze,111.6,False,Indonesia
CUST012281,Bronze,168.77,False,Indonesia
CUST005531,Platinum,574.48,True,Philippines
CUST017977,Gold,242.96,False,India
CUST000235,Platinum,361.43,True,Singapore
CUST005395,Bronze,62.74,False,Vietnam
CUST004868,Bronze,124.16,False,Vietnam
CUST014072,Bronze,84.31,False,India
CUST007412,Silver,197.1,False,India
CUST007420,Gold,131.45,True,Indonesia
CUST006683,Gold,217.17,True,Singapore
CUST011071,Bronze,82.69,False,Indonesia
CUST010447,Platinum,371.44,True,Indonesia
CUST015832,Silver,145.81,True,India
CUST014739,Silver,130.18,True,Indonesia
CUST002865,Bronze,46.18,True,Thailand
CUST012511,Silver,172.64,True,Indonesia
CUST003462,Silver,93.78,True,India
CUST003617,Silver,126.57,False,Thailand
CUST015684,Bronze,115.77,True,Indonesia
CUST010762,Silver,119.96,False,Philippines
CUST005491,Bronze,68.84,True,Vietnam
CUST002542,Silver,87.31,True,Thailand
CUST014106,Bronze,70.7,False,India
CUST016999,Bronze,97.81,False,Vietnam
CUST005752,Bronze,69.14,False,Philippines
CUST005605,Bronze,117.91,True,Vietnam
CUST015686,Platinum,438.05,True,Indonesia
CUST009643,Silver,156.11,False,Vietnam
CUST017013,Silver,198.46,False,Thailand
CUST013933,Bronze,79.71,False,Thailand
CUST005808,Bronze,67.69,False,Vietnam
CUST009723,Gold,336.32,False,Thailand
CUST009843,Gold,179.02,False,Singapore
CUST009343,Platinum,727.33,True,Vietnam
CUST000938,Gold,255.82,True,India
CUST017768,Silver,129.65,True,Vietnam
CUST012345,Gold,350.28,False,Vietnam
CUST011049,Gold,116.68,False,Philippines
CUST014659,Gold,339.29,True,Singapore
CUST005820,Silver,97.44,True,Singapore
CUST017185,Silver,262.21,False,Philippines
CUST012933,Gold,212.69,True,Indonesia
CUST008996,Bronze,87.61,False,Vietnam
CUST002873,Gold,181.55,True,Philippines
CUST014000,Bronze,55.54,False,Singapore
CUST011711,Silver,80.86,True,Philippines
CUST012402,Gold,290.22,True,Thailand
CUST000698,Silver,140.51,False,Thailand
CUST007045,Gold,284.92,True,Indonesia
CUST011887,Silver,217.55,False,Singapore
CUST001497,Gold,201.14,True,Philippines
CUST014703,Gold,327.6,True,Vietnam
CUST009882,Bronze,49.54,True,India
CUST012138,Bronze,54.65,False,India
CUST008834,Platinum,731.75,True,Vietnam
CUST007980,Bronze,188.67,False,Indonesia
CUST002664,Platinum,761.37,True,Vietnam
CUST007595,Silver,166.89,False,Philippines
CUST003283,Bronze,73.89,False,Thailand
CUST014920,Bronze,127.13,False,Thailand
CUST017988,Bronze,107.52,False,India
CUST007081,Silver,204.61,True,Vietnam
CUST014636,Platinum,408.33,True,Thailand
CUST008585,Gold,303.4,True,Philippines
CUST000837,Bronze,149.59,False,India
CUST016724,Bronze,72.28,True,Indonesia
CUST010281,Platinum,418.09,False,India
CUST002838,Bronze,47.52,False,Thailand
CUST008418,Bronze,99.53,False,Philippines
CUST004459,Bronze,96.53,False,India
CUST015332,Bronze,112.98,True,Philippines
CUST016778,Bronze,74.63,False,India
CUST007979,Silver,79.77,False,Vietnam
CUST013096,Silver,213.76,False,Singapore
CUST013401,Bronze,65.11,False,Vietnam
CUST003805,Bronze,92.53,False,Philippines
CUST002863,Silver,105.94,True,Vietnam
CUST008003,Bronze,65.35,False,Singapore
CUST001453,Bronze,80.49,False,India
CUST006567,Bronze,97.56,True,Vietnam
CUST016536,Platinum,312.37,True,India
CUST004917,Bronze,47.94,False,Vietnam
CUST017297,Bronze,39.86,False,Vietnam
CUST008698,Gold,362.87,True,Singapore
CUST009009,Gold,212.07,True,Vietnam
CUST011073,Gold,207.29,True,Indonesia
CUST010379,Platinum,349.18,True,Vietnam
CUST007493,Bronze,155.96,True,India
CUST010857,Bronze,124.55,True,Indonesia
CUST000520,Silver,100.43,True,Indonesia
CUST000321,Bronze,73.51,False,Vietnam
CUST016323,Gold,489.01,False,Vietnam
CUST003447,Bronze,84.62,False,Indonesia
CUST002476,Bronze,83.57,True,Singapore
CUST013316,Bronze,83.69,False,Vietnam
CUST014723,Bronze,76.63,False,Indonesia
CUST013694,Silver,233.56,False,Indonesia
CUST010298,Platinum,634.58,True,Philippines
CUST015567,Gold,160.55,False,Thailand
CUST006665,Bronze,62.04,False,Thailand
CUST002104,Bronze,66.01,False,Thailand
CUST011233,Silver,187.29,False,Indonesia
CUST000974,Bronze,110.48,False,Indonesia
CUST002983,Bronze,127.49,False,India
CUST010276,Bronze,67.8,False,Philippines
CUST009094,Bronze,176.24,False,Singapore
CUST015311,Silver,164.92,False,Thailand
CUST009502,Gold,650.85,False,Singapore
CUST003573,Platinum,439.24,True,Thailand
CUST016255,Bronze,55.44,True,Thailand
CUST008530,Bronze,95.21,False,Indonesia
CUST001281,Bronze,82.48,False,Vietnam
CUST012096,Bronze,105.05,False,Philippines
CUST009470,Bronze,43.66,True,Singapore
CUST001001,Bronze,100.84,False,Indonesia
CUST011841,Bronze,67.6,True,Singapore
CUST014615,Silver,230.29,False,Singapore
CUST016504,Platinum,299.6,True,Indonesia
CUST007101,Bronze,156.11,False,India
CUST004635,Platinum,256.81,True,Indonesia
CUST007758,Silver,114.95,True,Indonesia
CUST002649,Bronze,125.22,False,Philippines
CUST012842,Silver,98.17,False,Indonesia
CUST010205,Bronze,44.63,True,Vietnam
CUST012645,Silver,306.78,False,India
CUST015200,Platinum,893.37,True,India
CUST002271,Platinum,657.78,True,Philippines
CUST012862,Bronze,74.02,False,Thailand
CUST004887,Bronze,95.85,False,India
CUST006550,Bronze,58.45,False,Singapore
CUST000836,Gold,391.34,False,Thailand
CUST017783,Gold,295.21,False,Philippines
CUST017892,Bronze,95.26,False,Philippines
CUST015825,Gold,158.39,True,Indonesia
CUST010464,Bronze,114.92,True,Singapore
CUST015954,Bronze,99.45,False,Indonesia
CUST017682,Silver,170.34,False,India
CUST016180,Bronze,67.84,False,Indonesia
CUST009901,Gold,302.59,True,Singapore
CUST000372,Bronze,48.71,False,Philippines
CUST000394,Gold,185.74,False,Indonesia
CUST001767,Bronze,49.96,False,Indonesia
CUST000347,Silver,242.88,False,Thailand
CUST012497,Bronze,114.57,False,Indonesia
CUST009724,Silver,138.54,False,Indonesia
CUST010760,Silver,108.36,False,India
CUST004786,Silver,152.85,True,Singapore
CUST006690,Gold,563.9,False,India
CUST013646,Bronze,115.35,True,India
CUST015735,Platinum,454.17,True,Indonesia
CUST012230,Bronze,78.39,False,Vietnam
CUST002989,Silver,222.2,True,Singapore
CUST000781,Silver,97.38,False,Thailand
CUST005497,Bronze,100.61,False,India
CUST005608,Bronze,41.58,False,India
CUST006997,Bronze,76.62,False,Indonesia
CUST010574,Gold,297.99,False,Indonesia
CUST014884,Silver,157.99,True,Philippines
CUST016520,Silver,165.1,True,India
CUST012932,Gold,423.98,True,India
CUST000985,Bronze,107.65,False,Vietnam
CUST011428,Gold,196.18,True,Vietnam
CUST011185,Bronze,62.94,False,Singapore
CUST010817,Bronze,92.9,False,Thailand
CUST004385,Bronze,62.54,False,Vietnam
CUST002933,Bronze,72.55,False,Philippines
CUST005961,Silver,272.74,False,Philippines
CUST005364,Bronze,81.41,False,India
CUST003244,Silver,97.99,False,Vietnam
CUST003763,Bronze,68.32,True,Vietnam
CUST007852,Bronze,83.39,False,Philippines
CUST001930,Silver,164.85,True,Thailand
CUST012636,Gold,121.82,False,India
CUST011909,Bronze,58.4,False,Vietnam
CUST016984,Bronze,157.24,False,Indonesia
CUST014503,Platinum,392.35,True,Vietnam
CUST002423,Bronze,55.74,False,Vietnam
CUST017807,Platinum,404.25,True,Philippines
CUST006700,Bronze,52.8,False,Philippines
CUST006127,Silver,287.57,False,Thailand
CUST012284,Bronze,97.36,False,Thailand
CUST003340,Bronze,128.87,False,Thailand
CUST013297,Platinum,482.59,True,Vietnam
CUST001608,Bronze,114.08,False,India
CUST005654,Bronze,64.17,False,India
CUST017691,Bronze,88.24,False,Singapore
CUST003771,Bronze,29.49,False,Philippines
CUST014940,Gold,353.22,True,Philippines
CUST017976,Silver,146.03,False,Vietnam
CUST012641,Bronze,47.86,False,Indonesia
CUST017439,Silver,153.04,True,India
CUST003091,Bronze,177.47,True,India
CUST010620,Bronze,163.17,False,Thailand
CUST007317,Bronze,69.01,False,Thailand
CUST006316,Bronze,67.56,False,Philippines
CUST009143,Platinum,776.26,True,Thailand
CUST011785,Bronze,103.59,False,Philippines
CUST012410,Bronze,164.05,False,Indonesia
CUST004095,Silver,108.59,True,Vietnam
CUST004548,Bronze,122.42,False,Philippines
CUST017258,Bronze,69.84,False,Thailand
CUST007539,Bronze,82.35,False,Indonesia
CUST015605,Gold,333.72,False,Thailand
CUST011490,Gold,209.87,True,Thailand
CUST012537,Platinum,788.66,True,India
CUST013739,Silver,88.52,False,Singapore
CUST001214,Bronze,105.37,False,Thailand
CUST017992,Bronze,74.34,False,Indonesia
CUST010964,Bronze,117.01,False,Philippines
CUST005873,Bronze,96.85,False,Vietnam
CUST010210,Bronze,96.7,False,Singapore
CUST003276,Silver,108.0,False,Vietnam
CUST009755,Silver,167.14,False,Vietnam
CUST013466,Bronze,59.8,False,Vietnam
CUST003337,Silver,208.84,True,India
CUST004235,Bronze,59.49,False,India
CUST011151,Platinum,292.29,True,Vietnam
CUST003408,Bronze,58.49,False,Thailand
CUST005549,Bronze,84.04,False,Indonesia
CUST008368,Silver,207.05,True,Vietnam
CUST014428,Bronze,157.41,False,Indonesia
CUST002332,Gold,315.49,True,Vietnam
CUST017260,Gold,258.04,False,Philippines
CUST006214,Silver,179.4,False,Vietnam
CUST007285,Silver,96.29,False,Singapore
CUST013559,Gold,315.59,True,Indonesia
CUST007103,Platinum,428.17,True,Indonesia
CUST006453,Silver,172.23,True,Philippines
CUST016834,Bronze,80.52,False,Singapore
CUST003861,Bronze,58.43,False,Thailand
CUST017608,Bronze,50.66,False,Thailand
CUST003711,Bronze,111.28,True,India
CUST012305,Silver,97.37,True,Vietnam
CUST008034,Gold,225.74,False,Singapore
CUST014601,Platinum,531.18,True,Philippines
CUST006051,Silver,209.43,True,Thailand
CUST017760,Bronze,73.71,False,Philippines
CUST006821,Bronze,126.96,False,Singapore
CUST005943,Bronze,72.16,False,India
CUST014680,Silver,133.29,False,Thailand
CUST002684,Silver,88.28,False,Thailand
CUST013034,Platinum,249.35,True,Thailand
CUST008176,Bronze,62.86,False,Singapore
CUST015629,Silver,431.07,False,Philippines
CUST005486,Gold,237.1,False,Indonesia
CUST006604,Platinum,466.33,True,Indonesia
CUST006965,Silver,202.58,True,Vietnam
CUST010980,Bronze,83.7,False,Philippines
CUST000793,Bronze,132.32,True,Vietnam
CUST007123,Silver,198.8,True,India
CUST014265,Silver,106.57,True,Thailand
CUST002390,Bronze,114.68,False,Singapore
CUST016670,Platinum,585.29,True,Indonesia
CUST017785,Bronze,107.53,False,Indonesia
CUST005926,Bronze,61.82,False,Indonesia
CUST000238,Platinum,636.57,True,India
CUST010880,Bronze,52.86,False,Philippines
CUST009385,Bronze,98.67,True,Singapore
CUST009899,Silver,89.6,False,Singapore
CUST006446,Silver,138.19,True,Thailand
CUST003865,Bronze,45.39,True,India
CUST011439,Bronze,63.2,True,Indonesia
CUST000074,Bronze,63.86,False,Indonesia
CUST007950,Bronze,99.7,False,Thailand
CUST013162,Bronze,72.05,False,Singapore
CUST005319,Silver,99.0,True,Thailand
CUST016138,Bronze,51.83,False,Vietnam
CUST015821,Bronze,33.19,False,Vietnam
CUST017277,Bronze,69.21,True,Thailand
CUST011228,Silver,98.48,False,India
CUST005699,Platinum,296.73,False,Philippines
CUST006503,Silver,109.64,False,Vietnam
CUST017483,Platinum,642.97,False,Philippines
CUST007839,Bronze,83.38,True,India
CUST016020,Bronze,72.39,False,Thailand
CUST002370,Gold,301.85,False,Thailand
CUST006971,Silver,109.68,True,Vietnam
CUST006577,Silver,132.88,False,Thailand
CUST009621,Gold,470.38,True,Singapore
CUST006116,Bronze,44.36,True,Thailand
CUST006893,Bronze,69.1,False,Thailand
CUST002725,Bronze,43.93,False,Thailand
CUST016901,Platinum,586.39,True,Philippines
CUST006499,Bronze,123.7,False,Thailand
CUST015437,Silver,204.81,True,India
CUST007086,Silver,275.34,False,Philippines
CUST009273,Silver,167.44,False,Philippines
CUST017183,Bronze,98.51,False,Philippines
CUST017238,Bronze,90.88,True,Philippines
CUST002893,Gold,180.99,True,Singapore
CUST001459,Bronze,62.04,False,Indonesia
CUST015039,Bronze,111.91,False,Philippines
CUST001309,Bronze,116.38,False,Thailand
CUST010200,Bronze,85.37,False,Indonesia
CUST016443,Silver,99.67,False,Thailand
CUST007803,Silver,83.11,True,Philippines
CUST014512,Bronze,41.43,False,Indonesia
CUST010172,Silver,197.01,True,Philippines
CUST002289,Bronze,253.75,False,Indonesia
CUST004297,Bronze,87.42,False,Indonesia
CUST012256,Silver,187.75,False,Philippines
CUST017317,Gold,148.73,True,Philippines
CUST008850,Bronze,46.38,False,Thailand
CUST005634,Bronze,55.62,False,Indonesia
CUST011766,Bronze,92.76,True,Vietnam
CUST005472,Silver,159.99,True,India
CUST011194,Platinum,697.82,True,Vietnam
CUST012850,Bronze,153.64,False,Indonesia
CUST017764,Bronze,85.97,True,Vietnam
CUST016411,Silver,192.57,True,India
CUST011469,Bronze,104.93,True,Thailand
CUST007917,Bronze,58.42,True,Vietnam
CUST009988,Gold,648.03,False,India
CUST016524,Silver,172.43,False,Thailand
CUST016041,Bronze,108.45,True,Indonesia
CUST007952,Bronze,75.94,False,Vietnam
CUST015933,Bronze,162.64,False,Indonesia
CUST014906,Silver,153.16,False,Indonesia
CUST002023,Silver,110.98,False,Singapore
CUST015019,Bronze,85.38,False,Vietnam
CUST011421,Silver,212.03,False,Thailand
CUST016073,Silver,215.02,True,India
CUST006496,Gold,368.64,False,Thailand
CUST002042,Silver,203.65,True,India
CUST006305,Gold,310.45,True,Philippines
CUST011888,Gold,437.82,True,Thailand
CUST005687,Silver,100.6,True,Thailand
CUST001562,Silver,82.6,False,Thailand
CUST011647,Bronze,41.22,False,Indonesia
CUST000209,Bronze,135.46,True,Vietnam
CUST000174,Bronze,156.65,False,Indonesia
CUST007097,Bronze,61.13,True,Thailand
CUST014764,Platinum,362.24,True,India
CUST012960,Silver,115.83,True,Singapore
CUST016407,Silver,140.4,False,Thailand
CUST008446,Bronze,124.65,True,Thailand
CUST017367,Silver,74.21,False,Vietnam
CUST016833,Silver,117.98,True,Indonesia
CUST007772,Platinum,558.36,False,Philippines
CUST003509,Gold,311.56,False,Philippines
CUST013056,Silver,70.54,False,Philippines
CUST013927,Bronze,50.96,False,Thailand
CUST003845,Bronze,109.23,False,Thailand
CUST012616,Platinum,428.84,False,Singapore
CUST005138,Gold,283.15,False,Indonesia
CUST008628,Bronze,28.77,False,Indonesia
CUST010425,Bronze,49.75,False,India
CUST007659,Silver,133.43,True,Thailand
CUST017378,Bronze,67.13,False,Philippines
CUST016494,Silver,142.25,True,Vietnam
CUST012723,Bronze,123.93,False,Thailand
CUST008038,Silver,139.44,False,Singapore
CUST001488,Gold,189.19,False,Thailand
CUST004813,Bronze,58.73,False,Singapore
CUST008305,Gold,327.79,True,Vietnam
CUST009653,Bronze,76.35,False,India
CUST015337,Silver,120.1,True,Vietnam
CUST002115,Silver,248.13,True,India
CUST017960,Platinum,338.87,True,Thailand
CUST008594,Bronze,79.59,True,Vietnam
CUST005187,Bronze,52.74,False,Singapore
CUST009619,Silver,178.89,True,Vietnam
CUST009397,Bronze,74.45,False,Indonesia
CUST005408,Silver,227.96,False,Indonesia
CUST011804,Gold,201.37,False,Thailand
CUST002912,Silver,122.57,False,Singapore
CUST000604,Bronze,77.27,False,Thailand
CUST008767,Silver,82.98,True,Thailand
CUST016828,Gold,283.57,False,Thailand
CUST004817,Silver,107.73,True,India
CUST012359,Bronze,89.94,False,Thailand
CUST002644,Bronze,113.67,True,Indonesia
CUST015480,Bronze,85.05,False,Philippines
CUST006552,Platinum,204.64,True,Singapore
CUST014581,Bronze,86.27,False,Singapore
CUST006006,Silver,155.69,False,Vietnam
CUST004561,Bronze,82.24,False,India
CUST010053,Silver,387.1,True,Thailand
CUST012387,Silver,99.53,False,India
CUST012908,Bronze,69.68,True,India
CUST002691,Gold,439.56,True,Thailand
CUST000954,Silver,172.09,False,Indonesia
CUST001980,Bronze,71.49,False,Thailand
CUST009932,Bronze,52.53,False,Philippines
CUST012043,Bronze,85.11,False,Indonesia
CUST006060,Gold,212.59,False,Indonesia
CUST003788,Gold,218.6,True,Thailand
CUST004053,Silver,180.93,False,Philippines
CUST014319,Gold,354.96,False,Indonesia
CUST000947,Bronze,204.86,True,India
CUST012020,Silver,166.77,False,Philippines
CUST003407,Silver,143.2,True,Thailand
CUST003650,Bronze,104.01,False,India
CUST016144,Silver,75.07,False,Thailand
CUST016886,Platinum,410.87,False,Vietnam
CUST013509,Bronze,93.73,False,Singapore
CUST011033,Silver,92.49,True,India
CUST003576,Bronze,79.03,False,India
CUST007524,Bronze,67.34,False,India
CUST013860,Silver,163.5,True,Vietnam
CUST013168,Gold,318.26,False,Thailand
CUST009810,Bronze,73.85,False,Singapore
CUST006530,Bronze,130.61,False,Thailand
CUST008640,Bronze,81.95,False,Philippines
CUST005627,Bronze,163.18,False,Thailand
CUST009759,Bronze,42.35,False,Vietnam
CUST014582,Silver,174.83,True,Indonesia
CUST011613,Silver,111.54,True,Thailand
CUST002469,Silver,250.9,True,Indonesia
CUST006685,Platinum,416.72,True,India
CUST002211,Bronze,46.38,True,Thailand
CUST006097,Bronze,57.9,False,Singapore
CUST003364,Bronze,105.68,False,Thailand
CUST017244,Bronze,64.36,False,Philippines
CUST014476,Gold,220.26,True,India
CUST009176,Silver,131.68,False,Vietnam
CUST013982,Bronze,63.76,False,Vietnam
CUST004422,Bronze,99.19,False,Indonesia
CUST014440,Bronze,72.88,False,India
CUST000390,Bronze,92.89,False,Vietnam
CUST005653,Bronze,72.73,False,Vietnam
CUST005373,Bronze,62.64,True,Indonesia
CUST007354,Silver,254.85,True,India
CUST003295,Bronze,86.93,False,Vietnam
CUST014729,Platinum,410.55,True,Vietnam
CUST016376,Bronze,95.45,False,Singapore
CUST000354,Platinum,602.18,True,Singapore
CUST015681,Bronze,43.5,False,Singapore
CUST001633,Silver,103.67,False,Vietnam
CUST010286,Bronze,43.89,False,Thailand
CUST008814,Silver,237.07,False,Philippines
CUST008482,Bronze,44.56,False,Indonesia
CUST010704,Bronze,51.3,False,Vietnam
CUST014257,Platinum,852.79,True,Singapore
CUST005534,Bronze,103.84,True,India
CUST012137,Bronze,184.58,False,Thailand
CUST005582,Platinum,359.98,True,Philippines
CUST012705,Platinum,708.07,False,Singapore
CUST016531,Bronze,98.76,False,Thailand
CUST006464,Gold,256.69,False,Thailand
CUST017358,Bronze,60.96,False,Philippines
CUST012162,Silver,64.03,False,Vietnam
CUST000506,Platinum,889.63,True,Singapore
CUST006828,Silver,201.65,True,Vietnam
CUST005211,Bronze,97.21,False,Indonesia
CUST011583,Silver,58.24,False,Thailand
CUST012342,Bronze,133.22,False,Philippines
CUST007384,Gold,374.73,True,Thailand
CUST014178,Platinum,229.68,True,Indonesia
CUST000847,Gold,365.51,True,India
CUST008976,Bronze,47.76,False,Vietnam
CUST004788,Bronze,49.28,True,Thailand
CUST009124,Silver,82.65,True,Thailand
CUST001957,Silver,77.22,False,Singapore
CUST001748,Silver,109.06,True,Singapore
CUST005471,Silver,98.37,False,Vietnam
CUST015762,Silver,193.96,False,Philippines
CUST005117,Bronze,55.41,False,Philippines
CUST012903,Platinum,459.13,False,Philippines
CUST011821,Bronze,70.86,False,Indonesia
CUST016864,Bronze,70.59,False,Thailand
CUST014560,Platinum,460.74,False,Philippines
CUST013433,Bronze,70.29,False,Philippines
CUST001577,Bronze,51.78,False,Vietnam
CUST009374,Bronze,61.82,False,India
CUST017987,Bronze,78.17,False,Indonesia
CUST007178,Bronze,105.86,False,Philippines
CUST001360,Bronze,93.07,False,Vietnam
CUST012861,Silver,225.56,False,Indonesia
CUST014566,Platinum,465.53,True,Vietnam
CUST008843,Gold,488.53,True,Thailand
CUST010368,Bronze,97.94,False,India
CUST016561,Platinum,305.18,True,Vietnam
CUST007552,Bronze,161.32,True,India
CUST001933,Silver,91.24,True,Indonesia
CUST017059,Platinum,915.79,True,Philippines
CUST001879,Bronze,226.9,True,India
CUST015973,Silver,182.69,False,Vietnam
CUST007472,Gold,310.82,True,Thailand
CUST008445,Silver,130.41,False,Philippines
CUST014755,Bronze,42.57,True,India
CUST005233,Bronze,67.84,False,Vietnam
CUST000422,Silver,204.88,False,Philippines
CUST004166,Bronze,73.13,True,Thailand
CUST000076,Platinum,383.13,True,India
CUST016636,Gold,305.31,True,Vietnam
CUST002195,Gold,178.99,True,Thailand
CUST015007,Silver,39.47,True,Vietnam
CUST011204,Gold,428.01,True,Thailand
CUST002336,Bronze,189.62,False,Philippines
CUST010446,Silver,127.54,False,Philippines
CUST012818,Platinum,272.61,False,Vietnam
CUST010764,Gold,221.01,True,Indonesia
CUST004213,Bronze,60.21,False,Vietnam
CUST011833,Bronze,52.69,False,Singapore
CUST009256,Gold,267.72,False,Singapore
CUST016898,Silver,127.72,False,Philippines
CUST014518,Gold,283.32,True,Vietnam
CUST003124,Bronze,90.37,False,Philippines
CUST010968,Gold,330.71,True,Thailand
CUST010943,Bronze,80.41,True,Thailand
CUST011435,Platinum,434.27,True,India
CUST013138,Bronze,114.71,False,Singapore
CUST000484,Bronze,50.97,False,India
CUST008395,Bronze,100.16,False,Thailand
CUST004629,Bronze,45.09,False,Philippines
CUST014081,Silver,116.81,False,Thailand
CUST016806,Bronze,51.68,False,Thailand
CUST008492,Bronze,70.14,True,Vietnam
CUST002010,Silver,109.02,True,Indonesia
CUST014011,Bronze,76.98,False,Philippines
CUST016891,Bronze,81.52,False,Singapore
CUST017842,Bronze,99.54,False,Vietnam
CUST001061,Bronze,65.19,True,India
CUST017189,Platinum,565.05,True,Vietnam
CUST007448,Bronze,66.74,False,India
CUST014032,Bronze,41.01,False,Indonesia
CUST013695,Gold,246.56,True,Philippines
CUST008648,Bronze,43.7,False,Philippines
CUST000957,Silver,110.49,False,Philippines
CUST012807,Gold,286.64,True,Indonesia
CUST016321,Gold,373.84,False,Vietnam
CUST015327,Bronze,88.87,False,Thailand
CUST007157,Silver,159.41,False,India
CUST004797,Silver,94.34,False,Thailand
CUST012929,Silver,149.77,False,Indonesia
CUST003376,Bronze,65.48,False,Indonesia
CUST017441,Gold,358.65,True,Indonesia
CUST017018,Bronze,38.35,False,Thailand
CUST017322,Silver,260.84,True,Philippines
CUST014994,Bronze,127.63,True,Singapore
CUST009875,Platinum,485.09,False,Indonesia
CUST009518,Silver,155.48,True,Thailand
CUST005524,Silver,163.92,False,Vietnam
CUST008424,Platinum,409.21,True,India
CUST003639,Silver,208.93,False,Philippines
CUST006791,Bronze,81.83,False,Philippines
CUST002379,Gold,206.2,False,India
CUST008406,Bronze,115.4,False,Indonesia
CUST004328,Silver,180.89,False,Philippines
CUST013935,Gold,378.07,True,India
CUST007518,Platinum,256.4,True,Vietnam
CUST012605,Silver,137.74,False,Vietnam
CUST002828,Silver,99.78,False,Philippines
CUST004411,Gold,238.77,True,Indonesia
CUST015017,Gold,492.41,True,Thailand
CUST015413,Bronze,91.6,False,Philippines
CUST009868,Bronze,41.04,True,Thailand
CUST000699,Silver,157.06,False,Thailand
CUST001161,Silver,124.1,False,Thailand
CUST003862,Platinum,278.35,True,Indonesia
CUST017420,Bronze,75.93,False,Vietnam
CUST015602,Platinum,452.06,True,Indonesia
CUST017281,Bronze,131.28,False,Singapore
CUST012811,Silver,88.7,False,Indonesia
CUST014291,Silver,81.63,True,India
CUST010896,Gold,428.52,False,India
CUST001218,Bronze,122.42,False,Philippines
CUST005813,Silver,187.85,True,India
CUST007146,Bronze,40.0,False,Indonesia
CUST005437,Silver,144.47,True,Singapore
CUST015404,Silver,108.31,False,Indonesia
CUST005657,Bronze,69.52,False,Vietnam
CUST011024,Bronze,104.64,True,India
CUST005485,Bronze,85.99,False,Indonesia
CUST000192,Platinum,511.24,True,Singapore
CUST013098,Silver,205.22,False,Indonesia
CUST015350,Bronze,91.45,True,Singapore
CUST014799,Silver,115.03,True,Indonesia
CUST005791,Bronze,54.13,False,Vietnam
CUST007836,Gold,277.24,True,Vietnam
CUST004821,Bronze,85.05,False,Singapore
CUST017699,Silver,143.19,True,Singapore
CUST000097,Silver,142.31,True,Indonesia
CUST003578,Silver,96.82,False,Thailand
CUST015255,Bronze,78.32,True,Thailand
CUST000274,Bronze,86.46,False,India
CUST008949,Bronze,124.93,False,Vietnam
CUST006734,Gold,703.41,False,Singapore
CUST016301,Gold,226.58,False,Vietnam
CUST008110,Bronze,114.28,True,Indonesia
CUST016397,Bronze,49.92,True,India
CUST003160,Platinum,325.5,True,Vietnam
CUST014397,Silver,165.78,True,Philippines
CUST009719,Bronze,49.37,False,Singapore
CUST016846,Bronze,64.13,False,India
CUST012209,Bronze,85.83,False,Thailand
CUST009864,Bronze,66.1,False,Indonesia
CUST015130,Bronze,26.37,True,Thailand
CUST003840,Platinum,553.48,True,India
CUST010569,Bronze,170.91,False,Vietnam
CUST007267,Bronze,152.03,False,Indonesia
CUST016664,Bronze,154.3,False,India
CUST009563,Bronze,98.79,False,Thailand
CUST005100,Gold,410.04,True,Vietnam
CUST004469,Bronze,55.72,True,Indonesia
CUST001952,Bronze,50.17,True,India
CUST012327,Bronze,83.13,False,Philippines
CUST012047,Gold,263.2,False,Thailand
CUST012312,Silver,97.47,True,India
CUST015393,Silver,182.55,False,Thailand
CUST008084,Bronze,57.83,False,Vietnam
CUST004308,Platinum,320.69,True,Philippines
CUST001420,Platinum,810.02,True,Indonesia
CUST010923,Bronze,257.87,True,Indonesia
CUST007410,Bronze,59.74,False,Singapore
CUST013503,Silver,181.03,True,India
CUST008479,Bronze,65.65,False,India
CUST017889,Bronze,113.65,True,Philippines
CUST008411,Gold,335.62,False,Vietnam
CUST017292,Platinum,428.7,True,Thailand
CUST006084,Gold,383.57,True,India
CUST008718,Bronze,41.73,False,Philippines
CUST016410,Silver,169.69,True,Indonesia
CUST002117,Bronze,87.74,False,Vietnam
CUST014872,Gold,401.04,True,Vietnam
CUST014738,Bronze,132.12,False,Singapore
CUST001528,Bronze,78.33,True,Philippines
CUST006247,Bronze,64.08,False,Singapore
CUST009921,Bronze,93.01,False,India
CUST008789,Bronze,68.73,False,Philippines
CUST005344,Silver,212.56,True,Philippines
CUST010211,Gold,200.88,True,Indonesia
CUST006194,Silver,133.78,False,Philippines
CUST016390,Gold,195.55,True,Thailand
CUST014449,Silver,260.31,False,Philippines
CUST010485,Bronze,87.51,True,Indonesia
CUST013006,Gold,453.38,False,Singapore
CUST002769,Gold,370.72,True,India
CUST002173,Bronze,88.17,False,Thailand
CUST001365,Bronze,92.69,False,Thailand
CUST007162,Bronze,52.51,False,India
CUST017175,Gold,417.77,True,India
CUST005860,Silver,232.78,True,India
CUST005126,Platinum,349.14,True,Singapore
CUST003159,Silver,181.46,False,Singapore
CUST004809,Bronze,101.46,False,Singapore
CUST008235,Platinum,396.48,False,India
CUST006764,Bronze,126.81,False,Philippines
CUST001257,Bronze,108.23,False,Thailand
CUST003109,Gold,189.24,False,Indonesia
CUST006825,Platinum,482.19,True,Philippines
CUST013572,Silver,119.81,True,Thailand
CUST011534,Silver,263.34,True,Vietnam
CUST010756,Bronze,86.87,False,Philippines
CUST010183,Gold,517.18,False,India
CUST002061,Bronze,59.05,False,Vietnam
CUST009515,Bronze,105.11,False,Philippines
CUST017962,Bronze,42.89,False,Thailand
CUST011316,Gold,248.49,True,Singapore
CUST003243,Platinum,532.52,True,India
CUST006505,Silver,172.55,True,Vietnam
CUST016570,Bronze,75.03,False,Thailand
CUST011665,Gold,304.47,False,Philippines
CUST017151,Silver,134.67,False,Indonesia
CUST002642,Bronze,82.41,False,Singapore
CUST004654,Gold,544.07,True,India
CUST006209,Bronze,68.05,False,Thailand
CUST001877,Bronze,37.21,False,Philippines
CUST009626,Bronze,91.06,False,Indonesia
CUST014751,Silver,182.81,True,Indonesia
CUST011524,Gold,187.64,False,Vietnam
CUST001422,Bronze,69.39,False,Vietnam
CUST001732,Bronze,112.55,False,India
CUST006580,Bronze,198.27,False,Vietnam
CUST007342,Bronze,69.32,False,India
CUST013484,Bronze,26.2,True,Singapore
CUST006092,Bronze,60.79,False,India
CUST008119,Platinum,368.06,True,Thailand
CUST017718,Bronze,97.93,True,Philippines
CUST009736,Bronze,104.12,True,Indonesia
CUST008828,Gold,147.53,True,India
CUST003565,Silver,138.73,True,Thailand
CUST008056,Bronze,84.61,False,India
CUST007421,Platinum,378.83,True,India
CUST011729,Bronze,66.72,False,Vietnam
CUST015507,Bronze,95.09,False,Singapore
CUST015906,Platinum,790.71,False,Philippines
CUST005594,Gold,349.27,True,Philippines
CUST013206,Bronze,99.59,False,Singapore
CUST006607,Gold,319.53,False,India
CUST012034,Bronze,49.56,False,Vietnam
CUST011140,Silver,101.07,False,Vietnam
CUST003390,Bronze,55.24,False,India
CUST014040,Silver,203.77,False,Philippines
CUST001405,Bronze,88.07,False,Philippines
CUST003242,Bronze,47.36,False,Indonesia
CUST016183,Bronze,50.17,False,India
CUST016275,Gold,521.68,False,Vietnam
CUST011547,Bronze,58.7,False,Thailand
CUST015401,Gold,513.9,True,Thailand
CUST016077,Silver,102.03,True,Indonesia
CUST001179,Bronze,57.71,True,Indonesia
CUST014017,Bronze,61.82,False,Thailand
CUST007672,Bronze,82.77,False,India
CUST006148,Gold,216.76,True,India
CUST017164,Silver,229.02,True,Vietnam
CUST003274,Gold,248.49,True,Indonesia
CUST003596,Silver,117.94,True,Singapore
CUST017181,Silver,218.81,False,Indonesia
CUST004298,Bronze,117.64,False,Thailand
CUST002230,Silver,310.44,False,Indonesia
CUST002798,Bronze,80.52,False,Indonesia
CUST015895,Platinum,399.53,False,Thailand
CUST003850,Bronze,114.32,False,Vietnam
CUST012401,Bronze,104.82,False,Thailand
CUST014678,Silver,255.94,False,Singapore
CUST014672,Bronze,146.54,True,Vietnam
CUST000499,Bronze,80.01,False,Indonesia
CUST005771,Gold,163.44,True,Singapore
CUST006432,Bronze,66.03,False,India
CUST003944,Platinum,459.71,True,Singapore
CUST001205,Silver,212.61,False,Thailand
CUST001129,Gold,231.11,True,Philippines
CUST011985,Bronze,59.5,False,Thailand
CUST017793,Bronze,52.79,True,Indonesia
CUST003080,Gold,163.01,True,Singapore
CUST001543,Bronze,76.34,False,Philippines
CUST008129,Bronze,114.02,False,Indonesia
CUST010027,Bronze,78.34,False,Indonesia
CUST006596,Bronze,89.36,False,Thailand
CUST001154,Silver,207.15,True,India
CUST001694,Bronze,61.14,False,Indonesia
CUST013349,Bronze,87.94,False,Philippines
CUST004318,Silver,164.29,True,Thailand
CUST003870,Silver,133.92,True,Indonesia
CUST007919,Gold,271.26,True,Vietnam
CUST001465,Gold,288.78,False,Singapore
CUST014531,Platinum,531.04,True,Indonesia
CUST009016,Bronze,72.34,False,Indonesia
CUST017220,Gold,289.5,False,Vietnam
CUST006599,Silver,110.33,True,India
CUST016232,Bronze,50.84,True,Vietnam
CUST002984,Silver,195.82,True,Indonesia
CUST007883,Silver,65.91,True,Philippines
CUST015449,Platinum,371.6,False,India
CUST008688,Bronze,57.85,True,India
CUST013952,Bronze,106.27,False,Vietnam
CUST014574,Gold,263.12,True,Philippines
CUST000567,Bronze,53.46,False,Thailand
CUST013720,Silver,148.08,True,Philippines
CUST016219,Platinum,391.54,True,Thailand
CUST015964,Silver,143.8,True,Thailand
CUST008622,Silver,335.33,False,Indonesia
CUST000820,Silver,173.0,False,Indonesia
CUST005704,Silver,113.03,False,Thailand
CUST011751,Silver,140.74,False,Vietnam
CUST009311,Gold,227.0,True,Philippines
CUST008854,Bronze,92.95,True,Vietnam
CUST012123,Silver,261.76,True,Singapore
CUST015306,Bronze,103.66,False,Thailand
CUST017599,Bronze,121.56,False,Philippines
CUST013377,Bronze,132.84,False,India
CUST009328,Platinum,497.66,True,Thailand
CUST009952,Gold,95.79,True,Vietnam
CUST002268,Silver,215.18,False,Thailand
CUST004724,Bronze,120.16,False,Indonesia
CUST016596,Gold,345.28,True,Singapore
CUST008897,Silver,143.3,True,India
CUST003781,Bronze,81.61,True,India
CUST006705,Platinum,591.86,True,Philippines
CUST009165,Bronze,91.55,False,Indonesia
CUST015049,Silver,78.99,True,Philippines
CUST006966,Bronze,55.21,False,Philippines
CUST002631,Silver,183.25,True,India
CUST012653,Silver,273.0,False,Thailand
CUST001290,Bronze,42.08,False,Vietnam
CUST002835,Bronze,77.17,True,Philippines
CUST017528,Bronze,101.56,False,Vietnam
CUST008148,Bronze,75.82,False,Indonesia
CUST006392,Silver,254.46,False,Philippines
CUST007434,Bronze,89.07,False,Vietnam
CUST011876,Bronze,80.4,False,India
CUST004464,Silver,104.75,False,India
CUST000284,Bronze,45.65,False,India
CUST015400,Bronze,101.94,False,Indonesia
CUST014614,Bronze,193.78,True,Singapore
CUST014262,Bronze,133.57,False,Thailand
CUST002787,Silver,98.27,False,Indonesia
CUST011827,Platinum,425.23,True,Thailand
CUST015745,Bronze,125.04,False,Thailand
CUST005053,Bronze,89.33,False,Vietnam
CUST011364,Silver,198.57,False,Vietnam
CUST009539,Gold,300.28,True,Singapore
CUST013961,Gold,336.61,False,Philippines
CUST001458,Bronze,65.03,False,Thailand
CUST015630,Gold,250.53,True,India
CUST001112,Silver,174.21,True,Indonesia
CUST009836,Bronze,167.46,True,India
CUST008469,Gold,461.39,True,Vietnam
CUST009295,Gold,438.36,True,Indonesia
CUST016214,Bronze,82.27,False,Thailand
CUST005529,Silver,107.54,False,Singapore
CUST004655,Gold,453.65,True,Vietnam
CUST002841,Platinum,487.49,True,Philippines
CUST005270,Silver,154.69,True,Thailand
CUST011513,Platinum,812.38,False,Vietnam
CUST008419,Bronze,63.23,False,Thailand
CUST011854,Bronze,79.32,False,India
CUST001140,Bronze,64.1,True,Thailand
CUST003808,Bronze,61.47,False,India
CUST002963,Bronze,36.49,False,Thailand
CUST013374,Platinum,462.61,True,Vietnam
CUST014116,Silver,186.59,False,Thailand
CUST014389,Silver,75.35,False,India
CUST008825,Silver,161.22,True,Vietnam
CUST009434,Bronze,90.04,False,Indonesia
CUST005272,Silver,290.12,True,Singapore
CUST003534,Bronze,87.98,False,Thailand
CUST016064,Bronze,73.85,False,Philippines
CUST000411,Bronze,50.44,True,Indonesia
CUST015737,Silver,123.57,False,India
CUST006397,Bronze,118.65,False,Indonesia
CUST001102,Silver,99.5,False,Indonesia
CUST017749,Silver,71.42,True,India
CUST013892,Bronze,65.98,False,Philippines
CUST014374,Bronze,85.91,True,Indonesia
CUST001778,Silver,180.49,True,Thailand
CUST012757,Bronze,89.01,False,Vietnam
CUST003786,Silver,89.34,True,India
CUST002441,Bronze,86.14,False,Thailand
CUST015704,Platinum,277.94,True,Indonesia
CUST016609,Bronze,119.15,False,India
CUST004355,Bronze,92.2,True,Indonesia
CUST005052,Gold,209.22,True,Thailand
CUST012534,Silver,305.01,False,Vietnam
CUST007703,Platinum,532.26,True,Thailand
CUST014001,Platinum,1293.63,True,Philippines
CUST014364,Platinum,244.59,True,Thailand
CUST006384,Gold,355.15,True,Thailand
CUST010900,Bronze,238.76,False,Philippines
CUST001792,Bronze,33.06,False,Thailand
CUST013285,Bronze,207.88,False,Vietnam
CUST001808,Gold,634.54,True,Thailand
CUST004761,Gold,145.76,False,Singapore
CUST011995,Silver,152.94,False,Vietnam
CUST009211,Silver,112.46,True,Philippines
CUST013765,Bronze,106.83,False,Philippines
CUST003661,Platinum,330.8,True,Indonesia
CUST005863,Gold,306.67,False,Philippines
CUST017890,Bronze,42.52,False,Indonesia
CUST007359,Bronze,100.0,False,Philippines
CUST013228,Silver,104.16,True,Singapore
CUST005324,Silver,108.55,True,Vietnam
CUST011064,Silver,215.81,False,Philippines
CUST012695,Gold,315.71,True,India
CUST000522,Bronze,82.44,False,Vietnam
CUST014019,Silver,203.05,True,Philippines
CUST004046,Silver,151.12,True,Philippines
CUST010086,Platinum,360.59,True,Thailand
CUST015470,Silver,286.48,True,Thailand
CUST011143,Bronze,119.1,False,Thailand
CUST005127,Platinum,652.75,False,India
CUST017602,Gold,419.07,False,India
CUST008256,Gold,414.15,True,Singapore
CUST004905,Bronze,102.5,False,India
CUST016348,Gold,301.3,False,Vietnam
CUST013625,Bronze,98.96,True,Indonesia
CUST004259,Silver,118.89,True,India
CUST014378,Silver,213.86,True,Thailand
CUST001017,Bronze,45.15,False,Indonesia
CUST008004,Silver,205.14,False,Indonesia
CUST000931,Bronze,126.05,False,Thailand
CUST009398,Platinum,493.9,True,Thailand
CUST015231,Bronze,175.42,False,Thailand
CUST015622,Silver,289.7,True,Vietnam
CUST000571,Silver,231.57,True,Thailand
CUST010267,Bronze,71.82,True,India
CUST013623,Silver,230.1,True,Thailand
CUST008154,Platinum,1353.8,True,Indonesia
CUST015091,Bronze,33.06,False,Philippines
CUST008240,Silver,213.4,True,Vietnam
CUST003246,Gold,241.45,False,Thailand
CUST007098,Bronze,92.08,False,Vietnam
CUST006613,Bronze,65.0,False,Vietnam
CUST000396,Silver,218.1,True,Philippines
CUST000548,Bronze,46.62,False,Singapore
CUST011649,Platinum,623.2,False,Thailand
CUST002047,Gold,307.51,True,Indonesia
CUST001620,Silver,144.26,True,Vietnam
CUST009018,Bronze,56.01,False,Philippines
CUST002187,Platinum,313.35,True,Philippines
CUST009362,Gold,581.07,True,Thailand
CUST003677,Platinum,755.37,True,Thailand
CUST014100,Platinum,650.28,True,Indonesia
CUST015034,Silver,100.84,False,Thailand
CUST007464,Gold,167.29,True,India
CUST005092,Gold,135.84,True,India
CUST005091,Platinum,677.4,True,Philippines
CUST010209,Gold,418.95,True,India
CUST009429,Platinum,295.01,True,Singapore
CUST015308,Platinum,561.91,True,Singapore
CUST006184,Bronze,66.4,False,Singapore
CUST002313,Bronze,40.49,False,India
CUST001135,Bronze,70.84,False,India
CUST003841,Bronze,94.65,False,Indonesia
CUST004147,Bronze,125.26,False,Philippines
CUST013595,Silver,64.11,False,India
CUST014780,Bronze,79.5,False,Singapore
CUST015937,Bronze,123.91,False,Vietnam
CUST010074,Bronze,59.02,False,Thailand
CUST012802,Bronze,43.98,False,Thailand
CUST013980,Bronze,56.66,False,Indonesia
CUST017065,Bronze,86.41,False,Singapore
CUST016779,Bronze,122.88,False,India
CUST013571,Silver,142.11,True,Philippines
CUST013312,Gold,153.78,True,Thailand
CUST003951,Bronze,71.5,False,Vietnam
CUST005418,Bronze,134.66,False,Singapore
CUST008455,Bronze,90.05,False,Indonesia
CUST000540,Silver,79.76,False,India
CUST013558,Bronze,72.59,False,Philippines
CUST006710,Gold,292.32,True,India
CUST005807,Bronze,89.01,False,Singapore
CUST008160,Bronze,95.96,True,India
CUST005615,Bronze,95.51,False,Philippines
CUST014533,Bronze,71.75,True,Thailand
CUST016872,Bronze,123.07,False,Indonesia
CUST015653,Bronze,89.64,False,Philippines
CUST001137,Silver,83.41,False,Vietnam
CUST003245,Bronze,71.48,False,Thailand
CUST015250,Silver,73.84,True,Indonesia
CUST008979,Bronze,79.18,True,Indonesia
CUST002624,Gold,416.11,True,Thailand
CUST014905,Silver,117.98,False,Vietnam
CUST008529,Bronze,73.53,True,Thailand
CUST017405,Bronze,186.23,True,Indonesia
CUST010222,Bronze,58.51,False,Vietnam
CUST002392,Silver,151.21,True,India
CUST016258,Gold,200.73,False,Singapore
CUST004559,Bronze,102.86,False,Thailand
CUST000672,Bronze,78.95,False,Thailand
CUST005283,Gold,307.67,True,India
CUST015319,Bronze,79.97,False,India
CUST005643,Bronze,76.74,True,Vietnam
CUST004420,Gold,107.88,True,Indonesia
CUST012339,Silver,143.31,True,Indonesia
CUST001827,Silver,117.77,True,Thailand
CUST000435,Silver,132.01,True,Vietnam
CUST011474,Bronze,62.38,False,Singapore
CUST006556,Bronze,47.44,True,Philippines
CUST004940,Bronze,100.66,True,Vietnam
CUST016107,Bronze,117.42,False,Indonesia
CUST009249,Silver,181.22,True,Singapore
CUST001908,Bronze,46.89,True,Vietnam
CUST001432,Bronze,78.27,True,India
CUST002900,Bronze,93.99,True,Thailand
CUST016280,Bronze,88.44,True,Singapore
CUST002737,Bronze,50.81,False,Vietnam
CUST011466,Silver,117.65,False,Thailand
CUST009613,Platinum,631.57,True,Indonesia
CUST011672,Bronze,62.47,False,India
CUST015634,Bronze,227.24,False,Thailand
CUST005522,Gold,640.34,True,Vietnam
CUST003843,Bronze,68.02,True,Singapore
CUST012045,Silver,265.56,False,Thailand
CUST009389,Bronze,75.91,False,India
CUST010415,Bronze,181.6,False,India
CUST017585,Bronze,110.49,False,Thailand
CUST005444,Silver,165.39,False,Thailand
CUST000027,Silver,166.25,False,Vietnam
CUST006033,Gold,283.71,True,Thailand
CUST000080,Bronze,41.71,False,Thailand
CUST014377,Bronze,87.43,False,Thailand
CUST001558,Bronze,93.89,False,Thailand
CUST013525,Bronze,66.98,False,Indonesia
CUST006488,Gold,307.13,True,Thailand
CUST001751,Bronze,134.71,False,Singapore
CUST014559,Platinum,530.18,True,Indonesia
CUST008393,Bronze,40.92,False,Singapore
CUST004639,Bronze,84.42,True,India
CUST015155,Bronze,106.77,False,Philippines
CUST013554,Bronze,120.29,False,India
CUST010697,Platinum,828.66,True,Indonesia
CUST012921,Bronze,91.03,False,Vietnam
CUST003012,Bronze,72.98,False,Thailand
CUST003312,Bronze,92.01,False,Thailand
CUST005498,Silver,145.66,False,Indonesia
CUST004984,Bronze,40.3,True,Vietnam
CUST017417,Platinum,427.46,True,India
CUST013298,Gold,263.59,True,Indonesia
CUST015647,Bronze,72.91,False,Vietnam
CUST004321,Bronze,112.83,False,Thailand
CUST017610,Gold,237.27,True,Philippines
CUST009244,Platinum,285.44,True,Singapore
CUST007227,Bronze,150.26,False,Thailand
CUST012453,Bronze,98.13,True,Philippines
CUST005623,Bronze,41.79,False,Philippines
CUST010388,Gold,169.08,False,Vietnam
CUST014596,Silver,93.43,False,Indonesia
CUST016216,Bronze,46.84,False,India
CUST017753,Silver,181.1,False,Indonesia
CUST005447,Bronze,118.19,False,Thailand
CUST010695,Bronze,98.78,True,Indonesia
CUST013865,Bronze,47.05,False,India
CUST001979,Bronze,134.13,False,Indonesia
CUST001160,Silver,190.62,False,Indonesia
CUST017827,Platinum,622.83,True,Thailand
CUST001907,Platinum,795.62,True,Singapore
CUST006548,Bronze,102.1,False,India
CUST005279,Bronze,65.74,False,Thailand
CUST001760,Gold,273.04,True,Thailand
CUST008800,Silver,84.23,False,Indonesia
CUST003139,Bronze,80.79,False,Indonesia
CUST008473,Gold,353.88,True,Philippines
CUST004627,Silver,277.6,True,India
CUST014192,Silver,253.09,False,Thailand
CUST011584,Bronze,85.7,False,Vietnam
CUST017717,Platinum,381.9,True,Vietnam
CUST005978,Platinum,455.55,False,Philippines
CUST013761,Bronze,70.64,False,Vietnam
CUST008521,Bronze,59.6,False,India
CUST012942,Silver,202.18,False,Thailand
CUST000240,Bronze,83.53,False,Indonesia
CUST015008,Silver,310.04,True,India
CUST010395,Silver,90.45,False,Vietnam
CUST006444,Silver,229.67,False,Philippines
CUST007430,Bronze,99.36,False,Philippines
CUST016680,Platinum,450.81,True,Philippines
CUST013929,Bronze,133.0,False,Indonesia
CUST007371,Bronze,85.01,False,India
CUST009053,Gold,218.58,True,India
CUST004795,Bronze,57.32,False,Thailand
CUST008948,Gold,174.14,True,Philippines
CUST009537,Bronze,105.92,True,Singapore
CUST002522,Bronze,119.11,False,Thailand
CUST002703,Platinum,740.39,True,Vietnam
CUST008353,Bronze,71.0,True,Vietnam
CUST006994,Bronze,105.96,False,Singapore
CUST011503,Gold,243.34,True,Indonesia
CUST002705,Gold,182.47,True,India
CUST004197,Silver,179.98,False,Thailand
CUST007959,Bronze,105.85,False,India
CUST003140,Silver,177.16,False,Thailand
CUST013490,Bronze,96.19,False,Indonesia
CUST014515,Silver,156.08,True,Vietnam
CUST017938,Bronze,143.89,False,Vietnam
CUST013555,Gold,533.79,True,Thailand
CUST004176,Silver,196.67,True,Singapore
CUST001293,Platinum,491.8,True,India
CUST007528,Platinum,429.5,True,Vietnam
CUST003504,Silver,285.51,True,Thailand
CUST007696,Gold,274.07,True,Vietnam
CUST014550,Silver,68.52,True,India
CUST002556,Silver,193.73,True,India
CUST012648,Gold,264.85,True,Philippines
CUST005551,Platinum,272.41,True,Philippines
CUST010820,Gold,269.1,False,India
CUST002345,Gold,211.91,True,Philippines
CUST003155,Bronze,110.4,False,Thailand
CUST000461,Silver,189.54,True,Thailand
CUST013395,Bronze,98.48,False,Philippines
CUST015402,Gold,250.66,False,Indonesia
CUST001167,Platinum,397.33,False,Indonesia
CUST002393,Bronze,67.73,False,Vietnam
CUST002049,Silver,191.21,True,Indonesia
CUST013917,Bronze,51.93,False,Indonesia
CUST009135,Bronze,43.31,False,Philippines
CUST010844,Gold,447.79,True,Thailand
CUST014168,Silver,81.03,True,Indonesia
CUST005850,Bronze,78.0,False,Indonesia
CUST005893,Silver,297.71,True,Indonesia
CUST009360,Silver,159.23,False,Thailand
CUST004983,Bronze,71.0,False,Thailand
CUST009318,Gold,218.32,True,Vietnam
CUST011007,Gold,202.05,True,India
CUST014770,Bronze,129.24,False,Thailand
CUST010238,Platinum,560.22,True,Thailand
CUST003342,Bronze,88.8,False,Indonesia
CUST014007,Bronze,65.86,False,Thailand
CUST007985,Platinum,552.77,True,Vietnam
CUST000792,Bronze,56.33,False,Thailand
CUST007403,Bronze,105.64,False,Philippines
CUST015383,Silver,89.16,True,Thailand
CUST011112,Platinum,492.39,True,Vietnam
CUST007478,Gold,464.06,False,Indonesia
CUST010329,Bronze,73.5,False,Singapore
CUST016936,Bronze,70.31,False,Vietnam
CUST001087,Bronze,68.16,False,Philippines
CUST007438,Bronze,64.88,False,Thailand
CUST008195,Bronze,96.65,False,Thailand
CUST009210,Bronze,142.06,False,Thailand
CUST006895,Gold,339.2,False,Philippines
CUST015081,Silver,105.24,False,India
CUST014098,Bronze,92.31,False,Indonesia
CUST013004,Gold,161.62,True,Vietnam
CUST007213,Platinum,813.31,False,Indonesia
CUST001433,Silver,234.44,True,Thailand
CUST001707,Silver,75.45,True,Vietnam
CUST014114,Silver,223.15,True,Vietnam
CUST014549,Silver,190.57,False,India
CUST002704,Platinum,1078.98,False,India
CUST013782,Silver,171.94,True,Thailand
CUST002860,Platinum,598.8,True,Philippines
CUST009642,Bronze,70.76,True,Philippines
CUST002821,Bronze,55.89,False,Indonesia
CUST003114,Silver,77.75,False,Indonesia
CUST016285,Bronze,72.71,False,India
CUST013369,Bronze,87.53,False,Philippines
CUST004462,Bronze,55.34,False,Indonesia
CUST005881,Gold,451.95,False,India
CUST008320,Gold,410.58,True,Vietnam
CUST012159,Bronze,32.53,True,Indonesia
CUST008074,Gold,264.32,True,Thailand
CUST015061,Gold,412.22,False,Thailand
CUST011283,Bronze,68.68,False,Indonesia
CUST004636,Bronze,69.63,True,Indonesia
CUST007729,Bronze,61.53,False,Indonesia
CUST009965,Platinum,590.49,True,Singapore
CUST017700,Bronze,145.82,False,Vietnam
CUST000716,Bronze,96.64,False,Indonesia
CUST001103,Bronze,21.04,False,Philippines
CUST000154,Gold,130.25,True,Vietnam
CUST006484,Bronze,89.86,True,India
CUST013009,Silver,281.55,True,Vietnam
CUST001444,Gold,214.3,True,Singapore
CUST001062,Bronze,188.61,False,Indonesia
CUST016619,Bronze,100.22,False,Thailand
CUST008040,Silver,182.01,False,Indonesia
CUST005877,Silver,180.47,True,Thailand
CUST009268,Gold,203.79,False,Thailand
CUST000614,Bronze,52.77,False,Vietnam
CUST001331,Bronze,67.79,True,Indonesia
CUST014801,Bronze,87.93,False,India
CUST009694,Bronze,36.16,False,Thailand
CUST016431,Bronze,157.48,False,Thailand
CUST012590,Gold,433.01,True,Indonesia
CUST015770,Bronze,54.44,False,India
CUST000906,Bronze,53.53,False,Vietnam
CUST000431,Bronze,55.53,False,Indonesia
CUST015853,Bronze,91.58,True,Indonesia
CUST011348,Gold,405.01,False,India
CUST017836,Bronze,54.14,False,Vietnam
CUST017477,Bronze,104.59,False,Philippines
CUST013249,Platinum,351.27,True,Indonesia
CUST002371,Silver,91.89,False,Thailand
CUST010292,Bronze,58.89,False,Indonesia
CUST010522,Bronze,118.06,False,Singapore
CUST011331,Bronze,42.51,False,Philippines
CUST009486,Bronze,79.76,False,Thailand
CUST001425,Gold,316.21,True,Vietnam
CUST007561,Silver,144.01,False,India
CUST008968,Bronze,80.71,True,Philippines
CUST001471,Bronze,59.69,False,Vietnam
CUST008986,Bronze,81.56,False,Vietnam
CUST004641,Silver,173.74,False,Vietnam
CUST014731,Bronze,58.87,False,Philippines
CUST006462,Gold,147.76,False,Thailand
CUST017142,Bronze,51.45,False,Indonesia
CUST002062,Gold,378.74,True,Indonesia
CUST000257,Bronze,91.47,False,Thailand
CUST002242,Platinum,707.82,True,Vietnam
CUST003072,Bronze,81.05,False,India
CUST016903,Platinum,449.65,True,India
CUST009955,Bronze,63.42,True,Philippines
CUST010168,Gold,314.5,False,Philippines
CUST011065,Gold,272.06,False,Philippines
CUST000407,Platinum,582.8,True,India
CUST009229,Bronze,70.38,False,India
CUST007089,Bronze,109.63,False,Indonesia
CUST008764,Silver,96.78,False,Singapore
CUST017228,Silver,200.63,True,Vietnam
CUST001616,Bronze,131.89,False,Thailand
CUST004231,Platinum,489.88,True,Singapore
CUST000228,Bronze,73.01,False,Vietnam
CUST012928,Bronze,146.03,False,Singapore
CUST005701,Bronze,67.77,False,Vietnam
CUST000355,Bronze,126.43,False,Vietnam
CUST002236,Bronze,47.26,False,Thailand
CUST006969,Silver,275.07,False,India
CUST004244,Gold,290.48,False,Indonesia
CUST001141,Bronze,105.3,False,India
CUST002562,Bronze,96.02,True,Vietnam
CUST006174,Bronze,80.79,False,Indonesia
CUST006290,Bronze,97.12,False,Philippines
CUST016335,Platinum,616.32,True,Philippines
CUST015668,Silver,94.28,False,India
CUST015791,Bronze,64.49,False,Thailand
CUST006400,Bronze,93.79,False,India
CUST003809,Silver,149.11,False,Indonesia
CUST007355,Bronze,56.6,False,Indonesia
CUST000189,Bronze,61.27,False,Thailand
CUST015990,Gold,319.16,True,Philippines
CUST005025,Bronze,70.36,False,Thailand
CUST007024,Bronze,86.7,False,Indonesia
CUST000386,Bronze,68.81,False,Singapore
CUST002180,Bronze,49.24,True,India
CUST016492,Bronze,64.24,True,Singapore
CUST001621,Bronze,44.44,False,Philippines
CUST007079,Bronze,117.66,False,Vietnam
CUST012632,Silver,119.1,True,Singapore
CUST002467,Bronze,65.43,False,Indonesia
CUST001414,Bronze,58.94,False,Indonesia
CUST009274,Silver,67.41,True,Philippines
CUST002129,Gold,199.14,False,Indonesia
CUST017867,Bronze,104.95,False,Philippines
CUST008726,Bronze,118.87,False,Philippines
CUST007498,Bronze,63.83,False,India
CUST015518,Bronze,129.58,False,Vietnam
CUST009970,Bronze,125.16,False,Thailand
CUST013051,Bronze,65.29,False,Indonesia
CUST002937,Bronze,132.75,False,Thailand
CUST003612,Gold,211.36,True,Singapore
CUST014367,Silver,159.82,False,Philippines
CUST004760,Bronze,78.89,False,Indonesia
CUST015164,Platinum,334.72,True,India
CUST017229,Platinum,583.91,True,Singapore
CUST009598,Silver,159.94,False,India
CUST004229,Silver,81.05,True,Vietnam
CUST005593,Gold,243.66,True,Indonesia
CUST002549,Bronze,76.17,False,Philippines
CUST000628,Bronze,47.92,False,Vietnam
CUST004429,Gold,310.48,True,Vietnam
CUST008410,Gold,230.18,False,Thailand
CUST008284,Silver,209.57,False,Indonesia
CUST014517,Bronze,115.58,False,Vietnam
CUST003888,Silver,364.99,True,Philippines
CUST015320,Silver,209.64,False,Indonesia
CUST005261,Bronze,55.3,False,Thailand
CUST000794,Silver,109.5,True,Indonesia
CUST012296,Bronze,83.73,False,Thailand
CUST011786,Silver,100.92,False,Indonesia
CUST004567,Bronze,90.2,False,India
CUST017058,Platinum,659.13,True,Vietnam
CUST003542,Bronze,96.74,True,Thailand
CUST007115,Silver,121.11,False,Thailand
CUST001168,Gold,320.96,True,Thailand
CUST013733,Gold,664.61,True,Indonesia
CUST013934,Gold,45.53,True,Indonesia
CUST001892,Silver,195.56,False,Vietnam
CUST017911,Platinum,320.52,True,India
CUST009097,Platinum,336.38,True,Vietnam
CUST013047,Silver,89.03,True,Philippines
CUST005082,Platinum,1270.19,True,Indonesia
CUST016006,Bronze,87.85,False,Thailand
CUST006414,Bronze,49.52,True,Vietnam
CUST010765,Silver,148.85,False,Vietnam
CUST015004,Bronze,49.76,True,Thailand
CUST007457,Bronze,70.21,False,Thailand
CUST006585,Gold,341.32,True,Vietnam
CUST001896,Silver,116.28,False,Thailand
CUST010472,Bronze,140.41,False,India
CUST010893,Bronze,72.93,False,India
CUST009410,Bronze,114.3,False,Thailand
CUST006103,Bronze,96.47,False,Philippines
CUST013175,Bronze,33.43,True,Vietnam
CUST006058,Gold,232.25,True,Vietnam
CUST006070,Silver,187.89,False,India
CUST006177,Bronze,86.2,True,Philippines
CUST013531,Bronze,121.6,False,Thailand
CUST005400,Bronze,196.17,False,Singapore
CUST010658,Silver,250.69,True,India
CUST003366,Platinum,692.86,False,Singapore
CUST000462,Bronze,106.97,False,Vietnam
CUST005302,Bronze,84.22,False,Thailand
CUST014286,Silver,148.44,True,Indonesia
CUST000677,Silver,162.21,True,Thailand
CUST009265,Silver,149.15,False,Philippines
CUST013079,Gold,221.37,True,India
CUST004891,Bronze,110.13,False,Thailand
CUST015542,Silver,160.48,False,Vietnam
CUST014266,Platinum,251.07,True,India
CUST011352,Platinum,464.79,True,Thailand
CUST017558,Gold,525.61,True,Singapore
CUST011671,Bronze,89.11,False,Thailand
CUST004317,Silver,96.24,False,Indonesia
CUST009335,Bronze,139.86,False,India
CUST012460,Bronze,66.33,False,Indonesia
CUST001089,Bronze,57.64,True,Thailand
CUST007756,Silver,61.37,True,India
CUST014772,Bronze,71.37,False,Singapore
CUST003961,Bronze,46.79,False,Singapore
CUST009452,Bronze,195.42,False,Singapore
CUST013873,Gold,354.3,True,Indonesia
CUST007702,Bronze,75.78,False,Singapore
CUST012160,Bronze,322.82,False,Indonesia
CUST003378,Gold,386.19,True,Thailand
CUST015323,Gold,225.27,True,Singapore
CUST015815,Platinum,620.1,True,Thailand
CUST007598,Bronze,57.83,True,Indonesia
CUST014160,Bronze,96.21,False,Vietnam
CUST002367,Bronze,199.1,False,Vietnam
CUST007402,Bronze,101.45,False,Thailand
CUST002159,Gold,402.15,True,Indonesia
CUST003938,Gold,327.87,False,Indonesia
CUST009329,Silver,238.69,True,India
CUST013179,Silver,112.23,False,Indonesia
CUST014646,Bronze,61.63,True,Thailand
CUST010752,Silver,137.02,False,Vietnam
CUST007778,Bronze,81.68,False,Indonesia
CUST011581,Bronze,71.13,True,Thailand
CUST010435,Platinum,812.57,True,India
CUST002627,Bronze,105.01,True,Thailand
CUST015324,Bronze,71.08,False,Singapore
CUST000008,Silver,218.55,True,Thailand
CUST015214,Silver,141.42,True,Philippines
CUST013886,Bronze,125.8,False,Indonesia
CUST010740,Bronze,80.69,False,Vietnam
CUST009224,Bronze,57.47,False,Thailand
CUST007993,Gold,336.69,True,Vietnam
CUST004938,Gold,226.41,True,Philippines
CUST005846,Silver,110.32,True,Indonesia
CUST002151,Silver,119.08,False,Indonesia
CUST014556,Bronze,44.57,False,Indonesia
CUST014893,Silver,177.69,True,Thailand
CUST013283,Platinum,899.04,True,Singapore
CUST015353,Silver,328.98,True,Indonesia
CUST014275,Bronze,72.25,False,India
CUST007127,Bronze,58.42,True,Philippines
CUST014225,Gold,325.14,True,India
CUST009013,Silver,235.91,False,Vietnam
CUST004481,Bronze,164.56,False,Vietnam
CUST011422,Silver,150.65,True,Indonesia
CUST014576,Bronze,83.79,False,Vietnam
CUST012828,Bronze,58.63,True,India
CUST012091,Bronze,55.28,False,Thailand
CUST000925,Platinum,215.62,True,Singapore
CUST009113,Silver,140.8,False,Vietnam
CUST011035,Silver,164.06,True,India
CUST015858,Gold,220.03,True,Indonesia
CUST012335,Silver,119.11,True,Vietnam
CUST008964,Gold,296.35,True,Thailand
CUST005488,Bronze,61.57,False,Indonesia
CUST015105,Silver,119.52,False,Vietnam
CUST002837,Bronze,134.67,False,Indonesia
CUST000804,Silver,129.92,False,Thailand
CUST007936,Bronze,67.75,True,Thailand
CUST000098,Platinum,504.87,True,Thailand
CUST009481,Bronze,155.44,True,India
CUST001403,Bronze,107.37,False,Vietnam
CUST004156,Platinum,335.82,True,Indonesia
CUST014434,Silver,175.81,False,Philippines
CUST000918,Bronze,85.93,True,India
CUST017060,Bronze,58.16,False,Philippines
CUST009101,Gold,515.64,True,Indonesia
CUST000023,Bronze,136.39,False,India
CUST000607,Silver,216.23,True,Philippines
CUST017957,Gold,173.6,False,Indonesia
CUST014841,Bronze,47.18,False,India
CUST011641,Gold,281.59,True,Philippines
CUST000391,Silver,121.06,False,Thailand
CUST000469,Bronze,89.67,True,Thailand
CUST014245,Bronze,98.69,False,Thailand
CUST002850,Silver,138.07,True,Philippines
CUST005385,Gold,400.73,True,Vietnam
CUST014579,Gold,246.8,True,Vietnam
CUST005508,Bronze,106.22,False,Vietnam
CUST011637,Bronze,56.46,True,Vietnam
CUST010065,Gold,316.93,False,Vietnam
CUST012375,Silver,93.23,False,Indonesia
CUST011058,Silver,108.29,True,India
CUST005077,Bronze,87.95,True,India
CUST004876,Bronze,113.23,False,Philippines
CUST011487,Platinum,745.13,True,Vietnam
CUST015883,Silver,138.62,False,Thailand
CUST015352,Bronze,194.51,False,Indonesia
CUST008588,Bronze,120.62,False,Indonesia
CUST005151,Bronze,173.23,False,Indonesia
CUST014633,Silver,127.71,False,Vietnam
CUST006523,Bronze,100.18,False,Philippines
CUST017005,Bronze,129.72,False,Indonesia
CUST007718,Bronze,31.29,False,Thailand
CUST012987,Bronze,63.93,False,Vietnam
CUST005721,Bronze,82.76,False,Thailand
CUST008959,Gold,356.56,False,Vietnam
CUST010306,Bronze,84.82,False,Vietnam
CUST010093,Bronze,84.36,True,Vietnam
CUST008228,Bronze,53.87,False,India
CUST002238,Gold,392.95,False,Philippines
CUST010749,Bronze,45.36,False,Singapore
CUST000395,Bronze,182.41,False,Vietnam
CUST003386,Bronze,33.78,True,India
CUST010872,Gold,193.74,True,Indonesia
CUST003356,Bronze,90.99,False,Singapore
CUST002094,Bronze,85.1,False,Philippines
CUST004721,Silver,249.75,False,Thailand
CUST004959,Silver,138.85,False,India
CUST000958,Bronze,69.79,True,Indonesia
CUST011068,Gold,226.73,False,Singapore
CUST005274,Bronze,57.21,False,Thailand
CUST011655,Bronze,147.48,True,India
CUST001395,Bronze,97.43,False,Vietnam
CUST017490,Platinum,217.44,True,Vietnam
CUST001491,Bronze,54.1,False,India
CUST011956,Silver,325.5,False,Vietnam
CUST000031,Bronze,121.62,False,Vietnam
CUST012028,Bronze,109.15,False,India
CUST004433,Gold,533.3,True,Singapore
CUST015589,Gold,278.98,False,Vietnam
CUST010745,Gold,380.96,False,India
CUST017645,Bronze,67.28,False,Philippines
CUST005015,Bronze,29.83,False,Indonesia
CUST012822,Bronze,103.75,False,Thailand
CUST013612,Bronze,80.97,False,Thailand
CUST000882,Bronze,60.55,True,Thailand
CUST015565,Bronze,153.72,False,Philippines
CUST001296,Silver,134.71,False,Thailand
CUST004656,Gold,177.77,True,India
CUST012058,Bronze,137.69,False,Indonesia
CUST004958,Bronze,69.04,False,Vietnam
CUST007901,Silver,149.9,True,Singapore
CUST003519,Silver,112.73,False,Singapore
CUST003898,Bronze,42.45,False,Philippines
CUST009858,Silver,104.61,False,Singapore
CUST017583,Bronze,56.37,False,India
CUST001080,Gold,248.13,True,Philippines
CUST001719,Gold,408.18,False,Indonesia
CUST005372,Gold,142.52,True,Philippines
CUST003791,Gold,163.6,True,Thailand
CUST017239,Platinum,340.75,True,Thailand
CUST001582,Platinum,243.47,True,India
CUST002429,Bronze,100.37,False,India
CUST015757,Bronze,65.27,False,Indonesia
CUST005631,Gold,192.14,False,India
CUST006887,Silver,170.44,True,Philippines
CUST009818,Bronze,59.71,False,Vietnam
CUST010839,Bronze,136.59,False,Thailand
CUST010856,Gold,331.05,True,Vietnam
CUST011131,Silver,109.65,False,Thailand
CUST014174,Silver,200.61,True,Singapore
CUST001210,Bronze,141.05,True,India
CUST012627,Bronze,52.69,True,Indonesia
CUST000865,Bronze,45.41,False,Thailand
CUST000570,Silver,98.16,False,Philippines
CUST000255,Silver,315.65,True,Thailand
CUST009695,Silver,228.06,False,Indonesia
CUST000251,Silver,123.75,False,Singapore
CUST000777,Gold,211.83,False,Philippines
CUST006169,Silver,152.25,False,Indonesia
CUST010736,Silver,290.66,False,Thailand
CUST001235,Bronze,72.54,False,Indonesia
CUST002923,Silver,106.53,False,Philippines
CUST009297,Bronze,130.27,False,Thailand
CUST010219,Bronze,79.73,False,Philippines
CUST014936,Bronze,45.65,False,Vietnam
CUST001789,Silver,165.47,False,Thailand
CUST007454,Silver,181.53,False,Philippines
CUST015680,Silver,195.07,False,Philippines
CUST016263,Bronze,61.46,False,India
CUST013762,Silver,174.41,False,Vietnam
CUST017541,Bronze,178.51,True,Thailand
CUST007567,Bronze,51.11,True,Philippines
CUST014600,Bronze,70.21,False,Philippines
CUST000447,Gold,298.01,True,Indonesia
CUST012874,Bronze,125.88,False,India
CUST002246,Bronze,56.12,False,Philippines
CUST013360,Bronze,91.91,False,Thailand
CUST004428,Gold,291.8,True,India
CUST008550,Bronze,108.26,False,Singapore
CUST011748,Bronze,70.38,False,Singapore
CUST017305,Bronze,62.3,False,Indonesia
CUST003060,Silver,140.04,False,Indonesia
CUST017981,Silver,374.17,False,Vietnam
CUST017002,Platinum,647.93,True,Thailand
CUST011973,Silver,88.04,False,India
CUST004759,Bronze,102.4,True,Philippines
CUST002508,Platinum,783.6,True,Indonesia
CUST014135,Silver,103.66,False,Philippines
CUST001132,Bronze,142.33,False,Indonesia
CUST009607,Silver,135.32,False,Thailand
CUST009025,Silver,116.27,False,Singapore
CUST000507,Bronze,95.54,False,India
CUST000550,Bronze,124.04,False,Indonesia
CUST009350,Gold,196.46,True,Philippines
CUST003392,Bronze,48.85,False,Philippines
CUST010520,Silver,78.78,True,India
CUST006775,Bronze,64.58,True,Singapore
CUST005123,Gold,172.65,True,India
CUST011145,Bronze,81.75,False,Thailand
CUST006810,Bronze,97.39,False,Vietnam
CUST016632,Silver,227.67,False,Vietnam
CUST005230,Bronze,139.7,True,Thailand
CUST015236,Platinum,1258.25,True,Indonesia
CUST013919,Platinum,597.0,True,India
CUST007443,Bronze,86.61,True,Thailand
CUST013642,Silver,287.41,False,Singapore
CUST010079,Silver,154.36,False,Thailand
CUST005328,Bronze,73.47,False,Singapore
CUST002372,Bronze,165.39,False,Indonesia
CUST003859,Silver,90.95,False,Indonesia
CUST004063,Bronze,40.97,False,Thailand
CUST008595,Bronze,195.42,False,Indonesia
CUST010847,Bronze,109.6,False,Singapore
CUST000967,Platinum,683.9,True,Indonesia
CUST003657,Gold,368.07,True,Thailand
CUST012539,Silver,120.18,False,Indonesia
CUST005707,Bronze,223.68,False,Thailand
CUST015736,Bronze,74.16,False,Indonesia
CUST016043,Gold,205.28,True,India
CUST013225,Bronze,67.51,False,Thailand
CUST000880,Bronze,56.04,False,Philippines
CUST015080,Silver,249.53,False,India
CUST004714,Bronze,68.97,False,Vietnam
CUST016700,Bronze,103.16,True,India
CUST014939,Gold,200.36,True,Vietnam
CUST012188,Silver,229.19,False,Vietnam
CUST008619,Silver,328.6,True,Thailand
CUST014392,Bronze,132.57,False,Vietnam
CUST010507,Bronze,157.78,True,India
CUST002630,Silver,167.59,True,India
CUST007747,Silver,233.93,False,Thailand
CUST010932,Bronze,83.88,False,Indonesia
CUST000148,Bronze,91.57,False,Philippines
CUST017567,Gold,232.88,True,Vietnam
CUST016233,Bronze,105.25,False,Thailand
CUST014013,Bronze,88.4,False,Indonesia
CUST003142,Bronze,50.77,True,Thailand
CUST000444,Bronze,51.92,True,Vietnam
CUST017555,Bronze,104.71,True,Vietnam
CUST011472,Silver,197.78,True,Vietnam
CUST016565,Silver,290.71,False,Singapore
CUST001782,Silver,175.92,True,India
CUST015179,Gold,206.24,True,Indonesia
CUST004164,Bronze,92.92,True,Vietnam
CUST007864,Bronze,74.72,False,Vietnam
CUST001109,Bronze,87.91,True,Indonesia
CUST003613,Bronze,65.3,False,Thailand
CUST006652,Platinum,629.03,True,Philippines
CUST009041,Bronze,63.24,False,Philippines
CUST006811,Bronze,79.06,False,Philippines
CUST010702,Silver,117.19,False,India
CUST001158,Silver,182.39,True,Vietnam
CUST000175,Bronze,49.17,False,Singapore
CUST017035,Bronze,78.7,False,Vietnam
CUST017636,Bronze,123.66,False,Thailand
CUST006048,Bronze,108.42,False,Philippines
CUST006748,Bronze,70.18,False,Vietnam
CUST016871,Silver,138.59,False,India
CUST000674,Gold,193.47,False,Thailand
CUST016296,Bronze,58.89,False,Vietnam
CUST008501,Bronze,80.58,False,Singapore
CUST010850,Bronze,75.52,False,Singapore
CUST004671,Silver,95.9,False,Indonesia
CUST005658,Silver,423.05,False,Thailand
CUST002175,Silver,275.45,True,Thailand
CUST006151,Platinum,475.24,True,Philippines
CUST000436,Bronze,117.08,False,Vietnam
CUST003143,Gold,241.58,True,Indonesia
CUST014284,Bronze,58.44,True,Indonesia
CUST016527,Bronze,133.45,True,Indonesia
CUST011624,Bronze,79.76,False,Philippines
CUST006848,Silver,163.48,False,Indonesia
CUST011553,Silver,152.37,False,Philippines
CUST009555,Platinum,744.27,True,Singapore
CUST002445,Bronze,119.5,True,India
CUST011251,Platinum,799.06,False,Indonesia
CUST006223,Bronze,96.23,True,India
CUST003577,Gold,281.59,False,Thailand
CUST006382,Bronze,65.75,True,Indonesia
CUST003473,Bronze,40.5,False,Thailand
CUST009671,Silver,73.55,False,India
CUST004074,Bronze,75.95,False,Thailand
CUST013958,Silver,370.76,False,Vietnam
CUST012568,Gold,228.13,True,India
CUST004425,Bronze,42.7,False,Philippines
CUST017141,Platinum,388.47,True,Vietnam
CUST014419,Bronze,50.57,False,Indonesia
CUST000513,Silver,182.18,False,Indonesia
CUST009827,Bronze,114.43,False,Singapore
CUST001301,Silver,287.88,True,Vietnam
CUST001522,Bronze,77.11,False,Indonesia
CUST016174,Silver,98.8,False,India
CUST014147,Gold,464.46,True,Vietnam
CUST017248,Silver,223.54,False,Thailand
CUST017805,Bronze,110.5,False,Thailand
CUST015392,Bronze,92.33,False,Vietnam
CUST017865,Gold,307.04,True,India
CUST008606,Silver,93.68,False,Philippines
CUST015280,Bronze,68.07,False,India
CUST010737,Bronze,70.82,True,Indonesia
CUST011061,Bronze,109.98,False,India
CUST012876,Bronze,112.91,False,Vietnam
CUST001302,Silver,183.55,True,Vietnam
CUST007740,Bronze,47.42,True,Indonesia
CUST005342,Gold,251.06,False,Thailand
CUST001752,Bronze,101.58,False,Philippines
CUST012742,Bronze,56.7,False,Singapore
CUST002586,Bronze,94.95,False,India
CUST015196,Bronze,106.45,False,Vietnam
CUST011157,Bronze,43.33,False,Thailand
CUST010617,Bronze,56.09,True,Philippines
CUST017293,Gold,170.89,True,Thailand
CUST001688,Bronze,105.55,False,Indonesia
CUST000914,Platinum,162.37,True,Thailand
CUST010691,Silver,192.16,True,Philippines
CUST015261,Bronze,83.6,False,Indonesia
CUST004211,Bronze,45.4,False,Vietnam
CUST004916,Platinum,550.21,True,Singapore
CUST012343,Bronze,76.68,False,Philippines
CUST008208,Bronze,30.32,False,Indonesia
CUST000129,Bronze,100.39,False,Philippines
CUST011181,Bronze,81.59,False,Thailand
CUST009894,Platinum,285.88,True,Vietnam
CUST011326,Gold,515.09,True,Philippines
CUST013240,Silver,108.59,True,Philippines
CUST004899,Bronze,39.08,False,Indonesia
CUST006938,Bronze,72.96,True,Indonesia
CUST000994,Bronze,51.77,False,Philippines
CUST013833,Silver,175.45,False,India
CUST012930,Platinum,377.74,True,India
CUST003406,Bronze,100.05,True,Philippines
CUST002713,Bronze,172.98,True,Indonesia
CUST006345,Bronze,74.48,False,India
CUST017936,Bronze,45.5,False,Vietnam
CUST005746,Bronze,78.27,False,Vietnam
CUST011404,Platinum,256.36,True,Vietnam
CUST003860,Silver,81.71,False,Philippines
CUST013672,Silver,199.13,True,Thailand
CUST011290,Bronze,150.46,False,Singapore
CUST007880,Gold,164.86,False,Thailand
CUST005675,Bronze,79.58,False,Vietnam
CUST006694,Bronze,58.59,False,Vietnam
CUST003714,Gold,193.13,False,Indonesia
CUST001145,Bronze,85.36,False,Indonesia
CUST014084,Silver,139.26,False,Thailand
CUST003712,Gold,159.73,True,Thailand
CUST003007,Bronze,85.04,True,Vietnam
CUST003417,Platinum,1058.31,True,Thailand
CUST012826,Bronze,131.91,False,India
CUST013569,Silver,157.89,True,Thailand
CUST017055,Silver,89.73,True,Vietnam
CUST012868,Bronze,56.42,False,Thailand
CUST016231,Bronze,84.18,True,Philippines
CUST014938,Bronze,104.92,False,Vietnam
CUST014137,Silver,106.68,True,Indonesia
CUST014649,Silver,248.89,False,Vietnam
CUST002926,Bronze,74.52,True,Vietnam
CUST015335,Bronze,71.75,False,Thailand
CUST002281,Bronze,126.41,False,Indonesia
CUST011026,Gold,160.34,False,Indonesia
CUST007112,Silver,136.35,True,India
CUST003032,Gold,347.59,True,Vietnam
CUST017704,Platinum,324.29,True,Indonesia
CUST009741,Bronze,111.04,False,Vietnam
CUST013180,Bronze,93.47,False,Philippines
CUST005386,Silver,237.21,False,Philippines
CUST017713,Bronze,55.4,False,Philippines
CUST010013,Bronze,41.11,False,Philippines
CUST017486,Bronze,50.41,False,Philippines
CUST000404,Bronze,119.0,False,India
CUST010336,Silver,90.18,True,Singapore
CUST001627,Bronze,95.99,False,Vietnam
CUST005765,Silver,207.92,False,India
CUST014831,Silver,187.07,False,India
CUST011998,Bronze,139.08,False,Indonesia
CUST016338,Silver,148.52,False,Indonesia
CUST015648,Gold,297.44,False,Singapore
CUST005075,Platinum,1178.14,True,Thailand
CUST007977,Silver,111.72,False,Indonesia
CUST007931,Bronze,121.77,False,Singapore
CUST000068,Bronze,166.47,False,Philippines
CUST013813,Silver,182.74,True,Indonesia
CUST005589,Bronze,108.37,False,Thailand
CUST004544,Bronze,88.74,False,Philippines
CUST004378,Gold,351.71,True,India
CUST017942,Bronze,63.61,False,Thailand
CUST011728,Silver,86.58,False,Thailand
CUST010646,Gold,236.5,False,Philippines
CUST015885,Bronze,88.86,False,Indonesia
CUST010944,Bronze,87.58,False,Philippines
CUST017083,Silver,178.9,False,Singapore
CUST009099,Bronze,131.51,False,Thailand
CUST009889,Gold,298.97,True,Indonesia
CUST011280,Bronze,77.01,False,Thailand
CUST016681,Bronze,75.62,False,Vietnam
CUST006338,Platinum,593.84,True,Philippines
CUST006334,Silver,181.08,False,India
CUST015656,Bronze,53.67,False,Vietnam
CUST009203,Bronze,144.11,True,India
CUST002665,Silver,49.07,False,Vietnam
CUST001012,Bronze,150.47,False,Thailand
CUST004982,Gold,301.05,True,Indonesia
CUST015721,Bronze,37.55,False,Vietnam
CUST004584,Silver,163.59,True,India
CUST015472,Bronze,102.77,False,Philippines
CUST004142,Bronze,84.93,False,Thailand
CUST008613,Bronze,102.57,False,Philippines
CUST004513,Silver,113.39,False,Vietnam
CUST002383,Bronze,120.04,False,Thailand
CUST004003,Silver,68.94,True,Vietnam
CUST001325,Platinum,208.03,True,Vietnam
CUST017516,Gold,247.63,False,Vietnam
CUST005767,Bronze,46.04,False,Vietnam
CUST012504,Gold,143.13,False,Vietnam
CUST008861,Bronze,79.57,False,Philippines
CUST005908,Bronze,126.51,False,Indonesia
CUST014834,Bronze,47.27,False,India
CUST011238,Bronze,110.71,False,Thailand
CUST017702,Bronze,104.95,False,Vietnam
CUST002576,Silver,86.16,True,Thailand
CUST011674,Bronze,99.46,False,India
CUST014619,Bronze,144.66,False,Indonesia
CUST014333,Bronze,66.8,False,Thailand
CUST004653,Silver,212.39,False,Thailand
CUST010914,Silver,182.13,True,India
CUST016960,Bronze,79.4,True,Indonesia
CUST015752,Bronze,49.9,False,Singapore
CUST002894,Bronze,42.64,False,Philippines
CUST013608,Bronze,67.36,False,India
CUST011806,Bronze,73.2,False,Indonesia
CUST001875,Gold,263.93,False,Vietnam
CUST006740,Platinum,405.11,True,Singapore
CUST003498,Bronze,89.11,False,India
CUST016260,Silver,192.79,True,Vietnam
CUST007531,Bronze,46.57,False,Indonesia
CUST002807,Bronze,112.74,False,Vietnam
CUST012810,Bronze,95.69,False,Vietnam
CUST005975,Bronze,78.42,False,Thailand
CUST014163,Bronze,85.32,True,Thailand
CUST004751,Gold,118.11,False,Indonesia
CUST002168,Bronze,196.54,False,Thailand
CUST001800,Bronze,154.51,False,Singapore
CUST009504,Bronze,62.31,False,Philippines
CUST008627,Gold,313.02,True,Indonesia
CUST001643,Bronze,70.12,False,Thailand
CUST003156,Bronze,102.2,False,Philippines
CUST012389,Gold,197.34,True,Singapore
CUST008272,Gold,303.08,True,India
CUST015112,Bronze,107.52,False,Indonesia
CUST012048,Gold,307.56,False,India
CUST015186,Bronze,90.03,True,Thailand
CUST000612,Platinum,291.97,True,Philippines
CUST000631,Gold,308.62,False,Philippines
CUST009574,Bronze,62.94,False,Philippines
CUST006099,Bronze,117.1,False,Singapore
CUST004398,Gold,197.16,True,Thailand
CUST012146,Bronze,133.47,False,Philippines
CUST014314,Bronze,146.88,False,Thailand
CUST002617,Bronze,89.0,False,Singapore
CUST000345,Gold,371.3,True,India
CUST005060,Bronze,97.28,False,Singapore
CUST008459,Silver,186.89,False,Vietnam
CUST005935,Bronze,53.99,False,Thailand
CUST016906,Bronze,49.38,False,Indonesia
CUST011443,Silver,146.65,True,Philippines
CUST003437,Silver,210.44,False,Thailand
CUST001981,Bronze,53.34,False,Thailand
CUST016489,Bronze,82.69,False,Vietnam
CUST005782,Silver,177.92,True,Thailand
CUST006972,Silver,155.83,True,India
CUST001322,Bronze,83.46,True,Philippines
CUST016112,Bronze,84.13,False,Vietnam
CUST010022,Silver,183.15,True,Vietnam
CUST010730,Platinum,1980.02,False,Indonesia
CUST013129,Silver,200.91,False,Vietnam
CUST005601,Bronze,148.5,False,Indonesia
CUST013581,Gold,237.06,True,Indonesia
CUST015560,Bronze,89.11,False,Vietnam
CUST003489,Bronze,88.15,False,Thailand
CUST015877,Gold,188.63,False,Vietnam
CUST001712,Silver,93.7,True,Singapore
CUST007780,Bronze,76.82,False,Singapore
CUST006000,Bronze,58.34,False,Philippines
CUST011816,Gold,186.99,True,India
CUST007029,Silver,103.4,False,Indonesia
CUST012737,Silver,142.46,True,Indonesia
CUST009497,Bronze,65.57,False,India
CUST013611,Bronze,106.39,False,Thailand
CUST006978,Bronze,40.07,True,Thailand
CUST007053,Bronze,85.57,False,Thailand
CUST005743,Bronze,59.9,True,India
CUST015547,Bronze,65.84,False,Thailand
CUST016248,Silver,106.93,True,India
CUST014953,Platinum,651.02,True,Vietnam
CUST011241,Silver,119.42,False,Philippines
CUST005002,Bronze,48.54,False,India
CUST014904,Silver,62.02,False,Indonesia
CUST004222,Silver,164.53,True,Thailand
CUST011695,Silver,149.39,False,Thailand
CUST006486,Gold,220.77,True,Philippines
CUST000517,Bronze,61.6,False,Indonesia
CUST006008,Platinum,303.41,True,India
CUST014749,Gold,284.34,False,Indonesia
CUST000884,Bronze,66.43,False,Vietnam
CUST007189,Bronze,79.24,False,Philippines
CUST000659,Bronze,64.95,False,Vietnam
CUST004756,Bronze,41.55,False,Indonesia
CUST002444,Bronze,75.66,False,Philippines
CUST017579,Platinum,314.9,True,Thailand
CUST015557,Silver,122.9,False,Vietnam
CUST016938,Bronze,88.27,False,Philippines
CUST011682,Silver,151.72,False,Vietnam
CUST012522,Gold,423.98,False,Vietnam
CUST007540,Platinum,528.83,True,Singapore
CUST013539,Silver,112.99,False,Thailand
CUST000062,Silver,184.54,False,Philippines
CUST012071,Gold,459.56,True,Thailand
CUST014315,Bronze,77.56,False,Philippines
CUST001580,Platinum,689.99,True,Singapore
CUST017916,Silver,214.24,False,Vietnam
CUST013286,Bronze,52.03,False,Philippines
CUST007753,Bronze,27.04,False,Vietnam
CUST003452,Platinum,418.85,True,Philippines
CUST016339,Platinum,569.48,True,India
CUST013999,Bronze,105.54,False,Indonesia
CUST001606,Silver,190.63,True,India
CUST009195,Silver,174.58,False,Vietnam
CUST012791,Platinum,763.19,True,Philippines
CUST003369,Bronze,88.8,False,Philippines
CUST007028,Bronze,81.58,False,Philippines
CUST008180,Silver,228.65,True,Vietnam
CUST004107,Bronze,53.69,False,Thailand
CUST001540,Bronze,119.3,False,Indonesia
CUST014393,Bronze,132.66,False,Vietnam
CUST001046,Bronze,47.4,True,Indonesia
CUST011491,Bronze,102.31,False,Indonesia
CUST005430,Silver,169.53,False,Thailand
CUST015245,Bronze,73.45,False,Philippines
CUST015644,Bronze,94.33,False,Thailand
CUST012519,Bronze,144.48,False,Indonesia
CUST014407,Gold,576.66,True,India
CUST005305,Silver,181.75,False,India
CUST014473,Gold,303.2,True,Singapore
CUST009046,Gold,298.98,True,Philippines
CUST017423,Bronze,60.12,True,India
CUST008159,Bronze,66.52,False,India
CUST013527,Bronze,89.28,False,Vietnam
CUST012050,Gold,309.25,False,Philippines
CUST013811,Bronze,107.28,False,Indonesia
CUST013827,Bronze,125.99,False,Philippines
CUST000305,Bronze,97.06,False,Vietnam
CUST013900,Bronze,63.76,False,Indonesia
CUST000529,Bronze,100.96,False,Thailand
CUST012424,Platinum,466.39,True,Philippines
CUST002969,Platinum,569.81,True,Indonesia
CUST001828,Bronze,129.51,True,Vietnam
CUST015027,Bronze,52.38,False,Indonesia
CUST009416,Bronze,75.56,False,India
CUST009935,Bronze,160.05,True,Vietnam
CUST014529,Gold,192.07,True,Thailand
CUST007939,Platinum,608.38,True,Thailand
CUST011257,Platinum,376.96,True,Philippines
CUST012227,Gold,319.45,False,Thailand
CUST012228,Platinum,223.03,True,India
CUST003783,Platinum,454.35,True,Singapore
CUST017230,Bronze,185.63,False,Philippines
CUST008312,Bronze,86.44,True,India
CUST015258,Bronze,46.02,False,Philippines
CUST006264,Bronze,52.17,True,Philippines
CUST005144,Bronze,39.82,False,Thailand
CUST003658,Bronze,74.69,False,Singapore
CUST007163,Bronze,174.52,False,Singapore
CUST009562,Bronze,156.19,False,Vietnam
CUST009184,Bronze,122.99,False,Vietnam
CUST003331,Platinum,945.74,True,Philippines
CUST011576,Bronze,54.44,False,India
CUST011601,Silver,121.96,False,India
CUST011203,Platinum,477.29,True,Philippines
CUST005561,Bronze,168.31,True,India
CUST016678,Bronze,65.91,False,India
CUST017851,Silver,171.18,False,Philippines
CUST000975,Bronze,63.06,True,Indonesia
CUST003940,Bronze,110.22,True,Singapore
CUST012540,Silver,59.41,True,Indonesia
CUST015747,Bronze,106.38,True,Vietnam
CUST001263,Bronze,67.04,False,Philippines
CUST004574,Platinum,558.61,False,Singapore
CUST008982,Bronze,58.04,False,Thailand
CUST001585,Bronze,78.42,False,Indonesia
CUST009549,Platinum,300.43,True,Philippines
CUST010681,Silver,204.9,False,Philippines
CUST004696,Bronze,59.71,False,Singapore
CUST006927,Bronze,30.22,False,India
CUST008615,Platinum,666.66,True,Singapore
CUST008691,Bronze,56.87,False,Indonesia
CUST005985,Platinum,790.54,True,Thailand
CUST015499,Bronze,204.45,False,India
CUST005562,Silver,154.18,False,Thailand
CUST017336,Gold,369.36,True,Philippines
CUST009260,Silver,171.92,False,Vietnam
CUST017590,Bronze,125.36,False,Philippines
CUST008247,Gold,269.34,True,Singapore
CUST001076,Bronze,54.03,False,Thailand
CUST008018,Gold,179.23,False,Singapore
CUST010076,Bronze,53.0,False,Philippines
CUST013242,Silver,192.21,True,Singapore
CUST017316,Bronze,72.95,True,Singapore
CUST016140,Silver,225.78,True,Indonesia
CUST004844,Bronze,83.21,False,Vietnam
CUST005244,Bronze,97.45,False,India
CUST008080,Bronze,82.43,True,Indonesia
CUST015693,Silver,161.63,False,Vietnam
CUST005901,Platinum,727.04,True,Indonesia
CUST005346,Bronze,74.64,False,Philippines
CUST016353,Silver,245.03,True,Singapore
CUST007373,Bronze,72.71,False,Vietnam
CUST006817,Bronze,61.01,False,Singapore
CUST015934,Gold,336.51,False,Vietnam
CUST001886,Bronze,89.56,False,Indonesia
CUST017328,Bronze,155.64,False,Philippines
CUST013237,Bronze,97.7,False,Indonesia
CUST004201,Bronze,61.69,False,Singapore
CUST015909,Silver,151.6,False,Singapore
CUST013449,Silver,91.02,True,India
CUST007277,Bronze,41.06,False,Indonesia
CUST013631,Silver,164.57,True,Vietnam
CUST009030,Silver,100.15,True,Singapore
CUST001936,Bronze,87.44,False,Philippines
CUST004438,Bronze,65.83,True,Thailand
CUST013039,Silver,142.45,True,India
CUST013536,Bronze,58.49,False,Philippines
CUST017706,Bronze,88.14,False,Philippines
CUST009778,Silver,150.66,True,Philippines
CUST008348,Silver,127.56,False,Singapore
CUST007226,Bronze,78.8,False,India
CUST012983,Gold,415.53,False,Thailand
CUST014161,Gold,440.39,True,Thailand
CUST012633,Gold,262.68,True,Indonesia
CUST011871,Bronze,47.64,False,Indonesia
CUST009116,Bronze,98.61,False,Vietnam
CUST001565,Bronze,80.77,False,Vietnam
CUST002120,Silver,102.91,True,Indonesia
CUST006803,Silver,98.56,True,Philippines
CUST010928,Gold,477.57,True,Philippines
CUST011492,Bronze,33.39,True,Philippines
CUST014981,Bronze,46.24,False,Philippines
CUST002297,Platinum,367.19,False,Indonesia
CUST008780,Platinum,556.24,True,Thailand
CUST000078,Bronze,79.06,False,Singapore
CUST004662,Bronze,67.8,True,Indonesia
CUST011918,Bronze,80.74,True,Indonesia
CUST005147,Gold,224.63,False,Vietnam
CUST000349,Silver,269.34,True,Philippines
CUST014745,Bronze,122.11,False,Thailand
CUST011333,Platinum,875.04,True,Singapore
CUST016574,Bronze,35.56,False,Thailand
CUST005343,Silver,212.61,False,Vietnam
CUST014252,Bronze,108.79,False,Indonesia
CUST014932,Bronze,72.91,False,Singapore
CUST004116,Bronze,27.98,False,Indonesia
CUST010545,Silver,79.97,True,Philippines
CUST011407,Bronze,124.46,False,Indonesia
CUST001880,Bronze,58.02,False,Singapore
CUST010486,Bronze,71.22,False,Thailand
CUST011432,Platinum,500.81,True,India
CUST008454,Silver,239.39,True,Singapore
CUST007200,Silver,107.31,True,Singapore
CUST001998,Silver,111.35,False,Vietnam
CUST010866,Bronze,70.04,True,India
CUST002661,Gold,235.17,False,Indonesia
CUST012455,Bronze,98.15,False,Philippines
CUST011901,Bronze,169.75,True,Singapore
CUST010828,Bronze,82.27,False,Indonesia
CUST011127,Bronze,60.61,False,Indonesia
CUST012144,Bronze,86.3,False,India
CUST003629,Bronze,91.51,True,India
CUST006574,Silver,268.77,True,Vietnam
CUST009893,Platinum,658.34,True,Indonesia
CUST001261,Bronze,152.31,True,India
CUST002590,Bronze,85.74,False,Thailand
CUST007463,Bronze,76.63,False,India
CUST002395,Silver,99.7,True,Vietnam
CUST002420,Platinum,996.47,True,Philippines
CUST008671,Silver,182.67,True,Singapore
CUST015907,Bronze,63.55,False,Thailand
CUST001220,Gold,263.69,False,India
CUST011931,Silver,161.66,False,Singapore
CUST017653,Platinum,781.99,True,Vietnam
CUST016964,Bronze,76.27,False,India
CUST007385,Bronze,118.59,True,Indonesia
CUST000860,Bronze,70.0,False,Singapore
CUST002749,Platinum,855.85,True,Vietnam
CUST017522,Bronze,48.62,False,Thailand
CUST017893,Bronze,172.89,True,Thailand
CUST016970,Bronze,88.75,False,Thailand
CUST016031,Bronze,72.63,False,Singapore
CUST017109,Silver,70.87,False,Philippines
CUST013666,Gold,245.55,False,Vietnam
CUST011664,Silver,181.07,True,India
CUST016557,Gold,442.09,True,Singapore
CUST010560,Platinum,426.3,True,Singapore
CUST007009,Gold,324.37,False,Vietnam
CUST012672,Platinum,345.86,True,Philippines
CUST011779,Bronze,68.25,False,Thailand
CUST008639,Bronze,89.7,False,India
CUST000597,Bronze,61.22,False,India
CUST003651,Silver,83.01,True,Vietnam
CUST004427,Bronze,88.56,True,Vietnam
CUST017300,Bronze,155.38,False,India
CUST001794,Bronze,40.65,False,India
CUST009808,Bronze,59.0,False,Vietnam
CUST012764,Silver,244.1,False,Indonesia
CUST006137,Bronze,34.73,False,Singapore
CUST017745,Gold,183.47,True,Philippines
CUST004996,Bronze,166.14,True,Indonesia
CUST017686,Platinum,412.17,False,Thailand
CUST000643,Bronze,97.82,False,Philippines
CUST017492,Bronze,76.79,False,Indonesia
CUST008765,Bronze,88.92,True,Thailand
CUST011653,Bronze,26.73,False,India
CUST009320,Silver,179.4,True,India
CUST005633,Bronze,187.36,False,Philippines
CUST000049,Silver,122.8,False,Thailand
CUST017233,Platinum,432.02,True,Philippines
CUST009169,Silver,104.24,True,India
CUST014149,Bronze,37.25,False,Indonesia
CUST000123,Bronze,47.53,False,India
CUST014998,Bronze,64.41,False,India
CUST017799,Platinum,419.66,True,Philippines
CUST001286,Bronze,100.94,False,Vietnam
CUST005538,Bronze,103.63,False,Vietnam
CUST015473,Platinum,720.83,True,Thailand
CUST011141,Platinum,293.15,True,Vietnam
CUST010753,Silver,54.0,False,India
CUST016087,Bronze,134.24,False,Thailand
CUST001496,Bronze,96.01,False,Indonesia
CUST007076,Bronze,66.41,False,Philippines
CUST009756,Bronze,67.37,True,India
CUST004771,Gold,205.98,True,Indonesia
CUST000007,Bronze,121.28,False,Singapore
CUST014568,Bronze,39.91,True,Indonesia
CUST013718,Bronze,61.11,False,Singapore
CUST014008,Silver,147.83,False,Philippines
CUST003275,Bronze,118.44,False,Indonesia
CUST007680,Silver,199.61,False,Vietnam
CUST000416,Gold,315.47,True,Philippines
CUST004030,Silver,172.02,False,India
CUST010929,Platinum,603.08,True,Vietnam
CUST012772,Bronze,129.04,False,Philippines
CUST003678,Bronze,131.18,False,Thailand
CUST009067,Bronze,59.31,True,Indonesia
CUST005120,Silver,55.67,False,Indonesia
CUST001575,Gold,463.42,True,Indonesia
CUST005709,Silver,85.41,False,Thailand
CUST006611,Bronze,52.94,False,Indonesia
CUST007988,Gold,324.48,False,Vietnam
CUST000526,Bronze,81.37,False,Vietnam
CUST006506,Bronze,43.69,True,Indonesia
CUST005178,Bronze,101.41,False,Thailand
CUST017810,Platinum,802.78,True,India
CUST006325,Bronze,59.46,False,Thailand
CUST000939,Bronze,39.02,False,Vietnam
CUST010881,Bronze,78.79,True,Thailand
CUST012362,Bronze,56.08,False,Thailand
CUST001833,Gold,453.8,True,India
CUST009160,Bronze,46.59,True,Philippines
CUST015297,Bronze,66.37,False,Philippines
CUST010564,Bronze,129.03,False,Indonesia
CUST016705,Silver,133.33,True,Singapore
CUST013537,Bronze,32.36,True,India
CUST007508,Bronze,49.18,False,Indonesia
CUST001072,Silver,123.32,True,Indonesia
CUST001075,Silver,169.46,True,Vietnam
CUST010779,Bronze,25.89,True,Singapore
CUST001550,Gold,370.44,False,Philippines
CUST001165,Silver,126.37,True,India
CUST009634,Platinum,556.45,True,Vietnam
CUST007940,Platinum,548.87,True,Vietnam
CUST017133,Bronze,61.05,False,Indonesia
CUST006626,Bronze,58.39,True,India
CUST009730,Platinum,871.8,True,Philippines
CUST012157,Gold,137.1,False,Philippines
CUST017523,Platinum,773.83,True,Indonesia
CUST013564,Bronze,108.24,False,Indonesia
CUST001815,Bronze,62.66,False,Thailand
CUST011489,Bronze,78.87,False,Philippines
CUST004555,Gold,186.75,False,Indonesia
CUST015190,Platinum,348.9,True,Thailand
CUST014711,Bronze,98.06,False,Thailand
CUST000786,Platinum,1036.72,True,Indonesia
CUST007106,Silver,213.17,False,Philippines
CUST011791,Bronze,124.17,True,Indonesia
CUST011070,Bronze,143.56,False,Vietnam
CUST002920,Bronze,123.78,False,Vietnam
CUST015979,Bronze,69.04,False,Indonesia
CUST011506,Silver,102.63,False,Thailand
CUST012129,Gold,491.96,True,Philippines
CUST013894,Gold,233.74,True,India
CUST005134,Bronze,124.1,True,Indonesia
CUST017231,Platinum,279.32,True,India
CUST003663,Bronze,66.57,False,Indonesia
CUST016694,Gold,279.09,False,Thailand
CUST015855,Bronze,95.99,True,Vietnam
CUST006495,Bronze,66.76,False,Thailand
CUST000584,Silver,209.34,False,India
CUST012661,Platinum,299.52,True,Thailand
CUST017253,Silver,148.87,False,Thailand
CUST016146,Platinum,1050.87,False,Thailand
CUST002401,Bronze,223.27,False,Philippines
CUST006974,Bronze,40.83,False,India
CUST013076,Bronze,90.37,False,Vietnam
CUST010260,Bronze,61.64,False,Indonesia
CUST004723,Silver,151.12,False,India
CUST003301,Platinum,273.09,True,Philippines
CUST008650,Silver,151.84,True,Philippines
CUST001219,Bronze,59.36,False,Philippines
CUST000555,Silver,157.85,False,Thailand
CUST005162,Bronze,194.03,False,Thailand
CUST004672,Bronze,81.94,False,India
CUST008286,Silver,230.39,False,Philippines
CUST003655,Bronze,92.79,True,Vietnam
CUST007760,Bronze,50.99,False,Thailand
CUST004847,Silver,70.42,False,Indonesia
CUST011346,Bronze,71.04,False,Thailand
CUST001239,Gold,199.24,False,Singapore
CUST005483,Gold,266.02,False,Vietnam
CUST016804,Platinum,447.12,True,Philippines
CUST006845,Bronze,119.57,False,Indonesia
CUST000951,Silver,121.49,True,Vietnam
CUST003535,Bronze,67.83,True,India
CUST017361,Gold,130.14,True,Singapore
CUST011429,Gold,236.53,True,Thailand
CUST001121,Bronze,106.84,False,India
CUST005251,Bronze,92.81,False,Vietnam
CUST008946,Bronze,121.0,False,Indonesia
CUST015739,Silver,271.55,False,Philippines
CUST008207,Bronze,64.2,False,India
CUST016469,Bronze,60.38,False,Vietnam
CUST009880,Gold,262.51,False,Thailand
CUST017820,Silver,209.29,True,Indonesia
CUST010264,Platinum,796.25,True,India
CUST001813,Bronze,34.41,False,Thailand
CUST010958,Silver,243.88,False,Indonesia
CUST003038,Silver,152.8,False,Singapore
CUST001384,Bronze,60.11,False,Thailand
CUST010274,Silver,214.13,True,Indonesia
CUST002539,Silver,315.65,True,Thailand
CUST014376,Bronze,71.24,False,Thailand
CUST006882,Bronze,121.63,False,Thailand
CUST009193,Silver,157.37,False,India
CUST014183,Silver,148.49,True,Philippines
CUST017269,Bronze,147.68,False,Singapore
CUST016377,Bronze,75.27,False,Singapore
CUST017097,Bronze,206.6,False,Philippines
CUST005246,Bronze,91.91,False,Philippines
CUST007973,Bronze,70.43,False,Singapore
CUST015285,Gold,360.57,True,Thailand
CUST001024,Platinum,738.54,True,Indonesia
CUST003122,Bronze,88.6,False,Philippines
CUST011712,Bronze,91.48,False,Philippines
CUST016745,Silver,186.63,False,Thailand
CUST013991,Bronze,80.34,False,India
CUST000361,Bronze,56.18,False,Thailand
CUST000133,Bronze,106.34,False,Indonesia
CUST012074,Gold,427.98,True,Vietnam
CUST010991,Bronze,116.46,False,Thailand
CUST012391,Bronze,64.31,False,Indonesia
CUST008801,Gold,362.04,False,Thailand
CUST004859,Bronze,66.0,False,Vietnam
CUST007467,Bronze,76.21,False,Thailand
CUST015418,Bronze,84.38,False,Indonesia
CUST015398,Bronze,135.61,False,India
CUST003698,Platinum,413.31,True,Thailand
CUST009091,Bronze,77.82,True,Singapore
CUST007116,Bronze,84.03,True,Thailand
CUST013026,Bronze,46.41,False,Indonesia
CUST008824,Bronze,73.64,False,Singapore
CUST011088,Bronze,63.09,False,Vietnam
CUST001510,Bronze,98.43,True,Indonesia
CUST003954,Bronze,69.21,False,Indonesia
CUST010433,Gold,542.89,True,Indonesia
CUST000713,Bronze,41.18,True,Philippines
CUST008371,Gold,378.13,True,Philippines
CUST002570,Silver,98.6,False,Singapore
CUST004890,Bronze,51.27,False,Thailand
CUST014193,Bronze,75.8,False,Singapore
CUST002789,Gold,183.08,False,Singapore
CUST014416,Bronze,60.01,False,Thailand
CUST000225,Gold,235.11,True,Philippines
CUST002763,Silver,112.3,True,Vietnam
CUST008947,Bronze,43.56,True,Singapore
CUST012754,Bronze,117.81,False,Thailand
CUST001615,Bronze,360.35,False,Singapore
CUST015254,Platinum,309.16,False,Indonesia
CUST004597,Silver,210.47,False,Indonesia
CUST010247,Gold,136.7,False,Indonesia
CUST009227,Bronze,126.97,False,Indonesia
CUST002232,Silver,153.28,False,Thailand
CUST002102,Silver,239.13,False,Philippines
CUST006605,Bronze,78.47,False,India
CUST009209,Bronze,133.1,False,Thailand
CUST017257,Bronze,147.95,True,Philippines
CUST002575,Silver,144.07,False,Indonesia
CUST009764,Silver,189.67,True,Philippines
CUST015370,Bronze,80.26,False,India
CUST006285,Bronze,66.1,False,Vietnam
CUST011258,Silver,115.97,True,Vietnam
CUST013415,Gold,135.47,True,Indonesia
CUST009370,Bronze,42.14,False,Thailand
CUST013489,Bronze,133.98,False,Singapore
CUST010185,Gold,353.84,False,Indonesia
CUST015783,Silver,137.63,True,Philippines
CUST001559,Bronze,78.45,False,Thailand
CUST001891,Bronze,49.82,False,Philippines
CUST007150,Bronze,67.57,True,Philippines
CUST017947,Silver,100.46,False,Singapore
CUST017191,Platinum,373.48,False,Indonesia
CUST012536,Silver,132.69,True,Vietnam
CUST008249,Bronze,44.19,False,India
CUST007310,Gold,445.29,True,Indonesia
CUST015063,Platinum,612.98,True,Vietnam
CUST014992,Silver,48.68,True,Indonesia
CUST008188,Gold,128.75,True,Thailand
CUST010747,Bronze,122.59,True,India
CUST002212,Bronze,31.5,False,Vietnam
CUST002378,Silver,168.15,True,Vietnam
CUST004184,Bronze,67.69,False,Philippines
CUST007287,Bronze,37.32,False,Indonesia
CUST015147,Gold,195.83,True,Philippines
CUST015597,Platinum,468.22,False,Thailand
CUST009367,Platinum,624.29,True,Singapore
CUST014294,Silver,235.0,True,India
CUST016246,Bronze,95.87,False,Vietnam
CUST001105,Bronze,125.81,False,India
CUST014195,Silver,95.83,False,Thailand
CUST000816,Platinum,359.05,True,Thailand
CUST016878,Platinum,465.43,True,Indonesia
CUST003623,Silver,90.51,True,Thailand
CUST011252,Bronze,92.74,True,Indonesia
CUST005805,Bronze,103.71,False,Thailand
CUST013393,Gold,217.01,False,Vietnam
CUST014910,Bronze,144.7,False,Vietnam
CUST007205,Bronze,118.66,False,India
CUST003958,Bronze,51.76,False,India
CUST014164,Gold,257.11,False,Thailand
CUST009936,Silver,200.79,True,Indonesia
CUST000325,Silver,125.94,True,Philippines
CUST000993,Bronze,58.66,True,Thailand
CUST012703,Bronze,52.78,True,Vietnam
CUST010581,Gold,292.16,True,Indonesia
CUST007119,Bronze,40.32,False,Thailand
CUST017939,Gold,555.23,True,India
CUST005199,Silver,144.82,True,Indonesia
CUST001903,Bronze,131.45,False,Indonesia
CUST000120,Gold,244.67,False,Thailand
CUST004207,Silver,156.84,True,Vietnam
CUST012608,Bronze,133.05,False,Philippines
CUST014536,Gold,314.89,False,Thailand
CUST017625,Gold,426.78,True,Singapore
CUST017888,Silver,79.64,True,Philippines
CUST002452,Platinum,285.98,True,Singapore
CUST012377,Gold,901.34,True,Philippines
CUST001417,Bronze,89.14,False,Thailand
CUST012686,Silver,96.62,True,Singapore
CUST015364,Bronze,69.63,False,Indonesia
CUST013040,Bronze,49.79,True,India
CUST008514,Bronze,108.9,False,Vietnam
CUST017422,Bronze,105.41,False,Indonesia
CUST011383,Platinum,459.59,True,Vietnam
CUST008669,Bronze,68.95,True,Indonesia
CUST007276,Silver,149.59,True,Thailand
CUST011654,Bronze,134.92,False,Thailand
CUST003977,Bronze,96.9,False,Philippines
CUST003464,Bronze,141.11,False,Philippines
CUST006121,Silver,157.8,True,Philippines
CUST008746,Bronze,156.18,False,Vietnam
CUST002925,Bronze,155.68,False,Indonesia
CUST013173,Gold,197.08,False,India
CUST009418,Gold,146.7,False,India
CUST002776,Bronze,129.81,False,Singapore
CUST001152,Bronze,79.73,False,India
CUST002824,Silver,141.3,True,India
CUST017395,Gold,516.94,False,Indonesia
CUST002891,Bronze,159.38,False,Philippines
CUST004729,Bronze,44.27,True,Philippines
CUST005945,Gold,280.14,False,Singapore
CUST009095,Gold,296.4,True,Indonesia
CUST009043,Bronze,106.02,False,Singapore
CUST014090,Bronze,23.6,False,Philippines
CUST010869,Bronze,56.83,False,Thailand
CUST009628,Silver,100.5,False,Thailand
CUST007819,Bronze,114.62,False,India
CUST017195,Bronze,72.23,False,Indonesia
CUST003402,Silver,205.85,True,Thailand
CUST007407,Bronze,115.52,False,Vietnam
CUST004640,Platinum,669.56,True,Indonesia
CUST016318,Gold,157.62,False,India
CUST010621,Bronze,49.36,False,Singapore
CUST015182,Silver,168.77,True,Singapore
CUST016464,Bronze,78.9,False,India
CUST012768,Silver,58.63,True,Thailand
CUST014117,Bronze,34.61,False,Singapore
CUST009119,Bronze,103.82,False,India
CUST004450,Silver,165.96,False,India
CUST014427,Silver,94.03,False,Thailand
CUST004258,Bronze,81.38,True,Thailand
CUST001120,Bronze,83.72,False,Vietnam
CUST001363,Silver,266.81,True,India
CUST010867,Bronze,83.73,False,Vietnam
CUST002314,Platinum,1387.47,True,Philippines
CUST017095,Silver,165.07,False,Philippines
CUST005899,Platinum,421.51,True,Singapore
CUST005434,Bronze,105.22,True,Philippines
CUST004075,Bronze,56.82,True,Singapore
CUST010936,Gold,197.14,False,Indonesia
CUST005714,Silver,221.15,True,Indonesia
CUST011859,Bronze,113.73,False,Thailand
CUST002795,Platinum,703.53,True,Indonesia
CUST007456,Platinum,322.62,True,Indonesia
CUST003483,Bronze,40.83,True,Thailand
CUST004486,Gold,622.51,False,India
CUST007057,Bronze,72.81,False,Indonesia
CUST010021,Silver,285.38,True,Vietnam
CUST002688,Silver,225.64,False,Thailand
CUST017066,Bronze,72.55,False,Indonesia
CUST003152,Silver,107.19,True,Indonesia
CUST004254,Gold,183.66,False,Singapore
CUST002669,Silver,120.08,True,Vietnam
CUST012121,Bronze,94.37,False,India
CUST016677,Bronze,84.81,False,Vietnam
CUST016824,Bronze,78.04,False,Vietnam
CUST006849,Gold,205.76,False,Singapore
CUST013675,Bronze,75.26,False,Indonesia
CUST014978,Bronze,79.94,False,Thailand
CUST006916,Silver,102.26,False,Singapore
CUST007340,Bronze,115.07,False,Thailand
CUST002470,Bronze,88.04,False,India
CUST007084,Platinum,1056.48,True,Thailand
CUST008549,Silver,207.97,False,India
CUST003130,Bronze,145.17,False,Vietnam
CUST011134,Bronze,52.66,False,Indonesia
CUST010813,Bronze,68.39,False,Vietnam
CUST004802,Silver,79.59,False,India
CUST011857,Bronze,69.04,False,Indonesia
CUST007423,Bronze,77.48,False,India
CUST014298,Bronze,110.91,False,Thailand
CUST003373,Silver,196.68,True,Thailand
CUST002531,Bronze,88.03,False,Singapore
CUST013205,Platinum,1390.15,True,Thailand
CUST006463,Bronze,43.89,True,Vietnam
CUST016018,Silver,157.27,False,Singapore
CUST006165,Bronze,48.29,True,Thailand
CUST015014,Silver,177.23,False,India
CUST010852,Platinum,1009.42,True,Singapore
CUST012270,Bronze,141.38,False,Indonesia
CUST002974,Bronze,122.38,False,Singapore
CUST004079,Platinum,290.74,True,Indonesia
CUST000214,Bronze,116.16,False,Vietnam
CUST002397,Bronze,87.69,False,India
CUST006767,Silver,140.7,False,Thailand
CUST008895,Silver,140.38,False,Indonesia
CUST006961,Silver,208.18,False,Singapore
CUST004542,Silver,175.48,False,India
CUST011268,Gold,351.75,True,Philippines
CUST004712,Bronze,93.23,False,Indonesia
CUST011522,Gold,156.35,False,Vietnam
CUST004669,Bronze,92.75,True,India
CUST010128,Silver,156.3,False,Philippines
CUST009028,Platinum,943.58,False,Philippines
CUST001776,Bronze,117.22,False,India
CUST017024,Bronze,128.27,False,Philippines
CUST002511,Bronze,104.16,False,Indonesia
CUST008741,Bronze,43.14,False,India
CUST006222,Bronze,57.8,False,Philippines
CUST013478,Gold,408.82,True,Indonesia
CUST006762,Bronze,111.99,False,Philippines
CUST017130,Silver,165.7,False,Indonesia
CUST009732,Bronze,89.04,False,Thailand
CUST017374,Bronze,67.78,False,Vietnam
CUST002972,Bronze,106.49,False,Vietnam
CUST009525,Silver,207.84,True,Philippines
CUST004677,Gold,574.39,True,Indonesia
CUST008311,Bronze,60.73,False,Indonesia
CUST006711,Gold,358.07,True,Vietnam
CUST012610,Bronze,49.85,False,Thailand
CUST007290,Bronze,92.56,False,Indonesia
CUST012871,Bronze,94.67,True,Vietnam
CUST005681,Silver,175.57,False,India
CUST017365,Silver,117.73,False,Philippines
CUST005751,Silver,83.83,False,Singapore
CUST004234,Bronze,72.66,False,Thailand
CUST016909,Bronze,102.21,False,Thailand
CUST007399,Silver,104.28,True,Indonesia
CUST011862,Bronze,83.35,False,Singapore
CUST002165,Bronze,72.55,False,Thailand
CUST014039,Bronze,87.76,False,Vietnam
CUST014456,Bronze,92.78,False,Indonesia
CUST014152,Platinum,236.18,True,Philippines
CUST000949,Bronze,93.12,False,Thailand
CUST003309,Bronze,80.89,False,Indonesia
CUST017514,Silver,158.54,False,Indonesia
CUST008743,Bronze,90.89,True,Vietnam
CUST010098,Silver,87.5,True,Singapore
CUST014879,Gold,280.54,False,Vietnam
CUST003563,Bronze,117.14,False,Thailand
CUST004839,Silver,102.86,False,India
CUST013343,Platinum,417.22,True,Thailand
CUST002717,Platinum,394.28,True,Thailand
CUST011958,Gold,124.32,True,Indonesia
CUST004893,Bronze,92.07,False,Indonesia
CUST013960,Silver,189.45,False,Vietnam
CUST007695,Silver,155.19,True,Indonesia
CUST006430,Bronze,71.71,False,Indonesia
CUST003695,Bronze,55.71,False,Indonesia
CUST015305,Bronze,205.03,False,Vietnam
CUST017455,Bronze,96.96,False,Philippines
CUST010924,Bronze,75.94,False,Thailand
CUST008831,Silver,122.32,False,Singapore
CUST010287,Bronze,97.2,True,India
CUST015615,Gold,123.11,True,Philippines
CUST000996,Bronze,63.3,False,Philippines
CUST008199,Silver,87.49,False,Singapore
CUST014217,Platinum,432.03,True,Indonesia
CUST013634,Platinum,417.38,True,Thailand
CUST006888,Platinum,405.56,True,Thailand
CUST006333,Platinum,646.79,False,Vietnam
CUST007635,Bronze,86.39,False,Indonesia
CUST017076,Bronze,118.2,False,Philippines
CUST008381,Bronze,69.44,False,India
CUST008049,Bronze,88.43,False,Indonesia
CUST007364,Bronze,131.54,False,India
CUST004600,Bronze,91.52,True,Indonesia
CUST004898,Silver,125.11,True,Indonesia
CUST003427,Bronze,73.67,False,India
CUST001192,Bronze,161.59,False,Vietnam
CUST016840,Gold,144.3,False,India
CUST006870,Bronze,63.61,True,India
CUST001275,Bronze,103.86,False,Vietnam
CUST017771,Bronze,97.9,False,Philippines
CUST009930,Bronze,73.13,True,Thailand
CUST011488,Bronze,90.27,False,India
CUST000158,Gold,250.77,False,Indonesia
CUST014946,Bronze,131.22,True,Thailand
CUST003148,Bronze,71.66,False,Philippines
CUST010795,Silver,267.9,True,Thailand
CUST013614,Bronze,30.93,False,Indonesia
CUST016042,Silver,187.86,True,Vietnam
CUST013940,Gold,115.78,False,Singapore
CUST011686,Gold,208.52,True,Vietnam
CUST000900,Bronze,55.23,True,Thailand
CUST013907,Silver,248.18,False,Singapore
CUST015784,Bronze,81.14,False,Thailand
CUST004820,Platinum,669.67,True,Thailand
CUST002818,Bronze,84.12,False,Singapore
CUST005857,Platinum,212.29,True,Vietnam
CUST008486,Silver,100.58,False,Philippines
CUST013875,Silver,166.89,True,Indonesia
CUST000292,Bronze,42.62,False,India
CUST016398,Bronze,71.24,False,Philippines
CUST005837,Bronze,102.41,False,Philippines
CUST013461,Silver,185.67,True,Philippines
CUST015372,Bronze,86.11,False,Thailand
CUST000727,Platinum,1048.89,False,Vietnam
CUST007783,Bronze,93.35,True,Philippines
CUST005107,Platinum,559.83,True,Vietnam
CUST009975,Bronze,123.15,False,Vietnam
CUST012981,Bronze,58.69,False,Indonesia
CUST005085,Bronze,50.17,False,Vietnam
CUST012575,Bronze,87.57,False,Thailand
CUST006055,Bronze,84.37,False,Indonesia
CUST011788,Silver,108.32,True,Singapore
CUST012057,Silver,62.24,False,Indonesia
CUST002456,Bronze,111.89,True,Thailand
CUST002254,Silver,132.62,False,Thailand
CUST002839,Platinum,216.81,True,Philippines
CUST003395,Silver,162.32,True,Indonesia
CUST002728,Gold,257.01,True,Indonesia
CUST000723,Bronze,77.46,False,Vietnam
CUST000313,Gold,160.19,True,India
CUST006508,Bronze,85.15,False,Singapore
CUST014890,Bronze,76.54,False,India
CUST001511,Silver,146.13,False,Philippines
CUST015971,Bronze,70.96,False,Indonesia
CUST016079,Silver,305.68,False,Thailand
CUST003247,Bronze,88.54,False,Thailand
CUST006735,Silver,95.83,False,Thailand
CUST017985,Bronze,87.29,True,Philippines
CUST014773,Silver,229.28,True,Philippines
CUST010310,Gold,258.04,False,Singapore
CUST008826,Silver,123.14,False,Indonesia
CUST006042,Bronze,116.31,False,Singapore
CUST012543,Bronze,137.96,True,India
CUST002005,Gold,474.18,True,Vietnam
CUST002707,Bronze,86.68,True,Vietnam
CUST005427,Platinum,381.25,True,India
CUST000887,Gold,534.2,True,Philippines
CUST009322,Platinum,350.63,False,Singapore
CUST010989,Bronze,140.12,False,Thailand
CUST008715,Silver,178.69,True,Philippines
CUST008376,Bronze,95.38,False,India
CUST011893,Silver,155.07,False,Vietnam
CUST015781,Bronze,56.07,False,Vietnam
CUST017641,Bronze,98.82,True,Thailand
CUST013192,Gold,344.99,False,India
CUST011837,Silver,152.5,True,Philippines
CUST006336,Gold,374.59,True,Indonesia
CUST006800,Bronze,42.1,False,Vietnam
CUST000359,Bronze,106.51,False,Indonesia
CUST003864,Gold,198.73,True,India
CUST007450,Bronze,66.64,False,Vietnam
CUST013417,Bronze,98.87,False,Vietnam
CUST015852,Silver,138.11,False,Vietnam
CUST006166,Gold,248.8,False,Philippines
CUST012724,Gold,260.39,True,Indonesia
CUST013250,Bronze,64.54,False,Thailand
CUST012319,Bronze,49.66,False,Indonesia
CUST015960,Silver,203.66,False,Vietnam
CUST003690,Platinum,537.47,True,Thailand
CUST003298,Gold,642.07,False,Philippines
CUST009040,Bronze,87.71,False,Singapore
CUST002015,Bronze,96.85,False,Thailand
CUST008904,Platinum,395.38,True,Indonesia
CUST010892,Bronze,54.3,False,Vietnam
CUST011525,Bronze,125.79,False,India
CUST005754,Bronze,87.79,False,India
CUST013997,Bronze,79.56,False,Thailand
CUST010510,Bronze,66.67,False,Singapore
CUST008019,Bronze,88.55,True,Indonesia
CUST006332,Platinum,382.88,True,India
CUST002310,Silver,204.34,True,India
CUST010605,Bronze,85.45,False,Vietnam
CUST016028,Silver,155.09,False,Indonesia
CUST003896,Bronze,40.24,False,India
CUST004840,Bronze,147.9,False,Thailand
CUST006233,Bronze,275.04,False,Philippines
CUST016242,Gold,281.11,True,Thailand
CUST014379,Bronze,82.66,False,Singapore
CUST017589,Bronze,88.61,False,Indonesia
CUST004981,Gold,251.12,False,India
CUST005484,Bronze,58.24,False,Philippines
CUST000306,Bronze,114.21,False,Philippines
CUST003927,Bronze,74.37,True,Philippines
CUST004695,Bronze,112.77,False,Singapore
CUST013235,Bronze,204.97,False,Vietnam
CUST005819,Bronze,65.01,False,Indonesia
CUST017479,Silver,132.97,False,Thailand
CUST017868,Gold,76.05,False,Vietnam
CUST005720,Gold,244.72,True,Indonesia
CUST003174,Silver,97.83,True,Thailand
CUST012309,Gold,417.98,True,Vietnam
CUST011014,Silver,200.3,False,Vietnam
CUST009807,Silver,305.43,True,India
CUST004674,Bronze,79.22,False,Philippines
CUST006210,Bronze,74.69,False,Vietnam
CUST005887,Bronze,105.21,False,Indonesia
CUST000636,Gold,313.27,True,Thailand
CUST014224,Platinum,402.33,True,Thailand
CUST017708,Silver,170.34,False,Indonesia
CUST014158,Bronze,96.17,True,Indonesia
CUST004310,Bronze,69.63,False,Thailand
CUST010354,Bronze,48.1,False,Thailand
CUST001455,Silver,393.09,True,Vietnam
CUST012856,Bronze,38.6,False,Philippines
CUST001500,Bronze,84.47,False,Thailand
CUST008662,Bronze,72.81,False,Singapore
CUST004986,Bronze,94.9,True,Vietnam
CUST017339,Bronze,104.47,False,Singapore
CUST001617,Bronze,103.15,False,Philippines
CUST003469,Silver,185.56,False,Indonesia
CUST012580,Bronze,47.36,False,Indonesia
CUST015995,Bronze,146.29,False,Thailand
CUST001058,Platinum,215.4,True,India
CUST010100,Gold,142.88,True,Indonesia
CUST011673,Bronze,78.69,True,Vietnam
CUST011186,Silver,111.08,False,India
CUST002489,Silver,92.89,False,Thailand
CUST007446,Gold,216.75,False,India
CUST012637,Silver,93.37,False,Thailand
CUST016381,Silver,299.02,True,Philippines
CUST008102,Silver,96.23,True,Vietnam
CUST005311,Bronze,73.87,False,Vietnam
CUST015068,Silver,194.01,True,Philippines
CUST013432,Bronze,29.81,False,Philippines
CUST016712,Bronze,92.28,False,Philippines
CUST016360,Gold,202.0,True,Singapore
CUST002071,Silver,173.98,False,Thailand
CUST005161,Bronze,101.27,False,Vietnam
CUST015585,Silver,275.32,False,Philippines
CUST010341,Platinum,233.81,True,Thailand
CUST006729,Bronze,144.84,False,Thailand
CUST009577,Bronze,30.03,True,Thailand
CUST015776,Bronze,59.99,True,Singapore
CUST007327,Bronze,160.4,False,Thailand
CUST011770,Bronze,93.55,False,Thailand
CUST010739,Silver,122.45,True,Indonesia
CUST003117,Silver,338.05,True,Thailand
CUST010133,Silver,162.15,True,Philippines
CUST006063,Platinum,354.13,True,Philippines
CUST000273,Silver,203.56,False,Indonesia
CUST017584,Silver,83.42,True,Indonesia
CUST008919,Bronze,71.11,False,Indonesia
CUST004501,Platinum,130.05,True,Vietnam
CUST009359,Bronze,42.25,False,India
CUST001490,Gold,127.55,True,Thailand
CUST002267,Bronze,39.15,False,Vietnam
CUST009437,Bronze,44.26,False,Vietnam
CUST017044,Bronze,55.49,False,Philippines
CUST001182,Gold,404.99,True,India
CUST006622,Gold,235.63,True,Indonesia
CUST016453,Silver,173.75,True,Indonesia
CUST003210,Bronze,53.48,False,Philippines
CUST012109,Bronze,126.61,False,Philippines
CUST010586,Bronze,94.29,False,India
CUST009873,Bronze,183.95,False,Philippines
CUST005526,Bronze,161.95,False,Philippines
CUST016147,Bronze,210.28,True,India
CUST003523,Silver,108.58,False,Singapore
CUST014654,Platinum,666.58,True,Indonesia
CUST016135,Bronze,194.41,False,Thailand
CUST015847,Bronze,135.31,True,India
CUST004736,Gold,288.34,True,Vietnam
CUST013844,Bronze,114.98,False,India
CUST011949,Silver,119.68,False,Indonesia
CUST007628,Platinum,338.98,True,Vietnam
CUST001038,Bronze,57.51,True,Thailand
CUST010363,Silver,69.63,True,India
CUST009597,Bronze,62.05,False,Vietnam
CUST010321,Silver,250.52,False,Indonesia
CUST011388,Silver,120.89,False,Singapore
CUST016052,Bronze,70.75,False,Thailand
CUST007649,Bronze,77.82,False,Vietnam
CUST012403,Bronze,64.61,False,India
CUST000329,Silver,250.76,False,Philippines
CUST012782,Silver,76.96,True,Thailand
CUST013259,Gold,421.68,True,Vietnam
CUST001657,Silver,114.28,True,Thailand
CUST002174,Gold,539.61,True,Thailand
CUST015150,Bronze,26.49,False,Vietnam
CUST003115,Silver,180.48,False,Thailand
CUST009802,Bronze,71.22,True,India
CUST002194,Bronze,116.88,True,Thailand
CUST004293,Bronze,42.9,False,Vietnam
CUST000117,Platinum,379.13,True,Philippines
CUST007193,Bronze,61.15,True,Vietnam
CUST016279,Bronze,65.18,False,Indonesia
CUST008593,Bronze,68.9,False,Thailand
CUST002961,Bronze,106.69,False,Thailand
CUST006790,Bronze,66.64,False,Thailand
CUST004047,Bronze,50.03,True,Singapore
CUST004889,Platinum,784.85,True,India
CUST002502,Bronze,48.95,False,India
CUST016711,Platinum,423.42,True,Thailand
CUST014675,Bronze,78.48,False,Thailand
CUST005982,Silver,155.17,False,Indonesia
CUST007667,Bronze,42.84,True,Singapore
CUST017724,Bronze,61.89,True,Indonesia
CUST011732,Silver,145.03,True,Philippines
CUST016512,Gold,262.0,True,Indonesia
CUST015953,Bronze,77.76,False,India
CUST012213,Bronze,138.77,False,Thailand
CUST003981,Bronze,80.37,True,Vietnam
CUST003849,Silver,115.16,True,India
CUST001560,Bronze,100.95,False,Philippines
CUST005649,Platinum,815.77,True,Indonesia
CUST001704,Silver,262.08,False,India
CUST003679,Silver,293.21,True,Thailand
CUST004606,Silver,109.55,False,Thailand
CUST006950,Silver,342.48,False,Indonesia
CUST015340,Bronze,110.43,False,Philippines
CUST016288,Bronze,186.67,False,Philippines
CUST016583,Bronze,66.96,True,Indonesia
CUST012052,Bronze,92.4,False,Singapore
CUST002299,Silver,139.43,True,India
CUST003255,Platinum,224.02,True,Vietnam
CUST005189,Bronze,51.25,False,Indonesia
CUST016974,Gold,312.84,True,Indonesia
CUST010551,Gold,307.72,True,Vietnam
CUST001060,Bronze,58.05,False,Philippines
CUST010351,Bronze,121.92,True,Vietnam
CUST006586,Bronze,95.78,False,Vietnam
CUST007027,Gold,330.81,True,Thailand
CUST005848,Bronze,96.97,False,Vietnam
CUST008193,Bronze,62.77,False,Philippines
CUST003478,Gold,228.41,True,Thailand
CUST007962,Bronze,95.39,False,Indonesia
CUST007052,Gold,264.18,True,Singapore
CUST006773,Gold,262.2,True,Indonesia
CUST016799,Bronze,57.42,False,Singapore
CUST000415,Platinum,710.72,True,India
CUST009770,Platinum,498.64,True,Thailand
CUST016626,Silver,154.98,False,Thailand
CUST014394,Bronze,68.02,False,Vietnam
CUST013709,Bronze,132.22,False,Singapore
CUST002762,Bronze,83.58,True,Thailand
CUST007945,Bronze,62.56,False,Singapore
CUST002257,Silver,103.61,True,Thailand
CUST011015,Gold,252.66,True,Thailand
CUST009845,Silver,108.69,True,Thailand
CUST014551,Bronze,106.95,False,Philippines
CUST011844,Silver,288.96,True,India
CUST013291,Platinum,332.86,True,Singapore
CUST015312,Silver,73.11,False,Indonesia
CUST017989,Bronze,71.41,False,Thailand
CUST010024,Silver,154.52,False,Vietnam
CUST015957,Bronze,26.94,False,Vietnam
CUST000962,Bronze,152.3,False,Vietnam
CUST010500,Platinum,862.95,False,Thailand
CUST014330,Silver,88.04,False,Thailand
CUST000184,Platinum,760.09,True,Indonesia
CUST006570,Bronze,89.52,False,Philippines
CUST009075,Gold,476.28,False,Philippines
CUST001916,Silver,210.2,False,Indonesia
CUST000664,Bronze,46.66,False,Thailand
CUST010897,Silver,110.09,False,Vietnam
CUST015222,Silver,183.6,False,Philippines
CUST000001,Bronze,67.54,False,India
CUST004838,Silver,127.77,True,Vietnam
CUST013974,Gold,242.81,False,Singapore
CUST011209,Bronze,84.2,False,Thailand
CUST014321,Silver,92.66,False,Thailand
CUST017648,Platinum,507.58,True,Indonesia
CUST010716,Bronze,81.98,False,Vietnam
CUST006964,Bronze,55.06,False,Thailand
CUST003810,Platinum,411.34,True,Indonesia
CUST010596,Platinum,660.15,True,Indonesia
CUST003616,Silver,193.26,False,India
CUST010193,Bronze,74.21,False,India
CUST010016,Bronze,47.42,False,India
CUST002572,Bronze,53.89,True,India
CUST006047,Bronze,89.71,False,Indonesia
CUST012111,Silver,250.13,True,Vietnam
CUST016535,Bronze,155.54,True,Thailand
CUST002738,Gold,309.38,False,Philippines
CUST011659,Silver,148.18,False,Vietnam
CUST012867,Silver,133.97,True,Thailand
CUST008488,Bronze,48.83,False,Indonesia
CUST013790,Bronze,51.08,False,India
CUST009341,Silver,127.84,False,Philippines
CUST012516,Gold,185.21,True,Vietnam
CUST014365,Bronze,96.97,False,Thailand
CUST007955,Gold,547.76,True,Philippines
CUST014259,Bronze,43.8,True,India
CUST010883,Bronze,181.45,False,Philippines
CUST004976,Gold,344.95,False,Thailand
CUST008556,Bronze,58.14,False,India
CUST007022,Platinum,382.37,True,Thailand
CUST011453,Silver,368.57,False,Philippines
CUST010854,Gold,377.87,False,Singapore
CUST015500,Gold,414.66,False,Thailand
CUST006842,Platinum,601.76,False,Vietnam
CUST015772,Silver,212.54,False,Philippines
CUST005830,Bronze,110.28,False,Thailand
CUST016940,Bronze,103.32,True,Vietnam
CUST010235,Gold,314.8,True,Vietnam
CUST001951,Bronze,58.37,False,India
CUST002932,Gold,318.85,True,Philippines
CUST017007,Bronze,88.54,True,Indonesia
CUST011074,Bronze,52.26,False,Thailand
CUST008519,Bronze,136.1,False,Thailand
CUST006925,Gold,280.49,True,Vietnam
CUST012212,Bronze,43.93,False,India
CUST002521,Bronze,56.77,False,Indonesia
CUST013819,Silver,151.46,False,Indonesia
CUST005179,Bronze,78.13,True,India
CUST000929,Gold,198.36,False,Thailand
CUST010234,Bronze,66.88,False,Indonesia
CUST015568,Gold,343.08,True,India
CUST005236,Gold,158.01,True,Philippines
CUST006494,Silver,114.27,True,Indonesia
CUST000233,Bronze,80.59,False,India
CUST004077,Silver,225.16,False,Philippines
CUST007177,Bronze,127.0,False,Singapore
CUST008135,Silver,141.45,True,India
CUST002108,Platinum,295.38,False,Philippines
CUST010009,Bronze,125.15,False,Singapore
CUST012832,Silver,206.44,False,Thailand
CUST017143,Silver,117.32,False,Singapore
CUST002414,Gold,318.18,True,Thailand
CUST010983,Platinum,432.27,True,Vietnam
CUST000855,Gold,240.88,False,Vietnam
CUST013464,Bronze,74.25,True,Vietnam
CUST014971,Bronze,73.8,False,Indonesia
CUST009386,Bronze,86.0,False,India
CUST005517,Platinum,895.67,True,India
CUST003017,Bronze,53.47,False,Indonesia
CUST006594,Bronze,67.99,False,Thailand
CUST011008,Silver,124.49,True,Philippines
CUST016578,Bronze,191.67,False,Philippines
CUST005097,Bronze,80.85,False,Singapore
CUST016342,Silver,183.13,False,Thailand
CUST009959,Silver,182.52,False,Indonesia
CUST007603,Bronze,115.99,True,Indonesia
CUST010123,Bronze,75.44,True,Indonesia
CUST011201,Gold,101.4,False,Indonesia
CUST002277,Silver,176.98,False,India
CUST008118,Bronze,103.07,False,Singapore
CUST001226,Silver,157.75,False,Thailand
CUST002437,Bronze,70.48,False,Thailand
CUST015514,Platinum,814.18,False,Thailand
CUST013679,Bronze,91.08,False,India
CUST010348,Platinum,796.36,True,Philippines
CUST010195,Platinum,419.87,True,Vietnam
CUST014832,Bronze,96.11,False,Indonesia
CUST000911,Bronze,86.16,False,Indonesia
CUST003096,Silver,151.92,True,Thailand
CUST015180,Platinum,566.66,True,Indonesia
CUST007428,Silver,153.58,True,Philippines
CUST010094,Silver,152.94,True,India
CUST012798,Silver,166.51,True,Thailand
CUST012277,Silver,106.15,True,Indonesia
CUST010424,Silver,79.46,True,Philippines
CUST014676,Bronze,81.7,False,India
CUST006299,Bronze,123.0,False,Singapore
CUST011264,Gold,527.13,False,Indonesia
CUST004865,Bronze,120.91,False,Indonesia
CUST015132,Bronze,112.52,False,India
CUST003113,Bronze,75.25,False,Philippines
CUST010632,Bronze,62.28,False,Indonesia
CUST006452,Platinum,548.53,True,Thailand
CUST015497,Gold,353.45,False,Vietnam
CUST015005,Silver,85.14,False,Philippines
CUST006836,Bronze,104.59,False,Indonesia
CUST010334,Bronze,73.52,False,Thailand
CUST004415,Gold,390.97,False,Singapore
CUST009726,Silver,172.99,True,Indonesia
CUST017275,Gold,210.74,False,Vietnam
CUST011018,Bronze,25.08,True,Thailand
CUST000751,Gold,196.65,True,Indonesia
CUST008108,Bronze,105.77,False,Vietnam
CUST001271,Bronze,106.81,False,Vietnam
CUST010386,Bronze,46.1,False,Singapore
CUST004323,Gold,117.61,True,Vietnam
CUST004823,Bronze,84.96,False,Vietnam
CUST015587,Platinum,408.51,True,Vietnam
CUST007617,Bronze,89.81,False,India
CUST012163,Bronze,53.69,False,Vietnam
CUST017826,Silver,164.79,False,Thailand
CUST000427,Bronze,55.0,False,Thailand
CUST009393,Silver,133.02,False,Vietnam
CUST002052,Silver,90.69,True,Indonesia
CUST006354,Silver,62.74,False,Philippines
CUST010241,Bronze,56.98,False,Indonesia
CUST003558,Platinum,336.4,True,Thailand
CUST000475,Gold,404.13,True,Philippines
CUST017632,Bronze,61.9,False,Indonesia
CUST005465,Bronze,75.26,False,Thailand
CUST012989,Gold,280.38,False,Indonesia
CUST012882,Silver,76.83,False,Vietnam
CUST002718,Silver,218.86,True,India
CUST011750,Bronze,135.87,False,Singapore
CUST013017,Silver,96.89,False,Philippines
CUST013794,Bronze,85.13,False,India
CUST014329,Silver,106.84,False,Thailand
CUST002620,Silver,143.14,False,Thailand
CUST001609,Bronze,73.28,False,Singapore
CUST003173,Bronze,93.15,False,Philippines
CUST003052,Gold,494.14,True,India
CUST001655,Silver,268.31,True,Philippines
CUST010345,Platinum,805.26,False,Philippines
CUST017272,Gold,331.19,False,Singapore
CUST009280,Bronze,94.28,False,India
CUST002778,Bronze,76.19,False,Indonesia
CUST000524,Bronze,70.0,False,India
CUST004490,Silver,303.06,False,Indonesia
CUST013770,Bronze,93.67,False,Thailand
CUST001517,Silver,111.63,False,Indonesia
CUST008522,Bronze,49.12,False,Thailand
CUST001332,Bronze,30.5,False,Singapore
CUST010417,Bronze,84.03,False,Thailand
CUST010179,Bronze,166.8,True,Philippines
CUST010963,Bronze,38.87,True,Philippines
CUST014656,Silver,195.7,False,Philippines
CUST008092,Gold,129.65,True,India
CUST005892,Gold,244.88,True,Indonesia
CUST012268,Bronze,90.7,True,Vietnam
CUST016444,Platinum,405.66,True,Indonesia
CUST005924,Silver,137.97,True,Philippines
CUST014302,Gold,169.32,True,Thailand
CUST007304,Silver,196.37,True,Indonesia
CUST011810,Bronze,126.21,False,Singapore
CUST006418,Bronze,130.89,False,Thailand
CUST017712,Gold,371.7,False,Thailand
CUST015494,Silver,143.94,True,Thailand
CUST000364,Gold,251.52,True,Vietnam
CUST016955,Platinum,471.69,False,Philippines
CUST005057,Bronze,109.08,False,Vietnam
CUST011796,Bronze,101.31,False,Thailand
CUST012606,Gold,238.58,True,Thailand
CUST009934,Bronze,86.69,False,Thailand
CUST014546,Silver,211.01,False,Indonesia
CUST015048,Silver,119.34,True,Vietnam
CUST003443,Bronze,95.61,True,Indonesia
CUST004177,Bronze,68.52,False,Indonesia
CUST014933,Bronze,147.76,False,Singapore
CUST017690,Platinum,425.07,True,Singapore
CUST013376,Silver,93.78,True,Philippines
CUST006152,Gold,321.72,True,Thailand
CUST002011,Silver,312.83,False,Indonesia
CUST011293,Silver,105.05,False,Indonesia
CUST014104,Gold,199.82,True,Indonesia
CUST000797,Bronze,39.03,True,Vietnam
CUST008787,Bronze,68.81,True,Thailand
CUST001988,Bronze,58.85,False,India
CUST010142,Bronze,89.3,False,Vietnam
CUST005359,Gold,318.25,False,Philippines
CUST017147,Gold,228.15,True,Thailand
CUST010058,Silver,204.82,True,Indonesia
CUST000690,Silver,167.6,False,Thailand
CUST006363,Bronze,118.31,False,Thailand
CUST014767,Gold,199.14,False,Thailand
CUST009309,Gold,448.44,False,India
CUST008931,Bronze,100.05,False,Vietnam
CUST008710,Bronze,93.92,True,Vietnam
CUST003234,Silver,126.08,True,Vietnam
CUST013397,Gold,361.18,True,Vietnam
CUST014049,Bronze,94.52,False,Indonesia
CUST007824,Bronze,54.03,False,Singapore
CUST005175,Gold,443.8,True,Indonesia
CUST002938,Bronze,64.5,False,Vietnam
CUST008448,Bronze,43.89,False,Thailand
CUST002208,Bronze,109.14,False,Indonesia
CUST014094,Bronze,67.06,False,Singapore
CUST002312,Bronze,61.36,False,Indonesia
CUST004706,Silver,139.48,False,India
CUST010078,Bronze,89.78,False,Indonesia
CUST001479,Silver,117.48,True,Philippines
CUST004665,Gold,265.5,True,Indonesia
CUST015637,Bronze,59.19,True,India
CUST012513,Bronze,128.43,False,Singapore
CUST003184,Bronze,153.19,False,Indonesia
CUST005659,Silver,94.15,False,Philippines
CUST012988,Bronze,80.45,False,Vietnam
CUST012018,Bronze,129.44,False,Thailand
CUST007723,Gold,179.38,False,Vietnam
CUST014501,Bronze,98.69,True,Philippines
CUST014420,Bronze,114.01,True,Vietnam
CUST016517,Bronze,60.79,False,Philippines
CUST012572,Bronze,105.37,False,Indonesia
CUST003824,Silver,231.87,False,Indonesia
CUST006933,Bronze,61.3,True,Philippines
CUST004676,Platinum,934.14,True,India
CUST001519,Bronze,125.18,False,Vietnam
CUST008690,Silver,161.58,False,Indonesia
CUST002799,Platinum,419.22,True,Philippines
CUST014051,Bronze,94.94,True,India
CUST007096,Platinum,413.92,True,Indonesia
CUST004175,Gold,432.73,True,Singapore
CUST015874,Bronze,69.13,False,Indonesia
CUST007388,Gold,363.89,True,India
CUST004579,Bronze,64.62,False,Indonesia
CUST017105,Silver,183.41,True,Singapore
CUST014479,Silver,107.45,True,Singapore
CUST011041,Bronze,87.74,False,Vietnam
CUST007309,Bronze,29.66,True,Thailand
CUST004517,Bronze,207.19,False,Thailand
CUST007481,Platinum,405.29,True,Thailand
CUST004070,Bronze,40.44,False,Indonesia
CUST000704,Silver,121.22,True,Thailand
CUST004457,Silver,187.8,True,India
CUST004262,Bronze,115.8,True,India
CUST010216,Bronze,106.71,False,Vietnam
CUST009464,Bronze,93.74,False,Philippines
CUST017819,Bronze,50.85,False,India
CUST013972,Silver,127.51,False,India
CUST013287,Gold,353.79,True,Indonesia
CUST006457,Bronze,59.59,False,Philippines
CUST009458,Bronze,77.19,True,Thailand
CUST013660,Platinum,747.98,True,Thailand
CUST008887,Silver,97.55,False,India
CUST001175,Bronze,64.25,False,Singapore
CUST006105,Bronze,118.19,True,Philippines
CUST013822,Silver,184.44,False,Thailand
CUST003890,Gold,293.19,True,India
CUST012300,Bronze,139.29,False,India
CUST017284,Silver,185.75,True,Singapore
CUST015670,Silver,103.59,False,India
CUST006490,Bronze,62.26,False,Singapore
CUST007597,Bronze,137.34,True,Indonesia
CUST008079,Gold,195.41,False,Singapore
CUST015563,Bronze,42.85,False,Vietnam
CUST005548,Bronze,58.53,True,India
CUST003430,Bronze,82.43,False,Indonesia
CUST011165,Bronze,168.71,True,Thailand
CUST006822,Silver,155.36,False,Thailand
CUST012553,Bronze,87.37,True,Indonesia
CUST003671,Gold,456.57,False,Indonesia
CUST004497,Silver,147.34,False,Thailand
CUST000340,Platinum,699.57,True,Indonesia
CUST003528,Bronze,36.13,False,Thailand
CUST011950,Silver,162.76,False,Singapore
CUST014144,Silver,195.96,True,Singapore
CUST008602,Silver,255.19,False,Vietnam
CUST002432,Bronze,98.97,True,Philippines
CUST008309,Bronze,101.88,True,India
CUST017822,Bronze,60.81,False,India
CUST004718,Gold,344.59,False,Indonesia
CUST017383,Bronze,89.47,False,Philippines
CUST004930,Gold,156.04,True,India
CUST017924,Silver,184.78,True,Thailand
CUST011764,Bronze,55.3,False,Thailand
CUST007833,Bronze,65.99,False,Thailand
CUST011375,Gold,365.76,True,Indonesia
CUST012199,Silver,205.57,False,Philippines
CUST011317,Bronze,92.31,True,Thailand
CUST011167,Gold,298.86,True,Singapore
CUST013471,Silver,165.51,False,Philippines
CUST003689,Silver,128.3,False,Vietnam
CUST010719,Gold,447.94,True,Vietnam
CUST008921,Gold,307.74,True,India
CUST007714,Silver,187.11,True,Thailand
CUST004764,Silver,202.83,False,Vietnam
CUST016388,Bronze,82.12,False,Thailand
CUST004822,Bronze,48.94,True,Thailand
CUST008373,Bronze,94.05,True,Singapore
CUST007934,Silver,160.61,False,Thailand
CUST008737,Bronze,95.94,False,Vietnam
CUST003913,Bronze,103.72,True,Thailand
CUST011356,Bronze,79.48,True,Thailand
CUST016663,Bronze,116.95,True,Indonesia
CUST002093,Platinum,981.46,True,Thailand
CUST006171,Bronze,102.44,False,India
CUST014441,Bronze,88.38,False,Thailand
CUST009512,Bronze,140.6,False,Indonesia
CUST007647,Silver,162.18,False,Vietnam
CUST003531,Gold,187.99,False,Philippines
CUST005216,Bronze,111.04,False,Singapore
CUST016037,Bronze,96.12,False,Thailand
CUST000263,Silver,110.44,True,India
CUST005992,Gold,376.3,True,Philippines
CUST002026,Bronze,118.29,False,Vietnam
CUST005547,Bronze,73.53,False,Thailand
CUST014956,Bronze,58.58,False,Indonesia
CUST017907,Bronze,75.6,False,Philippines
CUST008326,Silver,130.03,False,Vietnam
CUST016581,Silver,302.17,True,India
CUST000693,Bronze,154.89,False,Indonesia
CUST000254,Platinum,344.75,False,Vietnam
CUST007183,Bronze,88.69,False,Thailand
CUST004161,Bronze,78.09,True,Thailand
CUST000835,Bronze,82.01,False,Vietnam
CUST017373,Silver,120.86,True,Thailand
CUST005902,Bronze,105.84,False,Thailand
CUST017265,Bronze,61.19,False,India
CUST016763,Bronze,63.03,False,Thailand
CUST013888,Bronze,61.92,False,India
CUST014083,Bronze,33.43,False,Philippines
CUST015940,Platinum,253.69,True,Vietnam
CUST004990,Bronze,31.09,False,Indonesia
CUST000538,Bronze,83.61,False,Vietnam
CUST003258,Gold,248.3,True,India
CUST004850,Bronze,83.57,True,Thailand
CUST013629,Bronze,69.15,False,India
CUST010744,Bronze,120.02,False,Vietnam
CUST011261,Silver,128.34,False,Vietnam
CUST012666,Silver,157.06,True,Thailand
CUST009254,Gold,466.39,True,Philippines
CUST002022,Silver,199.49,False,Thailand
CUST015981,Gold,763.39,True,Philippines
CUST009004,Silver,179.25,True,Philippines
CUST001646,Bronze,66.2,True,India
CUST000790,Gold,369.12,True,Thailand
CUST013328,Bronze,27.73,False,Philippines
CUST010398,Gold,139.29,True,Singapore
CUST006274,Bronze,61.74,False,Thailand
CUST016097,Silver,199.2,True,Philippines
CUST009078,Silver,130.39,False,Vietnam
CUST012821,Gold,353.17,True,Philippines
CUST007711,Bronze,52.09,True,Indonesia
CUST009010,Gold,684.4,True,India
CUST000163,Bronze,183.74,False,Singapore
CUST002485,Bronze,53.87,False,Indonesia
CUST017945,Bronze,91.43,False,Thailand
CUST000070,Bronze,121.82,False,Philippines
CUST011620,Gold,256.95,True,Vietnam
CUST017606,Silver,180.02,False,India
CUST006068,Bronze,44.36,False,Singapore
CUST006717,Bronze,69.37,False,India
CUST009447,Bronze,67.04,True,Indonesia
CUST001138,Gold,241.32,True,Thailand
CUST003352,Bronze,80.05,False,Thailand
CUST013072,Silver,79.58,False,Singapore
CUST014227,Silver,74.96,True,Philippines
CUST003267,Bronze,66.24,False,India
CUST003490,Platinum,669.68,True,India
CUST012181,Silver,117.16,False,Indonesia
CUST017287,Bronze,100.31,False,Thailand
CUST016744,Silver,144.1,False,Indonesia
CUST001597,Gold,418.88,True,Indonesia
CUST015093,Bronze,180.44,False,Philippines
CUST008525,Bronze,64.62,True,Philippines
CUST004505,Silver,208.75,False,Thailand
CUST009139,Bronze,63.26,False,Indonesia
CUST002295,Bronze,112.83,True,Vietnam
CUST016575,Bronze,80.51,False,Indonesia
CUST003579,Silver,134.71,True,Thailand
CUST013528,Bronze,92.33,False,Thailand
CUST015942,Gold,200.59,True,Thailand
CUST014653,Silver,217.24,True,Singapore
CUST008973,Platinum,501.33,True,Thailand
CUST002373,Gold,152.79,True,Indonesia
CUST005616,Silver,156.47,False,Philippines
CUST004812,Bronze,129.51,False,Vietnam
CUST001584,Bronze,94.84,False,Vietnam
CUST016111,Silver,67.48,False,Vietnam
CUST007968,Bronze,75.0,True,Philippines
CUST001632,Platinum,236.89,True,Philippines
CUST002605,Silver,162.51,False,Philippines
CUST015274,Bronze,33.62,False,Philippines
CUST007600,Bronze,91.16,False,Thailand
CUST002761,Bronze,72.26,False,Vietnam
CUST012130,Bronze,59.67,False,Philippines
CUST010908,Silver,213.67,False,Indonesia
CUST009202,Platinum,504.08,False,Thailand
CUST010314,Bronze,92.17,False,Philippines
CUST014196,Gold,251.23,True,Thailand
CUST010032,Bronze,85.62,False,Singapore
CUST004424,Silver,203.98,False,Singapore
CUST011471,Silver,162.74,True,India
CUST014856,Gold,280.33,True,Singapore
CUST005229,Gold,190.06,False,Philippines
CUST009655,Bronze,88.52,False,Thailand
CUST013137,Bronze,43.75,False,Thailand
CUST016061,Bronze,81.77,False,Vietnam
CUST003705,Platinum,729.7,True,Philippines
CUST000533,Platinum,841.55,True,Indonesia
CUST008149,Silver,88.18,False,Thailand
CUST013338,Silver,145.59,True,Indonesia
CUST002634,Silver,215.01,True,India
CUST002376,Bronze,48.9,True,Vietnam
CUST010649,Gold,182.02,False,Vietnam
CUST015773,Platinum,1122.22,True,Philippines
CUST000822,Bronze,85.46,False,Indonesia
CUST010731,Bronze,196.18,False,Indonesia
CUST006081,Silver,133.17,False,Thailand
CUST009758,Bronze,73.98,True,Vietnam
CUST001990,Bronze,122.48,False,Singapore
CUST017122,Silver,195.88,True,Indonesia
CUST015712,Silver,118.3,True,Singapore
CUST016422,Bronze,67.06,False,Philippines
CUST004595,Gold,383.38,True,Indonesia
CUST014405,Silver,290.02,False,Singapore
CUST001740,Gold,352.92,True,Philippines
CUST005629,Silver,148.68,False,Singapore
CUST004789,Bronze,34.59,True,Philippines
CUST004178,Bronze,57.04,False,Thailand
CUST012117,Bronze,49.55,False,Singapore
CUST007698,Bronze,76.58,False,Vietnam
CUST013263,Bronze,65.75,False,Indonesia
CUST016837,Bronze,211.9,True,Vietnam
CUST001223,Bronze,119.11,False,Philippines
CUST017659,Bronze,86.76,False,Vietnam
CUST009716,Silver,180.87,True,Vietnam
CUST003966,Platinum,506.95,False,Indonesia
CUST004853,Bronze,75.4,False,Indonesia
CUST007203,Silver,91.52,True,Indonesia
CUST017560,Bronze,54.51,False,Philippines
CUST014254,Silver,178.73,False,Singapore
CUST007494,Platinum,637.2,True,Thailand
CUST009149,Bronze,84.67,False,Indonesia
CUST003358,Platinum,617.39,True,Vietnam
CUST010397,Silver,174.94,True,Indonesia
CUST012186,Gold,218.18,False,Singapore
CUST016624,Bronze,109.88,True,Vietnam
CUST005363,Bronze,124.85,True,Indonesia
CUST002348,Bronze,106.94,True,Singapore
CUST002488,Bronze,39.56,False,India
CUST014260,Gold,559.66,True,India
CUST008984,Bronze,172.0,False,Philippines
CUST005897,Bronze,72.32,False,Thailand
CUST002198,Bronze,87.58,False,India
CUST012664,Bronze,73.08,True,Indonesia
CUST006876,Bronze,231.73,True,Singapore
CUST014805,Platinum,611.93,True,Indonesia
CUST016123,Bronze,95.17,False,Indonesia
CUST014077,Bronze,90.76,False,Indonesia
CUST009618,Gold,279.79,True,India
CUST003950,Platinum,347.16,True,Indonesia
CUST003248,Bronze,73.23,False,Vietnam
CUST014844,Gold,302.87,False,Indonesia
CUST009703,Bronze,84.84,False,Indonesia
CUST010667,Gold,143.73,True,Vietnam
CUST000802,Bronze,38.8,False,Indonesia
CUST015422,Silver,187.93,True,Philippines
CUST006629,Silver,110.81,False,Vietnam
CUST012993,Silver,143.57,True,Thailand
CUST004410,Bronze,63.46,True,Indonesia
CUST004787,Bronze,50.35,False,Vietnam
CUST014093,Silver,206.88,True,Philippines
CUST015705,Silver,197.0,False,Vietnam
CUST007102,Silver,115.33,False,Philippines
CUST016666,Bronze,101.48,False,Philippines
CUST003743,Bronze,145.93,False,Singapore
CUST012916,Silver,104.0,False,Thailand
CUST004366,Silver,130.3,False,Thailand
CUST016775,Bronze,54.16,False,India
CUST009495,Gold,421.34,False,Indonesia
CUST005702,Bronze,82.13,True,India
CUST000695,Bronze,80.46,True,Singapore
CUST000575,Gold,275.22,False,Thailand
CUST005521,Silver,113.13,False,Indonesia
CUST000770,Silver,170.99,False,Philippines
CUST006824,Platinum,536.77,True,Indonesia
CUST007522,Platinum,434.28,True,Vietnam
CUST011091,Silver,132.41,True,India
CUST013327,Silver,203.54,False,Philippines
CUST007585,Bronze,56.77,False,Thailand
CUST002855,Bronze,62.39,False,Vietnam
CUST009170,Platinum,337.54,True,India
CUST017148,Platinum,719.33,False,India
CUST002614,Bronze,83.9,False,Indonesia
CUST010985,Bronze,141.88,True,Thailand
CUST003322,Platinum,426.43,True,Singapore
CUST003716,Silver,171.18,True,Indonesia
CUST010181,Gold,450.24,True,Thailand
CUST007176,Silver,170.33,True,Singapore
CUST000061,Bronze,84.15,False,Vietnam
CUST012937,Bronze,87.96,True,Indonesia
CUST014973,Bronze,99.93,False,Vietnam
CUST014638,Bronze,94.07,False,Indonesia
CUST003907,Bronze,81.31,False,Thailand
CUST001216,Silver,146.6,False,Thailand
CUST008383,Platinum,769.34,False,Thailand
CUST013785,Bronze,101.96,False,Singapore
CUST010275,Bronze,89.96,True,Philippines
CUST004348,Bronze,81.74,True,Indonesia
CUST014785,Silver,89.89,False,Singapore
CUST016823,Silver,237.45,True,Vietnam
CUST007661,Platinum,606.1,True,Thailand
CUST010120,Silver,124.92,False,Singapore
CUST001962,Silver,141.27,True,Thailand
CUST006307,Silver,121.09,False,Philippines
CUST006362,Bronze,63.06,False,Philippines
CUST013965,Bronze,76.23,False,Philippines
CUST010477,Gold,137.53,True,Thailand
CUST013729,Bronze,105.42,False,Thailand
CUST017958,Bronze,55.53,False,India
CUST011353,Silver,221.27,False,Indonesia
CUST011658,Bronze,93.77,False,Indonesia
CUST007138,Bronze,107.22,False,Singapore
CUST013050,Silver,186.98,False,Thailand
CUST000969,Bronze,80.07,True,Singapore
CUST003305,Platinum,528.16,True,India
CUST017880,Bronze,69.3,False,Vietnam
CUST006788,Gold,405.06,True,Indonesia
CUST015682,Bronze,57.67,False,Vietnam
CUST006424,Bronze,202.96,False,Indonesia
CUST006776,Bronze,113.59,False,Indonesia
CUST010671,Bronze,79.05,False,Singapore
CUST012974,Silver,101.36,False,Indonesia
CUST005297,Bronze,75.57,False,Vietnam
CUST001651,Bronze,165.03,True,Indonesia
CUST011873,Bronze,90.29,False,Vietnam
CUST014065,Bronze,131.93,False,Indonesia
CUST011701,Silver,147.5,True,Indonesia
CUST003377,Bronze,96.87,False,Singapore
CUST006746,Gold,446.5,False,Indonesia
CUST007140,Bronze,151.22,True,Singapore
CUST012468,Gold,287.26,False,Thailand
CUST008769,Bronze,113.79,False,Thailand
CUST010720,Silver,150.02,False,Thailand
CUST017495,Gold,163.56,True,Vietnam
CUST016549,Bronze,62.19,False,India
CUST011060,Silver,257.71,True,Singapore
CUST017268,Silver,139.64,False,Singapore
CUST003485,Bronze,57.37,True,Indonesia
CUST007074,Bronze,52.72,False,Singapore
CUST016993,Silver,249.7,True,Indonesia
CUST005563,Silver,108.67,True,Thailand
CUST003758,Silver,156.0,False,India
CUST001823,Bronze,65.22,False,Thailand
CUST014110,Bronze,162.35,False,Singapore
CUST017784,Silver,239.29,True,Vietnam
CUST004945,Silver,107.53,False,Thailand
CUST014063,Silver,136.64,True,Vietnam
CUST004699,Bronze,61.73,False,Philippines
CUST007897,Gold,331.17,True,Indonesia
CUST002039,Silver,201.77,False,India
CUST004679,Gold,300.94,True,India
CUST000908,Gold,199.54,True,Philippines
CUST005167,Silver,106.63,True,Indonesia
CUST008605,Silver,155.0,False,Thailand
CUST014961,Silver,82.32,True,Singapore
CUST016493,Silver,115.52,True,Thailand
CUST009154,Silver,228.48,False,India
CUST012487,Bronze,55.2,False,Vietnam
CUST008112,Bronze,62.93,False,Indonesia
CUST001111,Silver,135.44,False,Indonesia
CUST015733,Silver,138.06,True,Thailand
CUST005812,Bronze,113.25,False,Thailand
CUST014097,Silver,148.12,False,India
CUST007147,Bronze,53.22,False,Thailand
CUST007588,Silver,85.49,False,Indonesia
CUST003497,Gold,166.05,False,Indonesia
CUST011882,Platinum,515.77,True,India
CUST017878,Bronze,113.27,False,Vietnam
CUST011582,Bronze,56.31,False,Singapore
CUST001406,Bronze,67.29,False,Indonesia
CUST016366,Bronze,212.65,True,Vietnam
CUST015972,Platinum,485.34,True,Thailand
CUST010069,Bronze,61.38,False,Thailand
CUST011708,Bronze,77.16,True,Singapore
CUST015489,Bronze,162.7,False,Singapore
CUST006029,Gold,265.51,False,Indonesia
CUST014643,Bronze,64.85,True,Thailand
CUST007484,Silver,101.58,True,Thailand
CUST000464,Bronze,71.92,False,Indonesia
CUST006263,Bronze,77.67,False,Indonesia
CUST003420,Silver,84.22,True,Singapore
CUST012439,Silver,159.71,False,India
CUST015124,Bronze,144.41,False,Indonesia
CUST000439,Bronze,106.98,False,India
CUST005421,Platinum,640.92,True,Vietnam
CUST014395,Gold,177.4,True,Singapore
CUST003948,Bronze,44.78,False,Thailand
CUST007999,Gold,135.7,True,Philippines
CUST002001,Gold,298.58,True,Philippines
CUST014461,Bronze,71.59,True,Singapore
CUST015447,Bronze,77.87,False,Indonesia
CUST002416,Gold,433.84,False,India
CUST003381,Platinum,737.35,True,Philippines
CUST013224,Bronze,89.18,False,Indonesia
CUST002282,Bronze,120.61,False,Vietnam
CUST012325,Bronze,66.47,True,Thailand
CUST004779,Bronze,63.53,False,Philippines
CUST013188,Silver,151.32,False,Indonesia
CUST002651,Gold,316.28,True,Vietnam
CUST013715,Silver,255.25,True,Indonesia
CUST000686,Bronze,128.91,False,Indonesia
CUST009275,Silver,161.79,True,Indonesia
CUST012332,Bronze,71.23,False,India
CUST001107,Gold,224.59,False,Indonesia
CUST014976,Bronze,130.41,False,India
CUST009201,Bronze,191.8,False,Vietnam
CUST013725,Silver,51.14,True,Indonesia
CUST003371,Bronze,37.87,False,Thailand
CUST013303,Silver,97.92,True,India
CUST006970,Silver,135.36,True,Thailand
CUST004633,Gold,319.79,True,Thailand
CUST004414,Bronze,61.04,False,Thailand
CUST008329,Silver,193.39,False,Philippines
CUST001426,Silver,227.19,True,India
CUST005713,Gold,329.9,True,Vietnam
CUST007007,Bronze,37.42,True,Vietnam
CUST012624,Silver,184.95,True,India
CUST001289,Bronze,127.95,True,Vietnam
CUST016912,Silver,163.49,True,Philippines
CUST005495,Gold,191.23,True,Vietnam
CUST016726,Gold,500.3,True,India
CUST005334,Bronze,62.97,False,Thailand
CUST013966,Silver,92.46,False,Indonesia
CUST008756,Bronze,101.03,False,Indonesia
CUST016038,Silver,155.74,True,India
CUST009953,Silver,148.79,True,Indonesia
CUST002628,Platinum,472.49,True,Singapore
CUST013834,Bronze,85.77,False,India
CUST015209,Bronze,33.48,False,Singapore
CUST004306,Silver,197.14,False,Philippines
CUST017544,Silver,118.75,False,India
CUST014883,Silver,197.2,False,Indonesia
CUST009630,Bronze,53.33,False,Singapore
CUST016198,Bronze,63.57,False,Indonesia
CUST012024,Gold,167.73,True,Philippines
CUST017894,Bronze,104.81,False,Vietnam
CUST013858,Bronze,69.53,False,Philippines
CUST000714,Gold,277.04,False,Thailand
CUST013370,Platinum,768.62,True,Indonesia
CUST009998,Platinum,483.16,True,India
CUST011386,Silver,97.66,False,Vietnam
CUST006553,Silver,111.35,True,Philippines
CUST003715,Bronze,96.92,True,India
CUST006804,Silver,206.0,True,Singapore
CUST010208,Bronze,111.12,False,Indonesia
CUST011056,Platinum,442.07,True,Vietnam
CUST003008,Bronze,81.0,True,Thailand
CUST016086,Silver,95.11,True,Thailand
CUST008472,Bronze,73.43,True,Thailand
CUST001461,Platinum,671.95,True,Philippines
CUST000164,Silver,92.53,False,Philippines
CUST017683,Gold,416.23,True,Vietnam
CUST004342,Silver,143.11,True,Vietnam
CUST015178,Bronze,41.58,False,Philippines
CUST017982,Bronze,62.17,False,Indonesia
CUST005717,Gold,252.32,False,Indonesia
CUST003332,Bronze,93.42,False,India
CUST007633,Bronze,58.07,False,India
CUST013089,Silver,119.52,False,Vietnam
CUST007005,Silver,149.85,True,Philippines
CUST015578,Bronze,127.26,False,Indonesia
CUST003405,Gold,512.33,False,India
CUST007109,Silver,166.07,True,Vietnam
CUST006252,Bronze,114.25,False,Thailand
CUST011587,Bronze,50.33,False,India
CUST015628,Silver,122.54,False,Philippines
CUST012254,Silver,162.24,True,Indonesia
CUST002929,Bronze,54.51,False,Singapore
CUST009538,Silver,85.75,False,India
CUST004475,Bronze,60.15,True,Thailand
CUST003895,Bronze,97.99,False,Philippines
CUST014179,Bronze,59.92,False,Thailand
CUST004431,Platinum,936.75,True,Thailand
CUST014229,Bronze,92.63,False,Vietnam
CUST002960,Silver,103.08,True,Vietnam
CUST010333,Silver,305.14,False,India
CUST005208,Silver,89.63,False,Thailand
CUST015813,Bronze,112.2,False,Thailand
CUST014102,Gold,202.75,False,Singapore
CUST010381,Bronze,58.68,False,Indonesia
CUST000142,Bronze,118.47,False,Indonesia
CUST014075,Gold,406.13,True,Thailand
CUST008096,Bronze,149.91,True,Thailand
CUST011884,Platinum,451.06,True,Indonesia
CUST003769,Bronze,143.95,True,Indonesia
CUST011340,Bronze,77.22,False,Thailand
CUST010305,Bronze,74.47,False,Thailand
CUST003158,Platinum,553.69,True,Indonesia
CUST002478,Bronze,87.82,False,Philippines
CUST004101,Gold,377.1,False,Indonesia
CUST014865,Silver,158.49,True,Singapore
CUST008321,Gold,258.12,False,Vietnam
CUST006664,Gold,226.33,True,Thailand
CUST006697,Bronze,75.25,False,India
CUST013775,Silver,183.33,False,Indonesia
CUST016181,Platinum,519.44,True,Thailand
CUST002204,Gold,379.71,True,Indonesia
CUST007010,Bronze,66.82,False,India
CUST015417,Silver,152.53,False,Indonesia
CUST011275,Bronze,152.41,False,Thailand
CUST012465,Silver,201.62,True,Vietnam
CUST013241,Silver,70.49,True,Singapore
CUST008494,Bronze,58.31,False,Vietnam
CUST005585,Bronze,275.11,False,Vietnam
CUST006832,Platinum,560.57,True,Philippines
CUST016477,Bronze,82.23,False,Indonesia
CUST013981,Bronze,230.27,False,Thailand
CUST006019,Silver,177.71,True,Vietnam
CUST009785,Silver,334.52,False,Singapore
CUST011162,Silver,34.25,True,India
CUST011972,Bronze,43.68,False,Philippines
CUST014895,Platinum,286.51,False,Indonesia
CUST004575,Silver,83.75,False,Singapore
CUST016369,Platinum,565.67,True,Philippines
CUST014510,Bronze,80.0,False,Philippines
CUST006780,Platinum,509.06,True,Thailand
CUST009285,Gold,278.52,True,Thailand
CUST000446,Bronze,76.04,False,Thailand
CUST011147,Gold,688.01,False,India
CUST007619,Platinum,452.57,True,Indonesia
CUST003621,Gold,265.24,True,Thailand
CUST014677,Gold,195.8,False,Philippines
CUST014728,Bronze,64.84,False,Thailand
CUST002030,Bronze,99.91,False,Indonesia
CUST007804,Silver,412.44,False,Philippines
CUST013002,Bronze,125.26,True,Thailand
CUST015650,Gold,253.6,True,Singapore
CUST008303,Gold,417.61,False,India
CUST010445,Gold,333.34,True,Singapore
CUST003942,Gold,298.11,True,Vietnam
CUST017157,Platinum,370.56,True,Philippines
CUST004773,Gold,170.59,True,Thailand
CUST002166,Bronze,118.58,True,Vietnam
CUST008045,Bronze,156.34,True,India
CUST012496,Bronze,61.56,False,Vietnam
CUST004013,Gold,306.61,True,Thailand
CUST011002,Bronze,120.86,False,Singapore
CUST005905,Silver,158.78,True,Indonesia
CUST016208,Bronze,123.55,False,Indonesia
CUST012780,Bronze,95.04,False,Indonesia
CUST001898,Bronze,43.95,False,Philippines
CUST017817,Bronze,41.08,False,Philippines
CUST017355,Silver,164.22,False,Philippines
CUST007437,Bronze,36.73,False,Thailand
CUST001319,Platinum,451.29,True,India
CUST011757,Platinum,1053.52,True,Philippines
CUST010342,Bronze,65.42,False,Philippines
CUST009302,Bronze,127.17,False,Vietnam
CUST010034,Gold,520.18,False,Vietnam
CUST011507,Bronze,99.89,False,Thailand
CUST003555,Bronze,95.37,True,Vietnam
CUST004739,Bronze,149.14,False,Indonesia
CUST007121,Platinum,390.16,True,Thailand
CUST013468,Bronze,73.77,False,Singapore
CUST006568,Bronze,40.74,False,Philippines
CUST006359,Platinum,284.91,True,Vietnam
CUST015640,Silver,80.82,True,Indonesia
CUST004316,Silver,214.77,True,Thailand
CUST003871,Bronze,98.92,False,India
CUST004402,Gold,187.43,True,Philippines
CUST017596,Bronze,108.47,False,India
CUST008013,Platinum,503.45,True,Singapore
CUST011572,Bronze,65.11,True,India
CUST015221,Bronze,74.11,False,Vietnam
CUST013424,Gold,258.84,True,Thailand
CUST006254,Silver,168.52,False,Indonesia
CUST013459,Bronze,46.25,True,Thailand
CUST000202,Silver,137.37,True,India
CUST004170,Bronze,118.04,False,Philippines
CUST007591,Bronze,87.75,False,India
CUST001094,Bronze,75.88,False,Indonesia
CUST017660,Bronze,44.66,False,Philippines
CUST002582,Silver,242.22,True,Thailand
CUST005942,Silver,162.73,False,Philippines
CUST000541,Silver,86.87,False,India
CUST017633,Silver,295.43,True,Philippines
CUST004239,Bronze,108.84,True,Philippines
CUST003878,Gold,192.64,True,Indonesia
CUST017069,Gold,190.16,True,Vietnam
CUST004377,Bronze,92.69,False,Thailand
CUST007361,Bronze,54.5,False,Vietnam
CUST009414,Bronze,77.66,False,Philippines
CUST005455,Bronze,155.58,True,Philippines
CUST005784,Silver,94.53,False,Vietnam
CUST006501,Silver,134.04,True,India
CUST013255,Silver,128.85,True,Indonesia
CUST008901,Bronze,78.87,False,Vietnam
CUST007768,Bronze,58.15,False,India
CUST006155,Gold,317.43,True,Vietnam
CUST011555,Platinum,333.05,True,Thailand
CUST002351,Bronze,90.64,True,Indonesia
CUST005825,Bronze,51.28,False,Indonesia
CUST011953,Gold,103.17,True,Singapore
CUST009604,Bronze,105.21,False,Singapore
CUST011713,Bronze,69.44,False,Indonesia
CUST001595,Platinum,610.78,True,Philippines
CUST009933,Bronze,50.44,False,India
CUST007655,Silver,113.64,False,Indonesia
CUST014941,Gold,267.95,True,Thailand
CUST007516,Platinum,476.23,True,Vietnam
CUST003482,Gold,320.66,True,Thailand
CUST004285,Platinum,563.07,True,Singapore
CUST002734,Gold,481.82,True,Thailand
CUST015609,Bronze,86.26,False,Philippines
CUST017791,Silver,217.0,True,Vietnam
CUST005780,Bronze,53.36,True,Philippines
CUST003387,Platinum,337.46,True,Indonesia
CUST009262,Gold,137.15,True,Indonesia
CUST001353,Platinum,481.9,True,Vietnam
CUST005450,Bronze,96.65,False,Thailand
CUST000681,Bronze,139.92,True,India
CUST001895,Silver,65.19,False,Philippines
CUST009178,Bronze,71.86,False,Vietnam
CUST001231,Gold,229.6,True,Indonesia
CUST000116,Silver,203.8,True,India
CUST010633,Gold,390.13,True,Philippines
CUST011448,Gold,201.61,True,Vietnam
CUST017443,Bronze,127.72,False,Vietnam
CUST012669,Bronze,61.19,False,Vietnam
CUST010071,Gold,265.48,True,Singapore
CUST014901,Silver,228.09,False,Indonesia
CUST002251,Bronze,76.0,True,Vietnam
CUST003418,Bronze,66.26,False,Vietnam
CUST008465,Silver,125.02,False,Thailand
CUST004133,Silver,51.7,False,Thailand
CUST009834,Bronze,74.0,False,India
CUST006235,Bronze,58.26,False,Indonesia
CUST010197,Silver,137.05,False,India
CUST016523,Bronze,140.64,False,Philippines
CUST017923,Silver,201.68,False,India
CUST015375,Bronze,47.38,False,India
CUST011756,Silver,422.69,True,Singapore
CUST000221,Silver,288.53,True,Thailand
CUST001101,Bronze,124.53,False,Vietnam
CUST003748,Bronze,90.44,False,Thailand
CUST005160,Platinum,593.53,True,Indonesia
CUST014372,Bronze,56.08,False,Thailand
CUST010309,Silver,182.16,False,Philippines
CUST001010,Bronze,55.07,False,Thailand
CUST009649,Silver,78.89,False,Indonesia
CUST015529,Silver,134.55,True,Philippines
CUST010686,Bronze,79.88,False,Indonesia
CUST012715,Bronze,64.84,False,Vietnam
CUST007577,Silver,135.2,True,Thailand
CUST016599,Bronze,76.48,False,India
CUST016748,Silver,174.85,False,Indonesia
CUST002648,Bronze,55.45,False,Thailand
CUST008340,Bronze,77.78,False,Vietnam
CUST004218,Bronze,85.29,False,Singapore
CUST007651,Bronze,73.38,False,Indonesia
CUST012863,Bronze,59.18,True,Singapore
CUST007283,Silver,94.1,False,Indonesia
CUST014005,Gold,169.71,False,Indonesia
CUST000452,Gold,190.6,True,Vietnam
CUST017862,Silver,160.1,True,Indonesia
CUST016151,Platinum,483.41,False,Indonesia
CUST000245,Bronze,42.45,False,India
CUST009514,Bronze,103.44,False,India
CUST012354,Silver,125.39,True,Thailand
CUST015074,Silver,206.04,True,Indonesia
CUST017720,Bronze,49.78,False,Vietnam
CUST016948,Silver,88.83,False,Philippines
CUST017077,Gold,520.56,True,Vietnam
CUST004612,Bronze,201.89,False,Philippines
CUST012663,Platinum,500.77,True,India
CUST004794,Silver,150.84,True,Vietnam
CUST003453,Gold,250.13,True,Thailand
CUST017887,Bronze,131.6,False,Thailand
CUST010253,Bronze,109.61,False,Thailand
CUST008107,Bronze,98.91,False,Vietnam
CUST005890,Bronze,77.88,True,Thailand
CUST013499,Bronze,133.66,True,India
CUST010075,Bronze,54.69,False,Indonesia
CUST017003,Bronze,83.43,False,Indonesia
CUST011397,Silver,186.95,False,Indonesia
CUST010926,Bronze,94.91,False,Vietnam
CUST011830,Gold,138.15,True,Indonesia
CUST009138,Bronze,88.63,True,Vietnam
CUST017132,Gold,164.79,False,Philippines
CUST009593,Gold,416.94,True,Thailand
CUST015213,Gold,298.58,True,Indonesia
CUST015434,Bronze,110.54,False,Thailand
CUST014004,Silver,350.0,True,Thailand
CUST006989,Bronze,62.1,True,Philippines
CUST007035,Silver,88.12,True,Indonesia
CUST009940,Silver,168.72,False,Vietnam
CUST013667,Silver,180.78,False,India
CUST002461,Platinum,461.39,True,Singapore
CUST006823,Silver,86.11,False,Philippines
CUST000504,Bronze,98.18,False,Indonesia
CUST006141,Gold,146.27,False,Philippines
CUST013346,Bronze,90.62,False,Thailand
CUST011692,Bronze,74.6,True,Thailand
CUST011244,Silver,179.84,True,Singapore
CUST001699,Silver,111.64,False,India
CUST008983,Silver,102.29,False,India
CUST015163,Silver,339.81,False,Vietnam
CUST009553,Silver,98.11,True,Indonesia
CUST007574,Bronze,56.19,True,Thailand
CUST017751,Silver,241.15,True,Thailand
CUST003622,Bronze,72.11,True,Vietnam
CUST014663,Silver,93.7,False,India
CUST017550,Bronze,67.59,False,Philippines
CUST012978,Bronze,90.79,True,Indonesia
CUST017190,Gold,192.71,True,Singapore
CUST008354,Silver,74.41,True,Vietnam
CUST006682,Silver,81.54,False,India
CUST015713,Bronze,118.8,False,Philippines
CUST015032,Gold,208.39,True,Vietnam
CUST016760,Bronze,66.72,False,Vietnam
CUST015016,Bronze,79.93,False,Indonesia
CUST003731,Gold,270.69,True,India
CUST006714,Silver,151.68,True,Vietnam
CUST008409,Bronze,123.55,False,India
CUST008203,Bronze,79.05,False,Vietnam
CUST003006,Silver,86.84,False,Philippines
CUST015015,Bronze,98.41,True,Philippines
CUST011645,Silver,137.71,True,Indonesia
CUST014282,Bronze,213.36,False,Indonesia
CUST011689,Bronze,97.57,True,Vietnam
CUST000374,Bronze,88.61,False,Philippines
CUST005379,Silver,159.21,True,Indonesia
CUST017650,Gold,433.17,True,Singapore
CUST003397,Silver,206.4,False,Philippines
CUST016459,Silver,125.84,False,Indonesia
CUST010145,Bronze,125.02,False,Vietnam
CUST016851,Silver,202.44,False,Vietnam
CUST015240,Platinum,286.12,True,India
CUST005453,Bronze,100.93,False,Vietnam
CUST002578,Bronze,34.78,False,India
CUST011684,Silver,84.86,False,Thailand
CUST009544,Bronze,135.04,False,Philippines
CUST000982,Silver,93.23,False,Indonesia
CUST012012,Gold,412.57,False,India
CUST010738,Gold,228.16,True,Singapore
CUST001282,Bronze,42.72,False,Philippines
CUST010178,Bronze,73.39,False,Vietnam
CUST007108,Silver,106.05,False,Philippines
CUST008908,Gold,229.54,True,Vietnam
CUST007868,Gold,405.36,True,Vietnam
CUST002365,Bronze,82.24,False,Indonesia
CUST011754,Gold,162.15,False,Philippines
CUST002384,Bronze,48.68,False,Philippines
CUST012132,Bronze,53.04,False,Philippines
CUST011371,Bronze,82.96,False,Philippines
CUST014682,Bronze,90.61,False,Indonesia
CUST004988,Bronze,88.45,True,Vietnam
CUST012046,Bronze,67.37,False,Indonesia
CUST016543,Silver,167.39,True,Thailand
CUST006915,Bronze,57.6,False,Vietnam
CUST002813,Bronze,58.33,False,Philippines
CUST012643,Bronze,71.46,False,Philippines
CUST015923,Silver,290.22,True,Thailand
CUST002906,Bronze,163.67,False,Indonesia
CUST013178,Bronze,144.56,True,Indonesia
CUST004172,Silver,171.67,False,India
CUST014156,Bronze,71.2,True,Indonesia
CUST001211,Bronze,71.27,False,Philippines
CUST000943,Bronze,56.78,False,Indonesia
CUST007910,Bronze,95.82,False,Thailand
CUST006364,Bronze,51.98,False,Vietnam
CUST017082,Silver,157.41,True,Indonesia
CUST008296,Silver,235.47,False,Singapore
CUST009748,Bronze,50.55,True,India
CUST013486,Gold,311.83,True,Thailand
CUST003193,Gold,443.71,True,India
CUST011677,Bronze,81.56,False,Thailand
CUST015247,Silver,145.07,False,India
CUST013353,Bronze,112.9,False,India
CUST011996,Bronze,108.57,False,Thailand
CUST005037,Silver,108.9,False,Philippines
CUST003336,Gold,177.49,False,India
CUST007431,Bronze,261.1,False,Indonesia
CUST009276,Bronze,55.94,False,Philippines
CUST006680,Silver,202.23,False,Thailand
CUST007336,Silver,101.42,False,Indonesia
CUST006426,Bronze,134.38,False,Thailand
CUST013645,Platinum,420.65,True,Indonesia
CUST004531,Platinum,471.01,True,Singapore
CUST005410,Bronze,78.97,False,Thailand
CUST009472,Silver,107.61,False,Philippines
CUST003953,Bronze,94.57,False,Singapore
CUST010170,Silver,77.92,False,Thailand
CUST010296,Platinum,498.13,True,Singapore
CUST009772,Bronze,43.46,False,Indonesia
CUST010624,Silver,96.65,False,Thailand
CUST009017,Gold,310.59,False,India
CUST015822,Silver,307.43,True,Philippines
CUST009266,Bronze,61.89,False,Thailand
CUST012656,Bronze,129.06,False,Indonesia
CUST016858,Bronze,136.8,False,Indonesia
CUST008370,Silver,124.67,False,Thailand
CUST003673,Gold,298.41,True,Thailand
CUST000941,Silver,165.23,True,Indonesia
CUST016979,Bronze,91.78,False,Indonesia
CUST001549,Silver,86.97,False,Thailand
CUST017156,Silver,136.75,True,Philippines
CUST004552,Bronze,101.67,False,Vietnam
CUST002134,Gold,222.22,True,Thailand
CUST013722,Silver,111.54,True,Singapore
CUST007222,Platinum,883.25,True,Indonesia
CUST007422,Bronze,88.43,False,India
CUST003592,Platinum,878.56,True,Singapore
CUST014318,Bronze,100.11,True,Indonesia
CUST017919,Gold,181.73,True,Philippines
CUST006037,Platinum,369.63,True,Philippines
CUST012660,Bronze,88.88,True,Philippines
CUST002764,Bronze,108.13,True,Vietnam
CUST009081,Platinum,714.34,True,Philippines
CUST004856,Platinum,586.5,True,Vietnam
CUST010236,Bronze,87.57,False,Indonesia
CUST011651,Silver,163.37,False,Vietnam
CUST008122,Gold,330.59,False,Thailand
CUST014042,Silver,150.64,True,Singapore
CUST013684,Bronze,66.09,True,India
CUST007365,Bronze,48.35,False,Indonesia
CUST002253,Bronze,63.19,False,Indonesia
CUST008836,Bronze,76.38,False,Thailand
CUST007829,Bronze,90.26,False,Indonesia
CUST001791,Bronze,81.04,True,Indonesia
CUST010166,Bronze,108.7,False,Indonesia
CUST012725,Bronze,122.76,True,Singapore
CUST014617,Bronze,75.15,False,Vietnam
CUST015643,Gold,411.15,False,Indonesia
CUST016876,Gold,158.85,False,Singapore
CUST007064,Bronze,30.37,False,Philippines
CUST002415,Bronze,80.89,True,Philippines
CUST008134,Gold,204.4,True,Philippines
CUST016547,Bronze,68.33,True,Indonesia
CUST004944,Gold,267.88,True,Indonesia
CUST012813,Silver,143.77,False,Philippines
CUST000753,Gold,280.24,True,India
CUST000128,Silver,118.13,True,Philippines
CUST001256,Silver,175.07,True,India
CUST002050,Bronze,146.75,True,Indonesia
CUST014970,Gold,158.21,True,Vietnam
CUST016047,Silver,197.5,True,Indonesia
CUST013382,Bronze,105.55,False,Philippines
CUST007294,Gold,251.89,True,Indonesia
CUST004637,Bronze,42.1,False,Thailand
CUST004083,Bronze,23.61,False,Thailand
CUST013821,Bronze,44.56,False,Vietnam
CUST015987,Bronze,81.41,False,India
CUST010475,Bronze,78.13,False,Thailand
CUST011254,Gold,389.35,True,Indonesia
CUST007665,Platinum,509.21,False,India
CUST008681,Bronze,67.6,True,Philippines
CUST007684,Silver,124.67,True,Indonesia
CUST011279,Silver,156.17,False,India
CUST013862,Platinum,372.06,True,Singapore
CUST014567,Silver,182.86,False,Thailand
CUST014580,Bronze,51.34,False,Vietnam
CUST010573,Bronze,111.45,False,Indonesia
CUST006528,Bronze,130.49,False,India
CUST017581,Bronze,99.21,False,India
CUST001096,Silver,78.27,False,Thailand
CUST010530,Bronze,219.36,False,Thailand
CUST005073,Bronze,121.75,False,Thailand
CUST011027,Platinum,474.53,False,Indonesia
CUST008378,Bronze,117.58,False,Vietnam
CUST009064,Platinum,336.29,True,Indonesia
CUST016025,Bronze,59.42,False,India
CUST016852,Silver,92.37,False,Philippines
CUST003460,Bronze,111.65,False,Thailand
CUST005568,Bronze,58.23,True,Vietnam
CUST009632,Bronze,106.46,True,India
CUST013668,Bronze,96.82,False,India
CUST001941,Bronze,59.74,False,Indonesia
CUST012079,Platinum,619.6,True,Philippines
CUST004675,Gold,135.73,True,India
CUST012894,Bronze,64.79,False,Philippines
CUST001581,Silver,191.56,False,Vietnam
CUST017586,Bronze,178.95,False,Singapore
CUST003293,Bronze,101.59,False,Indonesia
CUST013752,Bronze,49.16,False,Thailand
CUST014317,Silver,230.9,True,Vietnam
CUST013267,Gold,316.17,False,Philippines
CUST006144,Silver,281.86,False,India
CUST005131,Bronze,100.07,True,India
CUST004484,Gold,484.48,False,India
CUST011736,Bronze,128.57,False,India
CUST001512,Bronze,43.56,True,Philippines
CUST009153,Silver,102.84,False,Thailand
CUST011543,Bronze,51.71,False,Thailand
CUST004920,Gold,267.47,False,Philippines
CUST017145,Silver,170.62,False,Thailand
CUST000926,Bronze,81.93,False,Vietnam
CUST011648,Bronze,79.74,False,Indonesia
CUST009706,Silver,110.9,False,Singapore
CUST007737,Silver,100.55,True,Philippines
CUST015001,Platinum,353.42,False,India
CUST007566,Bronze,93.81,True,India
CUST013296,Platinum,495.97,True,Indonesia
CUST005461,Silver,144.54,False,Singapore
CUST004437,Silver,138.34,False,Singapore
CUST010827,Gold,291.97,False,Vietnam
CUST000410,Gold,234.51,False,Thailand
CUST006365,Bronze,82.28,True,Vietnam
CUST017885,Bronze,31.34,False,India
CUST008988,Silver,117.64,True,Indonesia
CUST001810,Gold,124.2,True,India
CUST005907,Bronze,61.6,False,Indonesia
CUST004994,Platinum,662.0,True,Thailand
CUST013386,Gold,152.59,True,India
CUST017668,Silver,64.21,True,Philippines
CUST013086,Bronze,62.4,True,Indonesia
CUST011965,Bronze,71.05,False,Thailand
CUST011484,Bronze,93.15,False,Vietnam
CUST010020,Gold,298.74,False,India
CUST013036,Bronze,128.55,False,Philippines
CUST011798,Gold,204.26,False,Philippines
CUST009189,Gold,146.16,True,Vietnam
CUST004292,Bronze,159.51,False,Vietnam
CUST017861,Bronze,82.28,False,Thailand
CUST009200,Bronze,115.45,True,Singapore
CUST015639,Silver,193.09,False,Thailand
CUST014143,Platinum,608.67,True,Thailand
CUST011858,Bronze,50.6,True,Thailand
CUST015189,Bronze,111.47,False,Thailand
CUST000367,Bronze,115.22,False,Philippines
CUST005039,Platinum,783.26,True,Indonesia
CUST013256,Bronze,59.01,False,Indonesia
CUST008631,Bronze,89.0,False,Indonesia
CUST001248,Silver,104.17,False,Thailand
CUST016553,Silver,171.4,True,Thailand
CUST005487,Bronze,43.83,True,Philippines
CUST010808,Silver,116.2,False,Vietnam
CUST017986,Silver,124.69,True,Thailand
CUST004068,Bronze,64.8,False,Philippines
CUST014804,Silver,96.8,False,Philippines
CUST014642,Silver,162.32,True,Thailand
CUST013840,Bronze,59.83,True,Indonesia
CUST002075,Bronze,121.86,False,Singapore
CUST012323,Silver,177.91,True,Vietnam
CUST009980,Bronze,107.0,True,Indonesia
CUST004242,Silver,133.36,True,Indonesia
CUST016956,Gold,154.02,True,India
CUST013452,Gold,316.18,True,Thailand
CUST004918,Bronze,68.57,False,Philippines
CUST008485,Bronze,66.53,False,India
CUST003546,Bronze,106.17,False,India
CUST004494,Silver,150.93,True,India
CUST008346,Silver,108.27,True,Indonesia
CUST001742,Silver,99.02,True,Vietnam
CUST012265,Bronze,153.91,False,Thailand
CUST004499,Bronze,74.86,False,Vietnam
CUST011801,Bronze,80.26,False,Philippines
CUST010421,Silver,209.19,False,Thailand
CUST010973,Bronze,63.4,False,Thailand
CUST003223,Platinum,630.47,True,Vietnam
CUST000478,Bronze,59.52,False,Indonesia
CUST004556,Silver,56.04,False,Vietnam
CUST015873,Gold,202.87,False,Vietnam
CUST003774,Silver,135.74,False,Thailand
CUST013842,Silver,116.79,False,Thailand
CUST009117,Bronze,71.23,False,Singapore
CUST008365,Platinum,582.31,False,Thailand
CUST003999,Bronze,62.59,False,India
CUST014047,Gold,209.5,True,Philippines
CUST011824,Bronze,58.0,False,India
CUST001314,Bronze,122.44,False,Singapore
CUST003986,Bronze,67.21,False,Singapore
CUST005646,Silver,346.46,False,Indonesia
CUST016761,Silver,178.78,True,Indonesia
CUST012843,Gold,280.97,False,India
CUST002908,Silver,129.19,True,Thailand
CUST001757,Bronze,138.34,True,Indonesia
CUST012640,Gold,223.49,True,Vietnam
CUST007818,Bronze,86.23,True,Thailand
CUST016155,Silver,179.07,False,Thailand
CUST002647,Gold,316.48,True,Vietnam
CUST001388,Gold,285.78,True,Indonesia
CUST005247,Gold,609.2,False,Indonesia
CUST005554,Silver,61.6,True,Indonesia
CUST002507,Bronze,60.32,False,Philippines
CUST007599,Bronze,84.27,False,Thailand
CUST012235,Bronze,65.31,False,India
CUST014236,Bronze,59.22,False,India
CUST017286,Bronze,103.32,False,Vietnam
CUST003794,Bronze,79.11,False,Vietnam
CUST000715,Silver,59.06,False,Philippines
CUST017406,Bronze,66.38,False,India
CUST012759,Bronze,66.78,False,Thailand
CUST008324,Bronze,117.38,False,Thailand
CUST015177,Gold,471.58,False,Indonesia
CUST012493,Silver,163.74,True,Vietnam
CUST004900,Bronze,88.51,False,Thailand
CUST009015,Bronze,69.36,False,India
CUST002581,Silver,213.35,True,Indonesia
CUST008680,Silver,124.55,False,Indonesia
CUST011585,Silver,209.08,False,India
CUST006560,Bronze,48.33,True,Thailand
CUST013277,Platinum,748.55,True,Indonesia
CUST000652,Platinum,235.99,True,India
CUST007179,Bronze,145.98,False,Vietnam
CUST006276,Silver,305.82,True,Vietnam
CUST017211,Bronze,85.0,False,Thailand
CUST014608,Bronze,138.21,False,Singapore
CUST009120,Bronze,52.77,False,Thailand
CUST007550,Platinum,1156.4,True,India
CUST005362,Gold,236.03,True,Singapore
CUST010799,Bronze,47.1,True,Vietnam
CUST014525,Gold,453.51,False,Thailand
CUST007811,Silver,128.86,False,Philippines
CUST015120,Bronze,111.33,False,Vietnam
CUST009008,Gold,359.0,True,Indonesia
CUST014175,Silver,112.48,False,Philippines
CUST013318,Bronze,35.02,False,Indonesia
CUST012367,Bronze,46.38,True,Singapore
CUST004532,Bronze,91.82,False,Singapore
CUST017624,Bronze,62.96,False,Vietnam
CUST010939,Bronze,75.04,False,Singapore
CUST001958,Bronze,59.84,True,Singapore
CUST004408,Silver,81.9,False,Vietnam
CUST017249,Silver,152.01,True,Philippines
CUST004018,Gold,294.57,False,India
CUST003165,Bronze,75.6,False,Indonesia
CUST008153,Silver,164.29,False,India
CUST003666,Platinum,716.91,False,Thailand
CUST016195,Silver,148.61,True,Philippines
CUST012026,Silver,113.23,False,Vietnam
CUST007158,Silver,109.67,False,Singapore
CUST004651,Silver,227.02,True,Indonesia
CUST008822,Bronze,93.7,True,Thailand
CUST011937,Silver,255.99,False,India
CUST015743,Bronze,74.53,False,Indonesia
CUST012926,Bronze,114.14,False,Indonesia
CUST004393,Bronze,103.38,True,Indonesia
CUST000515,Bronze,58.03,False,Singapore
CUST005493,Silver,258.82,False,Vietnam
CUST011592,Bronze,56.82,True,Singapore
CUST009239,Bronze,84.64,False,Singapore
CUST014327,Bronze,94.58,False,India
CUST011670,Bronze,81.19,False,India
CUST016957,Bronze,101.96,False,India
CUST007308,Gold,183.48,True,Philippines
CUST014058,Gold,245.75,False,Philippines
CUST003738,Bronze,86.21,True,Thailand
CUST011643,Gold,384.31,True,Vietnam
CUST003265,Gold,183.91,False,Thailand
CUST007752,Gold,417.89,True,Singapore
CUST015740,Bronze,99.9,False,Vietnam
CUST014002,Gold,187.85,True,Thailand
CUST008352,Platinum,203.62,True,Indonesia
CUST005558,Silver,155.06,False,Singapore
CUST017213,Gold,271.46,True,Thailand
CUST009421,Silver,128.27,True,Indonesia
CUST000707,Gold,579.23,True,Indonesia
CUST014537,Bronze,43.4,False,Thailand
CUST006942,Gold,270.98,False,Indonesia
CUST001127,Silver,56.53,False,Vietnam
CUST000036,Gold,381.39,True,Vietnam
CUST005429,Silver,125.82,False,Thailand
CUST005625,Bronze,97.67,False,Thailand
CUST005224,Bronze,131.96,False,Singapore
CUST001922,Bronze,81.56,False,Singapore
CUST008592,Bronze,111.32,False,Vietnam
CUST004188,Bronze,88.67,False,Philippines
CUST016487,Bronze,160.76,True,India
CUST012145,Silver,284.87,True,Philippines
CUST017401,Gold,182.32,True,India
CUST005949,Platinum,896.64,True,Philippines
CUST003318,Bronze,60.89,False,Indonesia
CUST015406,Bronze,66.12,False,Philippines
CUST000642,Bronze,81.75,False,Vietnam
CUST014648,Bronze,49.83,False,Thailand
CUST005470,Bronze,100.19,False,Indonesia
CUST001555,Bronze,124.11,False,Singapore
CUST006069,Bronze,117.85,False,Singapore
CUST012712,Bronze,87.25,False,Indonesia
CUST009234,Bronze,105.67,False,India
CUST010553,Bronze,86.11,False,Vietnam
CUST003947,Gold,542.4,False,Singapore
CUST016866,Bronze,145.32,False,Thailand
CUST007701,Silver,214.22,False,Indonesia
CUST002116,Bronze,115.84,False,Thailand
CUST015322,Platinum,349.8,False,Singapore
CUST003987,Bronze,115.0,False,Philippines
CUST007877,Silver,194.62,True,India
CUST015764,Silver,260.65,False,Singapore
CUST002714,Bronze,103.64,False,Singapore
CUST016078,Gold,244.25,True,Thailand
CUST010393,Silver,166.04,True,Indonesia
CUST006045,Bronze,59.06,True,Thailand
CUST000377,Silver,111.37,True,Vietnam
CUST009380,Platinum,318.69,True,Philippines
CUST008477,Silver,139.26,True,Thailand
CUST009450,Bronze,164.19,False,Vietnam
CUST014247,Bronze,54.69,True,Indonesia
CUST003203,Bronze,121.4,False,Philippines
CUST006918,Silver,314.32,False,Indonesia
CUST006952,Bronze,80.98,False,Indonesia
CUST009522,Platinum,701.52,True,Indonesia
CUST012164,Bronze,101.53,False,India
CUST012579,Silver,134.93,False,India
CUST005632,Bronze,68.34,True,Indonesia
CUST000564,Silver,156.46,True,Thailand
CUST014498,Silver,188.73,False,Thailand
CUST000509,Platinum,333.83,True,Vietnam
CUST011031,Bronze,114.53,False,Vietnam
CUST012255,Silver,96.06,False,Philippines
CUST006366,Bronze,36.79,False,India
CUST004689,Silver,84.18,False,Thailand
CUST016832,Silver,81.42,True,Philippines
CUST015761,Gold,231.81,False,Thailand
CUST017935,Bronze,30.17,False,India
CUST016240,Bronze,84.05,False,Philippines
CUST005110,Bronze,107.78,False,Philippines
CUST003782,Platinum,548.16,False,Thailand
CUST005948,Platinum,586.27,False,India
CUST003492,Bronze,119.68,True,Thailand
CUST016989,Gold,261.82,False,India
CUST008230,Bronze,66.07,False,Philippines
CUST000558,Silver,136.88,False,Thailand
CUST000442,Silver,145.69,False,Philippines
CUST001036,Bronze,81.66,False,India
CUST012596,Bronze,73.3,False,India
CUST006361,Bronze,93.19,False,Singapore
CUST008597,Platinum,374.32,True,India
CUST006312,Gold,328.3,True,Philippines
CUST009740,Bronze,140.43,True,India
CUST017466,Bronze,100.42,False,Thailand
CUST005730,Silver,124.53,True,Thailand
CUST005355,Silver,130.7,False,Indonesia
CUST013465,Bronze,126.0,False,India
CUST003653,Silver,140.15,False,India
CUST009467,Silver,143.86,True,Indonesia
CUST012191,Gold,243.15,True,Vietnam
CUST003065,Silver,237.11,True,Philippines
CUST003615,Gold,158.96,True,India
CUST005201,Gold,553.98,True,Vietnam
CUST008817,Platinum,421.65,True,Thailand
CUST014684,Bronze,74.69,True,Thailand
CUST001008,Silver,424.69,False,India
CUST007782,Platinum,358.95,True,Indonesia
CUST008651,Platinum,555.18,True,India
CUST015618,Bronze,63.5,True,Vietnam
CUST010403,Silver,220.98,False,Thailand
CUST006750,Silver,252.41,False,Philippines
CUST008783,Silver,147.9,False,Philippines
CUST009815,Bronze,102.2,False,Philippines
CUST013358,Bronze,53.0,False,Philippines
CUST003327,Gold,232.0,True,Thailand
CUST001194,Silver,226.55,False,Indonesia
CUST005011,Platinum,333.8,False,Thailand
CUST013721,Silver,91.88,True,Philippines
CUST002883,Bronze,106.03,False,Vietnam
CUST000440,Bronze,180.18,False,Singapore
CUST013276,Silver,200.13,False,Vietnam
CUST003491,Bronze,59.71,False,Indonesia
CUST007155,Silver,157.39,False,Indonesia
CUST001476,Bronze,98.08,False,Thailand
CUST015799,Bronze,86.36,True,India
CUST005688,Bronze,69.61,False,Thailand
CUST016396,Bronze,68.18,False,Philippines
CUST009459,Bronze,98.66,False,Singapore
CUST006120,Bronze,54.45,False,Singapore
CUST010780,Bronze,133.04,False,India
CUST010411,Silver,157.05,False,Vietnam
CUST017772,Silver,121.34,False,Thailand
CUST015690,Platinum,757.82,True,Vietnam
CUST000603,Silver,171.84,False,Philippines
CUST015982,Bronze,50.84,False,Vietnam
CUST011799,Bronze,51.29,False,Vietnam
CUST014150,Bronze,69.54,False,Thailand
CUST015998,Silver,372.17,False,Thailand
CUST012681,Bronze,80.49,False,India
CUST012840,Bronze,80.43,False,Thailand
CUST007469,Bronze,103.9,False,Singapore
CUST002999,Bronze,160.92,False,Philippines
CUST008632,Bronze,127.13,False,Singapore
CUST015992,Bronze,117.7,False,India
CUST011681,Bronze,43.43,False,Thailand
CUST011213,Silver,152.34,True,India
CUST017538,Bronze,78.29,False,Thailand
CUST005574,Gold,262.89,True,Thailand
CUST004109,Bronze,84.6,True,Vietnam
CUST014866,Bronze,82.44,False,Indonesia
CUST017318,Silver,101.68,True,Thailand
CUST001484,Bronze,52.46,False,Indonesia
CUST012170,Bronze,79.7,False,Thailand
CUST015606,Bronze,84.57,False,Thailand
CUST007483,Bronze,129.56,False,India
CUST012317,Silver,115.62,True,India
CUST003189,Silver,233.73,True,Thailand
CUST013373,Platinum,473.1,False,Indonesia
CUST003058,Bronze,60.19,False,Vietnam
CUST013120,Silver,93.27,False,Thailand
CUST009003,Bronze,133.92,False,Indonesia
CUST016853,Bronze,62.45,False,India
CUST000365,Silver,197.4,False,Vietnam
CUST014388,Platinum,620.23,True,Indonesia
CUST012931,Platinum,789.17,True,Philippines
CUST004124,Silver,190.37,True,Philippines
CUST012193,Platinum,491.63,True,Vietnam
CUST009460,Gold,281.58,False,Thailand
CUST016324,Silver,253.5,True,India
CUST012483,Silver,132.41,False,India
CUST016486,Bronze,192.74,False,Indonesia
CUST002346,Bronze,102.75,False,Indonesia
CUST011999,Gold,100.93,True,Singapore
CUST011335,Silver,139.08,True,Philippines
CUST000981,Bronze,38.79,True,Philippines
CUST004373,Bronze,56.9,True,Vietnam
CUST016072,Bronze,48.0,False,India
CUST001531,Gold,441.13,False,Thailand
CUST000017,Silver,207.63,True,Indonesia
CUST009855,Bronze,84.47,False,Thailand
CUST002364,Platinum,436.87,True,India
CUST009133,Silver,131.32,False,Singapore
CUST007306,Bronze,160.15,False,Thailand
CUST000479,Bronze,90.27,False,Singapore
CUST011635,Bronze,118.31,False,Vietnam
CUST014332,Silver,154.46,True,Thailand
CUST012667,Bronze,60.64,False,Thailand
CUST012478,Silver,122.41,True,Philippines
CUST000100,Bronze,98.33,True,Thailand
CUST001711,Platinum,697.24,True,Philippines
CUST013136,Silver,73.32,True,Thailand
CUST003550,Platinum,821.04,True,Singapore
CUST010871,Bronze,78.44,False,Thailand
CUST000094,Gold,265.8,False,Indonesia
CUST016647,Bronze,184.29,False,Thailand
CUST010175,Bronze,95.77,False,Thailand
CUST014274,Platinum,450.21,True,Indonesia
CUST003983,Bronze,102.1,False,Vietnam
CUST013945,Bronze,31.07,False,Philippines
CUST006541,Bronze,109.78,False,Singapore
CUST003511,Gold,210.38,False,India
CUST011206,Bronze,113.22,False,Philippines
CUST005209,Platinum,278.57,True,Indonesia
CUST002519,Silver,143.64,True,India
CUST005535,Bronze,82.49,False,India
CUST008545,Bronze,65.33,False,Indonesia
CUST011900,Bronze,112.85,False,Philippines
CUST002930,Bronze,77.0,True,Vietnam
CUST005115,Bronze,192.36,False,Thailand
CUST006861,Gold,336.76,True,Thailand
CUST003200,Bronze,44.56,True,Indonesia
CUST009731,Silver,287.87,True,Thailand
CUST005794,Bronze,126.32,False,Indonesia
CUST001799,Bronze,93.27,False,Indonesia
CUST016347,Bronze,43.97,False,Thailand
CUST003270,Bronze,70.41,False,Philippines
CUST015116,Bronze,130.0,False,India
CUST001434,Bronze,48.19,False,Singapore
CUST006236,Bronze,144.97,False,Indonesia
CUST016863,Silver,117.37,True,Philippines
CUST006259,Bronze,78.79,False,Vietnam
CUST004842,Silver,171.68,True,Philippines
CUST012101,Bronze,77.47,False,Vietnam
CUST000554,Silver,183.53,True,Philippines
CUST009061,Bronze,75.23,False,Indonesia
CUST016525,Bronze,87.28,False,Indonesia
CUST006777,Bronze,84.71,False,Indonesia
CUST017197,Bronze,55.1,False,Philippines
CUST013791,Gold,272.3,False,Philippines
CUST001661,Silver,125.32,False,Thailand
CUST002110,Platinum,986.25,True,Indonesia
CUST004072,Platinum,645.23,False,India
CUST014339,Bronze,109.82,False,Indonesia
CUST000489,Silver,147.94,False,Singapore
CUST011599,Gold,308.43,True,Singapore
CUST008630,Gold,529.17,True,Philippines
CUST013457,Bronze,104.42,False,Vietnam
CUST009674,Gold,259.55,False,Singapore
CUST012069,Bronze,111.89,True,Singapore
CUST005690,Silver,181.46,False,India
CUST015928,Platinum,718.22,True,Vietnam
CUST008233,Silver,151.18,True,India
CUST011129,Bronze,68.13,False,India
CUST010392,Platinum,623.52,True,India
CUST013116,Bronze,68.24,False,Vietnam
CUST010468,Bronze,149.42,False,Vietnam
CUST001163,Silver,223.9,False,Indonesia
CUST013914,Bronze,129.91,False,Philippines
CUST003068,Bronze,54.73,False,Indonesia
CUST008300,Bronze,80.51,False,Indonesia
CUST002868,Bronze,56.23,False,Philippines
CUST003530,Bronze,89.2,False,Singapore
CUST000136,Platinum,403.77,True,Indonesia
CUST008362,Bronze,114.75,False,Philippines
CUST015554,Bronze,112.16,False,Thailand
CUST014273,Bronze,149.1,True,Thailand
CUST007813,Bronze,96.29,False,Indonesia
CUST014661,Bronze,55.96,False,Thailand
CUST009570,Bronze,44.79,True,Singapore
CUST015107,Silver,135.11,False,Thailand
CUST015299,Bronze,72.65,False,Indonesia
CUST004790,Silver,200.43,True,Vietnam
CUST012604,Silver,142.04,True,Thailand
CUST012707,Platinum,503.56,True,India
CUST009042,Platinum,389.54,True,Indonesia
CUST017368,Bronze,56.14,False,Thailand
CUST001284,Platinum,702.11,False,India
CUST000371,Bronze,50.89,True,Thailand
CUST016322,Bronze,85.44,False,Indonesia
CUST007185,Bronze,90.06,False,Vietnam
CUST014925,Platinum,669.76,False,Vietnam
CUST016555,Bronze,89.54,False,Indonesia
CUST012713,Bronze,88.92,False,Indonesia
CUST015793,Bronze,157.14,False,Thailand
CUST012884,Bronze,187.75,True,Vietnam
CUST010302,Bronze,93.75,False,Indonesia
CUST012142,Gold,183.62,False,India
CUST009825,Gold,377.86,False,Indonesia
CUST006834,Bronze,104.5,False,Vietnam
CUST008685,Silver,116.02,False,Thailand
CUST007815,Platinum,712.71,True,Vietnam
CUST000780,Bronze,114.24,False,Vietnam
CUST004409,Gold,127.41,True,India
CUST001177,Bronze,52.67,False,India
CUST002055,Silver,89.09,True,Singapore
CUST016997,Gold,184.2,False,Indonesia
CUST017512,Bronze,75.53,False,Singapore
CUST010052,Bronze,97.15,False,Philippines
CUST004931,Platinum,263.14,True,Vietnam
CUST015641,Bronze,58.2,False,Philippines
CUST013846,Bronze,71.86,False,Thailand
CUST011947,Platinum,541.9,True,Thailand
CUST015857,Bronze,115.23,False,Thailand
CUST002226,Silver,106.28,False,Thailand
CUST015239,Silver,138.93,False,India
CUST003630,Bronze,46.23,False,Vietnam
CUST003232,Bronze,44.36,True,India
CUST017711,Bronze,117.89,False,Indonesia
CUST017034,Silver,117.44,True,Thailand
CUST008799,Platinum,894.88,False,Singapore
CUST001818,Silver,131.78,True,Indonesia
CUST013863,Bronze,104.39,False,Philippines
CUST000871,Bronze,89.28,False,Philippines
CUST004857,Bronze,65.2,False,Philippines
CUST007054,Gold,170.85,False,Thailand
CUST014345,Gold,291.64,True,Vietnam
CUST007094,Bronze,85.32,False,Thailand
CUST000953,Silver,219.03,False,Indonesia
CUST004952,Silver,257.91,False,Singapore
CUST001440,Silver,117.93,False,Vietnam
CUST002106,Silver,133.85,False,Philippines
CUST004149,Bronze,76.11,False,Philippines
CUST005237,Silver,177.59,False,Indonesia
CUST010768,Silver,261.4,True,Thailand
CUST002830,Platinum,366.18,True,Vietnam
CUST007206,Bronze,171.27,False,Thailand
CUST002044,Gold,465.87,True,Vietnam
CUST004541,Platinum,504.7,False,Vietnam
CUST002122,Gold,306.33,True,Philippines
CUST006858,Gold,188.99,False,Vietnam
CUST004479,Silver,102.39,True,Indonesia
CUST004187,Silver,217.93,False,Indonesia
CUST012721,Gold,344.13,True,Vietnam
CUST001249,Silver,125.11,True,Indonesia
CUST005096,Bronze,81.28,False,India
CUST015766,Bronze,103.33,False,Thailand
CUST011478,Gold,224.01,False,Thailand
CUST004533,Gold,525.16,False,Indonesia
CUST000093,Bronze,66.64,False,Vietnam
CUST011762,Gold,116.57,True,Thailand
CUST001835,Platinum,429.86,False,Vietnam
CUST011067,Platinum,815.91,True,Indonesia
CUST009387,Bronze,66.75,False,Indonesia
CUST003239,Gold,353.01,True,Vietnam
CUST008958,Platinum,528.22,True,Thailand
CUST003125,Platinum,810.62,True,Thailand
CUST012196,Gold,260.02,True,India
CUST017469,Silver,160.73,False,Singapore
CUST003484,Gold,212.31,False,Thailand
CUST010413,Bronze,32.17,False,India
CUST013630,Silver,138.85,False,Singapore
CUST002964,Bronze,25.27,True,Philippines
CUST010316,Bronze,87.28,False,Vietnam
CUST007360,Silver,139.3,False,Indonesia
CUST013909,Bronze,114.34,False,India
CUST014513,Bronze,76.86,True,Indonesia
CUST017580,Platinum,486.92,True,Vietnam
CUST007240,Gold,297.94,True,Indonesia
CUST007349,Bronze,85.19,False,Indonesia
CUST000230,Gold,172.35,False,India
CUST012185,Platinum,482.2,True,Philippines
CUST005366,Bronze,108.19,False,Thailand
CUST013059,Bronze,113.48,False,Vietnam
CUST017921,Bronze,64.75,False,Thailand
CUST006544,Gold,254.21,True,Thailand
CUST006296,Silver,173.35,False,Philippines
CUST003372,Bronze,46.01,False,Singapore
CUST015097,Bronze,55.27,False,Philippines
CUST006618,Bronze,59.12,True,Thailand
CUST002540,Silver,209.67,True,Vietnam
CUST000874,Bronze,47.43,False,Indonesia
CUST017139,Bronze,43.09,True,Singapore
CUST013810,Gold,177.17,True,Philippines
CUST002462,Silver,199.49,True,Thailand
CUST001054,Silver,200.81,False,Vietnam
CUST010461,Silver,186.2,False,Thailand
CUST001642,Bronze,48.02,False,India
CUST008232,Bronze,88.1,True,Thailand
CUST013293,Silver,140.23,True,Thailand
CUST005970,Gold,295.25,False,Philippines
CUST007321,Bronze,126.36,False,India
CUST006522,Bronze,88.57,False,Philippines
CUST001744,Silver,121.39,False,Philippines
CUST006153,Bronze,60.74,False,Indonesia
CUST000819,Bronze,67.79,False,Philippines
CUST013879,Bronze,148.65,False,India
CUST000574,Bronze,112.66,False,Philippines
CUST012619,Bronze,143.18,False,Thailand
CUST006576,Bronze,67.65,False,Vietnam
CUST005303,Gold,190.1,False,Singapore
CUST002636,Gold,304.17,False,Thailand
CUST010512,Bronze,98.88,False,Indonesia
CUST014146,Bronze,116.81,False,Philippines
CUST008518,Bronze,57.08,False,Singapore
CUST008421,Gold,186.64,False,Vietnam
CUST015956,Bronze,54.75,False,Vietnam
CUST010627,Bronze,162.3,False,Thailand
CUST004121,Bronze,85.44,False,Thailand
CUST003043,Platinum,203.82,False,Singapore
CUST015265,Bronze,70.06,False,India
CUST013657,Silver,113.24,True,Philippines
CUST017290,Bronze,77.85,False,Indonesia
CUST000448,Bronze,95.88,False,Indonesia
CUST012280,Bronze,56.78,False,Indonesia
CUST004793,Bronze,49.96,False,Thailand
CUST004432,Bronze,59.82,False,Indonesia
CUST008404,Bronze,49.23,True,Philippines
CUST001735,Silver,78.91,False,Philippines
CUST002510,Bronze,108.84,False,Thailand
CUST012437,Bronze,64.26,False,Indonesia
CUST003120,Bronze,61.5,False,Thailand
CUST013092,Bronze,80.17,False,India
CUST006691,Platinum,762.06,True,Thailand
CUST000368,Silver,85.94,True,Philippines
CUST002992,Silver,146.62,False,Thailand
CUST013196,Bronze,90.35,False,India
CUST013594,Bronze,57.71,False,Thailand
CUST016386,Bronze,85.12,False,India
CUST013216,Bronze,86.9,False,Thailand
CUST007838,Bronze,79.06,False,Thailand
CUST016671,Silver,200.5,True,Singapore
CUST016297,Bronze,49.51,False,Vietnam
CUST008589,Silver,114.51,True,Singapore
CUST012371,Bronze,56.63,False,Vietnam
CUST001478,Bronze,157.48,False,Vietnam
CUST016560,Gold,298.92,True,Indonesia
CUST002663,Gold,250.1,False,Indonesia
CUST000812,Bronze,109.7,False,Indonesia
CUST014359,Platinum,525.31,False,Philippines
CUST000912,Gold,343.11,True,Thailand
CUST003688,Silver,222.77,True,Philippines
CUST000569,Silver,140.32,False,Singapore
CUST005882,Silver,176.85,True,Thailand
CUST010385,Silver,245.46,False,Indonesia
CUST011551,Bronze,86.78,False,Thailand
CUST004993,Bronze,46.27,True,India
CUST012975,Bronze,35.14,False,Thailand
CUST017271,Bronze,133.0,True,Indonesia
CUST014362,Bronze,90.49,False,Vietnam
CUST009479,Silver,88.27,True,Vietnam
CUST003129,Bronze,110.09,False,Philippines
CUST017703,Bronze,69.28,True,Philippines
CUST007896,Bronze,51.33,False,Philippines
CUST001993,Silver,126.09,False,Philippines
CUST000342,Silver,206.83,True,Thailand
CUST007859,Silver,168.46,False,Indonesia
CUST003225,Gold,354.03,True,Philippines
CUST012492,Bronze,72.34,False,Thailand
CUST012364,Bronze,65.71,False,Indonesia
CUST003508,Bronze,55.13,False,Indonesia
CUST010670,Bronze,74.15,True,India
CUST015892,Bronze,92.43,False,Indonesia
CUST008086,Gold,135.81,True,Indonesia
CUST003965,Silver,89.28,False,Vietnam
CUST005741,Silver,176.52,True,India
CUST010407,Silver,110.72,False,India
CUST003330,Bronze,152.41,False,Thailand
CUST006399,Gold,992.88,False,Indonesia
CUST010439,Bronze,111.7,False,Thailand
CUST016635,Silver,203.96,False,Thailand
CUST012753,Bronze,55.76,False,India
CUST000465,Bronze,29.84,False,Singapore
CUST003804,Gold,240.2,False,Thailand
CUST004423,Bronze,104.67,False,Indonesia
CUST015282,Platinum,334.8,False,Vietnam
CUST012957,Bronze,128.44,False,Vietnam
CUST011246,Gold,223.32,True,Philippines
CUST007389,Bronze,62.66,False,Indonesia
CUST003536,Silver,173.66,False,Vietnam
CUST015848,Gold,468.82,False,Indonesia
CUST010391,Bronze,60.36,False,Philippines
CUST014824,Bronze,57.39,False,Indonesia
CUST011369,Bronze,137.0,True,Thailand
CUST005446,Gold,337.92,False,India
CUST015865,Bronze,105.52,True,Thailand
CUST015590,Platinum,866.29,True,Vietnam
CUST005818,Bronze,43.8,False,Singapore
CUST007773,Bronze,54.07,False,Vietnam
CUST000433,Silver,148.48,False,Vietnam
CUST001320,Silver,289.53,False,India
CUST010641,Bronze,142.23,False,Indonesia
CUST012652,Gold,363.55,True,Indonesia
CUST010149,Bronze,44.41,False,India
CUST000591,Platinum,679.63,True,Vietnam
CUST012607,Bronze,112.62,False,Thailand
CUST007632,Bronze,55.48,False,Thailand
CUST014425,Bronze,96.83,False,Philippines
CUST010045,Bronze,69.02,False,Thailand
CUST007256,Platinum,270.77,True,Indonesia
CUST000932,Bronze,75.33,True,Thailand
CUST016611,Silver,252.56,True,Vietnam
CUST016975,Gold,181.56,True,Singapore
CUST012156,Bronze,61.85,False,Singapore
CUST004941,Bronze,129.07,False,Philippines
CUST017072,Bronze,57.57,False,Philippines
CUST013848,Gold,197.2,True,Vietnam
CUST012694,Platinum,675.42,True,Vietnam
CUST008177,Gold,215.69,False,Thailand
CUST009806,Bronze,89.38,False,Indonesia
CUST013430,Silver,62.96,True,Vietnam
CUST014558,Silver,232.06,True,Vietnam
CUST016879,Silver,161.33,False,Vietnam
CUST011515,Gold,284.84,True,Vietnam
CUST012546,Silver,148.37,True,Singapore
CUST008736,Bronze,62.51,False,India
CUST011607,Bronze,69.99,True,Indonesia
CUST002309,Silver,97.74,False,Singapore
CUST013064,Bronze,63.02,False,Thailand
CUST004337,Bronze,45.71,False,Vietnam
CUST008792,Bronze,98.69,False,Indonesia
CUST017029,Silver,175.03,True,India
CUST010272,Bronze,111.55,False,Vietnam
CUST010308,Bronze,73.19,False,Vietnam
CUST010496,Bronze,55.58,False,Singapore
CUST014250,Silver,112.91,True,Singapore
CUST001347,Bronze,102.93,False,Indonesia
CUST015986,Bronze,103.88,False,Philippines
CUST015577,Platinum,314.88,True,Thailand
CUST000045,Bronze,130.01,False,Indonesia
CUST005280,Bronze,70.22,False,Indonesia
CUST010588,Bronze,61.22,True,Singapore
CUST014535,Platinum,585.28,True,Philippines
CUST004615,Bronze,26.66,False,Vietnam
CUST012398,Platinum,270.17,True,Thailand
CUST011722,Bronze,39.92,False,Singapore
CUST017825,Bronze,59.08,False,Vietnam
CUST015450,Silver,206.14,True,Thailand
CUST014921,Bronze,107.82,False,Philippines
CUST012124,Bronze,90.23,False,Thailand
CUST016085,Platinum,576.21,True,Vietnam
CUST010984,Bronze,39.26,False,Indonesia
CUST005994,Bronze,136.93,True,Indonesia
CUST008876,Bronze,89.16,False,Thailand
CUST004330,Bronze,135.86,False,India
CUST016927,Gold,415.45,False,Indonesia
CUST001649,Gold,125.11,True,Indonesia
CUST001493,Silver,80.21,True,Philippines
CUST007615,Bronze,95.34,False,Indonesia
CUST009231,Silver,217.53,True,Thailand
CUST010044,Bronze,57.83,False,India
CUST009469,Bronze,54.7,False,Thailand
CUST013742,Bronze,196.3,False,India
CUST000527,Bronze,147.28,False,Thailand
CUST006458,Bronze,84.21,True,India
CUST017331,Gold,256.05,True,Thailand
CUST008435,Bronze,95.91,True,Vietnam
CUST013884,Gold,734.66,True,Thailand
CUST014026,Bronze,118.52,False,Thailand
CUST003816,Gold,661.53,True,Thailand
CUST017068,Bronze,111.14,True,Vietnam
CUST009804,Bronze,48.01,False,Thailand
CUST009681,Bronze,77.95,False,Indonesia
CUST004769,Bronze,93.91,False,Indonesia
CUST006768,Bronze,94.71,False,Singapore
CUST002090,Platinum,719.38,True,Indonesia
CUST001428,Bronze,109.19,False,Vietnam
CUST001039,Platinum,306.19,True,Indonesia
CUST010778,Gold,325.18,True,Indonesia
CUST004004,Silver,55.29,True,Singapore
CUST016337,Silver,138.7,False,Vietnam
CUST007466,Bronze,68.59,False,India
CUST016812,Silver,53.72,False,India
CUST001876,Bronze,121.78,True,Thailand
CUST017966,Gold,420.86,False,India
CUST009568,Silver,85.37,False,India
CUST017790,Silver,214.51,True,Philippines
CUST011477,Bronze,57.26,False,Singapore
CUST005420,Platinum,1062.23,True,Singapore
CUST000785,Bronze,51.82,False,Indonesia
CUST017386,Bronze,71.32,False,Singapore
CUST012766,Bronze,127.85,False,Philippines
CUST015619,Silver,134.11,True,Vietnam
CUST002427,Bronze,66.94,True,Vietnam
CUST000125,Gold,393.25,True,Vietnam
CUST016865,Bronze,194.21,False,Philippines
CUST005590,Gold,277.52,True,Indonesia
CUST010438,Platinum,410.51,True,Philippines
CUST016128,Bronze,82.65,False,Singapore
CUST009001,Bronze,70.62,False,Vietnam
CUST015801,Silver,219.47,False,Vietnam
CUST011723,Bronze,69.75,False,Philippines
CUST008468,Silver,72.76,True,Thailand
CUST007807,Bronze,130.82,False,Philippines
CUST006027,Bronze,67.43,False,Thailand
CUST015920,Gold,341.62,True,Indonesia
CUST005093,Silver,230.45,True,Indonesia
CUST006119,Bronze,60.54,True,Vietnam
CUST004855,Gold,361.75,True,Singapore
CUST011122,Bronze,98.6,False,India
CUST007878,Bronze,78.48,False,Indonesia
CUST017808,Bronze,158.42,False,Philippines
CUST013859,Bronze,87.08,False,Philippines
CUST012102,Bronze,67.5,False,Singapore
CUST006841,Bronze,68.1,True,Indonesia
CUST005072,Bronze,124.2,False,Singapore
CUST002573,Silver,123.6,False,India
CUST017556,Bronze,70.51,False,Thailand
CUST008251,Bronze,92.31,False,Indonesia
CUST014076,Gold,319.95,False,Thailand
CUST011113,Gold,260.56,True,Philippines
CUST009019,Bronze,44.99,False,Vietnam
CUST005282,Platinum,378.19,True,Thailand
CUST008990,Bronze,71.05,True,Indonesia
CUST007766,Platinum,594.98,True,Thailand
CUST004943,Bronze,126.12,False,Indonesia
CUST007604,Bronze,28.93,False,Philippines
CUST008844,Bronze,94.93,False,Thailand
CUST000459,Gold,408.6,True,Thailand
CUST005335,Bronze,68.8,False,Philippines
CUST011351,Silver,133.13,False,Indonesia
CUST005329,Bronze,66.56,True,India
CUST014630,Bronze,155.7,True,Vietnam
CUST006763,Bronze,81.0,False,Vietnam
CUST009480,Bronze,111.72,False,Thailand
CUST011807,Bronze,83.24,False,Thailand
CUST017815,Bronze,65.39,False,Indonesia
CUST010029,Bronze,95.28,False,Indonesia
CUST008727,Gold,282.39,False,Philippines
CUST008187,Bronze,97.34,False,India
CUST001174,Bronze,151.57,True,Indonesia
CUST011746,Bronze,72.44,False,Philippines
CUST001207,Gold,116.58,False,Thailand
CUST011938,Platinum,822.67,True,Vietnam
CUST005731,Bronze,35.18,False,Indonesia
CUST011951,Bronze,81.43,False,Vietnam
CUST016505,Platinum,541.44,True,Philippines
CUST011600,Silver,174.11,True,Indonesia
CUST009104,Platinum,877.66,True,Philippines
CUST014509,Bronze,135.81,False,Indonesia
CUST015604,Silver,89.32,True,Indonesia
CUST016211,Gold,400.71,False,Vietnam
CUST015902,Silver,157.72,False,India
CUST016703,Bronze,76.32,False,India
CUST012859,Bronze,45.52,True,Indonesia
CUST011783,Platinum,1162.3,True,Singapore
CUST004934,Silver,238.89,False,Philippines
CUST000735,Gold,406.53,True,Indonesia
CUST008440,Platinum,748.01,True,Philippines
CUST009014,Platinum,218.72,True,Indonesia
CUST014396,Bronze,75.03,True,Philippines
CUST006281,Bronze,56.18,True,Indonesia
CUST013103,Platinum,596.61,True,Indonesia
CUST008797,Bronze,76.54,False,Vietnam
CUST013876,Gold,166.06,True,India
CUST000194,Platinum,572.08,True,Indonesia
CUST011663,Silver,255.05,True,Vietnam
CUST005438,Gold,259.83,False,Philippines
CUST004117,Platinum,376.66,True,Thailand
CUST004219,Silver,171.94,True,Thailand
CUST014657,Platinum,655.34,True,Thailand
CUST003307,Bronze,64.96,False,Indonesia
CUST011357,Silver,195.58,True,India
CUST007784,Silver,191.41,False,Vietnam
CUST001802,Bronze,176.65,False,Thailand
CUST005253,Bronze,70.59,False,Vietnam
CUST005339,Gold,234.33,True,Thailand
CUST008893,Bronze,78.09,False,Singapore
CUST009377,Bronze,72.81,False,Indonesia
CUST002781,Silver,176.54,True,Indonesia
CUST003104,Gold,319.73,False,Philippines
CUST010028,Bronze,114.05,True,Philippines
CUST000864,Silver,80.7,True,Vietnam
CUST002724,Silver,167.95,True,Thailand
CUST011247,Silver,118.67,False,Thailand
CUST002595,Bronze,113.7,False,Philippines
CUST004657,Bronze,51.81,False,Indonesia
CUST008242,Platinum,291.92,False,Philippines
CUST017030,Silver,183.12,True,Indonesia
CUST010919,Bronze,71.26,False,Indonesia
CUST003002,Bronze,65.71,True,Philippines
CUST012895,Gold,261.02,False,Thailand
CUST008754,Bronze,108.01,True,Philippines
CUST004312,Silver,69.65,True,Indonesia
CUST013579,Silver,185.56,False,Thailand
CUST013031,Bronze,71.02,False,Thailand
CUST001351,Bronze,66.56,True,Singapore
CUST014737,Bronze,112.23,False,Vietnam
CUST008686,Bronze,94.22,True,Thailand
CUST011403,Bronze,78.21,False,Indonesia
CUST007445,Platinum,484.14,True,Philippines
CUST008263,Gold,446.04,True,Vietnam
CUST004295,Bronze,107.73,False,Indonesia
CUST011976,Bronze,70.34,False,Indonesia
CUST013307,Bronze,63.68,True,Philippines
CUST014101,Gold,308.56,True,India
CUST005176,Bronze,50.01,False,Thailand
CUST007863,Bronze,124.54,True,Vietnam
CUST013947,Gold,154.97,True,Singapore
CUST008952,Bronze,34.45,False,India
CUST001826,Bronze,58.46,False,Vietnam
CUST008349,Bronze,69.87,False,Indonesia
CUST011406,Silver,388.19,True,Vietnam
CUST007153,Gold,250.79,True,Indonesia
CUST006674,Bronze,45.58,False,India
CUST013481,Silver,97.72,False,Thailand
CUST015893,Silver,256.57,True,India
CUST016831,Bronze,80.43,False,Thailand
CUST017154,Platinum,523.05,True,Singapore
CUST008386,Bronze,66.65,True,Singapore
CUST004603,Silver,101.85,False,India
CUST016173,Bronze,52.54,True,India
CUST003517,Silver,98.27,False,India
CUST016268,Bronze,63.1,False,Indonesia
CUST001713,Bronze,90.71,False,Thailand
CUST010712,Bronze,42.99,False,Vietnam
CUST010192,Bronze,80.67,False,Philippines
CUST016630,Bronze,72.07,False,Thailand
CUST003279,Bronze,73.5,False,Vietnam
CUST014521,Gold,221.06,False,Indonesia
CUST009198,Silver,194.2,False,Philippines
CUST001781,Bronze,108.93,False,Vietnam
CUST008012,Silver,279.2,False,Philippines
CUST016440,Silver,181.98,True,Vietnam
CUST010137,Bronze,53.47,False,Thailand
CUST003163,Silver,105.93,False,Singapore
CUST002085,Gold,297.9,False,Thailand
CUST017442,Bronze,83.57,False,Philippines
CUST003487,Silver,157.94,False,Philippines
CUST006718,Bronze,81.72,False,Vietnam
CUST008282,Bronze,73.87,False,Philippines
CUST006398,Bronze,90.51,False,Indonesia
CUST013186,Bronze,141.06,False,Singapore
CUST011969,Silver,143.55,True,Indonesia
CUST016844,Bronze,115.13,False,India
CUST000425,Silver,65.19,True,India
CUST003297,Bronze,64.5,False,Indonesia
CUST011455,Silver,104.04,False,Thailand
CUST000519,Bronze,104.75,False,Philippines
CUST012406,Gold,271.63,False,Indonesia
CUST000501,Gold,313.44,True,Vietnam
CUST012907,Silver,142.43,False,Philippines
CUST006090,Silver,207.39,False,Singapore
CUST014159,Bronze,76.85,False,Philippines
CUST001545,Silver,120.54,True,Indonesia
CUST009127,Bronze,95.11,False,Vietnam
CUST003066,Platinum,592.12,True,Thailand
CUST001538,Bronze,56.02,False,Indonesia
CUST010184,Bronze,58.72,False,Thailand
CUST011741,Gold,286.82,False,Thailand
CUST014128,Bronze,106.22,True,Indonesia
CUST006468,Gold,346.06,False,Thailand
CUST013118,Silver,150.46,False,Thailand
CUST003891,Platinum,334.38,True,Vietnam
CUST017640,Bronze,66.06,False,Singapore
CUST006632,Bronze,111.11,False,Thailand
CUST006372,Bronze,64.59,False,India
CUST007148,Gold,207.49,False,Thailand
CUST010818,Gold,324.37,False,Philippines
CUST002607,Silver,215.69,False,Philippines
CUST013783,Silver,283.35,True,Indonesia
CUST003083,Bronze,62.85,True,Vietnam
CUST007069,Bronze,90.17,False,Philippines
CUST008625,Bronze,41.69,False,Indonesia
CUST007051,Silver,126.34,True,Singapore
CUST015607,Silver,217.54,False,Indonesia
CUST001599,Silver,130.24,True,Singapore
CUST011975,Bronze,88.14,True,Singapore
CUST015136,Bronze,122.34,False,Singapore
CUST015543,Bronze,66.8,False,Vietnam
CUST009300,Silver,93.81,True,India
CUST002220,Platinum,642.36,True,Singapore
CUST010922,Bronze,81.75,False,India
CUST005826,Silver,101.46,False,Singapore
CUST015119,Bronze,50.08,False,Philippines
CUST003973,Bronze,113.38,False,Indonesia
CUST003526,Silver,181.25,True,Indonesia
CUST003026,Bronze,86.11,False,Vietnam
CUST011905,Bronze,127.34,True,Vietnam
CUST009610,Gold,229.91,True,Thailand
CUST006677,Bronze,64.14,False,Vietnam
CUST001784,Bronze,75.59,True,Philippines
CUST005275,Bronze,44.57,False,Thailand
CUST016542,Platinum,327.93,True,Indonesia
CUST016794,Bronze,82.27,False,Thailand
CUST014464,Bronze,66.91,True,Singapore
CUST003477,Silver,115.58,True,Indonesia
CUST005177,Platinum,323.96,False,Indonesia
CUST013068,Bronze,69.4,False,Philippines
CUST010599,Silver,76.83,False,Vietnam
CUST016532,Platinum,410.99,True,Thailand
CUST005035,Silver,137.47,True,Philippines
CUST003251,Silver,94.4,False,Thailand
CUST007800,Silver,110.11,True,Indonesia
CUST007801,Silver,86.31,True,Philippines
CUST012565,Bronze,91.83,False,Singapore
CUST014382,Gold,280.81,True,Singapore
CUST017963,Silver,143.95,False,Singapore
CUST007501,Silver,118.56,True,Vietnam
CUST004915,Bronze,87.32,True,Thailand
CUST002928,Platinum,654.15,True,Thailand
CUST009453,Bronze,156.56,False,Thailand
CUST004217,Bronze,68.41,False,Vietnam
CUST006807,Silver,107.66,True,Singapore
CUST012385,Bronze,133.94,False,Singapore
CUST009612,Silver,85.0,False,India
CUST009161,Bronze,80.4,False,Indonesia
CUST009406,Bronze,78.4,True,Vietnam
CUST013362,Bronze,71.86,False,India
CUST003762,Silver,192.14,False,Thailand
CUST004198,Gold,163.49,False,Vietnam
CUST002772,Gold,220.5,True,Philippines
CUST017635,Gold,390.6,True,Singapore
CUST015021,Silver,146.28,False,Vietnam
CUST004854,Bronze,54.13,False,Indonesia
CUST001554,Bronze,54.76,False,Thailand
CUST008679,Gold,244.74,True,Vietnam
CUST012304,Bronze,93.06,False,Indonesia
CUST002234,Bronze,87.25,False,India
CUST006963,Bronze,44.67,False,Thailand
CUST004007,Silver,110.58,False,Vietnam
CUST005656,Silver,152.23,True,Indonesia
CUST010478,Platinum,262.14,True,Vietnam
CUST014848,Silver,249.52,False,Philippines
CUST001652,Gold,499.38,True,Indonesia
CUST016466,Platinum,482.35,False,Philippines
CUST011197,Gold,184.73,False,Philippines
CUST002167,Silver,100.78,True,Indonesia
CUST013560,Silver,159.29,False,Thailand
CUST011679,Silver,116.24,True,Thailand
CUST014899,Bronze,78.95,True,India
CUST010874,Silver,55.48,True,India
CUST007781,Silver,129.84,False,Indonesia
CUST015301,Bronze,37.65,False,Vietnam
CUST003767,Bronze,38.99,False,India
CUST007325,Bronze,64.52,True,Singapore
CUST012523,Platinum,364.47,True,Thailand
CUST005473,Silver,136.01,True,Thailand
CUST003830,Bronze,45.73,False,Vietnam
CUST000107,Bronze,70.23,False,India
CUST011580,Bronze,67.9,False,Thailand
CUST010592,Gold,145.82,True,Vietnam
CUST003744,Silver,107.83,False,Vietnam
CUST003939,Gold,219.98,True,Thailand
CUST016780,Silver,97.97,False,Thailand
CUST010619,Gold,445.21,True,Vietnam
CUST009126,Gold,370.73,True,Thailand
CUST015466,Bronze,20.59,False,India
CUST009267,Bronze,109.28,False,Vietnam
CUST007479,Silver,228.92,True,Thailand
CUST004228,Bronze,134.59,False,Philippines
CUST016224,Bronze,44.02,False,Indonesia
CUST008775,Bronze,67.66,False,Vietnam
CUST006117,Bronze,71.38,True,Singapore
CUST008123,Bronze,168.07,True,Vietnam
CUST001269,Silver,79.54,True,Thailand
CUST001020,Platinum,446.6,False,Indonesia
CUST003263,Platinum,739.5,True,Philippines
CUST017578,Gold,190.06,True,Vietnam
CUST001480,Platinum,466.81,True,Thailand
CUST012087,Gold,200.9,True,Vietnam
CUST005951,Bronze,103.84,False,Thailand
CUST001635,Silver,181.58,True,Vietnam
CUST005384,Gold,230.59,False,Singapore
CUST000335,Silver,130.67,False,Singapore
CUST008234,Bronze,189.57,False,Thailand
CUST009854,Platinum,463.34,True,India
CUST009208,Bronze,65.73,False,India
CUST007976,Silver,114.76,True,India
CUST003346,Bronze,49.15,False,Philippines
CUST007236,Gold,287.07,True,Philippines
CUST001677,Platinum,388.0,True,Vietnam
CUST016637,Bronze,29.31,True,Thailand
CUST003454,Bronze,53.33,False,Vietnam
CUST006614,Bronze,89.66,False,Vietnam
CUST000741,Bronze,99.93,False,Vietnam
CUST014813,Gold,210.2,True,Indonesia
CUST013355,Platinum,896.37,True,Thailand
CUST009445,Bronze,95.49,True,Thailand
CUST000638,Silver,239.1,True,Vietnam
CUST002229,Silver,420.65,True,India
CUST012491,Bronze,81.76,False,Vietnam
CUST003207,Bronze,116.92,False,Thailand
CUST004874,Bronze,77.64,False,India
CUST000279,Silver,110.45,True,Philippines
CUST009711,Bronze,66.05,False,India
CUST005217,Bronze,217.46,False,Philippines
CUST013020,Bronze,78.68,False,Indonesia
CUST003149,Gold,266.34,True,Indonesia
CUST006601,Bronze,137.11,True,Indonesia
CUST015899,Bronze,77.17,False,Indonesia
CUST011805,Bronze,51.62,False,Vietnam
CUST004055,Bronze,70.05,False,Vietnam
CUST009639,Bronze,37.17,False,Vietnam
CUST003899,Bronze,65.45,False,India
CUST009969,Platinum,394.77,False,India
CUST010615,Bronze,75.29,False,Vietnam
CUST010953,Silver,215.24,False,Philippines
CUST013165,Platinum,450.33,True,Indonesia
CUST014727,Gold,226.16,False,Vietnam
CUST016003,Bronze,90.26,True,Vietnam
CUST001330,Bronze,63.98,False,Philippines
CUST008330,Silver,171.03,False,Philippines
CUST008415,Bronze,66.82,False,India
CUST006774,Bronze,82.93,False,Singapore
CUST002640,Bronze,113.82,False,Singapore
CUST012729,Silver,105.38,True,Philippines
CUST004659,Silver,91.74,True,Thailand
CUST005923,Platinum,281.61,True,Philippines
CUST004140,Bronze,80.58,True,Philippines
CUST007806,Bronze,115.64,False,Singapore
CUST001805,Bronze,99.32,True,Singapore
CUST002720,Bronze,149.74,False,Vietnam
CUST003099,Bronze,50.32,False,Singapore
CUST013592,Platinum,412.18,True,Thailand
CUST017071,Platinum,614.79,False,Indonesia
CUST012980,Bronze,36.88,False,Singapore
CUST003672,Bronze,42.41,False,India
CUST005580,Bronze,97.32,False,Indonesia
CUST008645,Bronze,59.41,False,Indonesia
CUST013549,Bronze,52.91,True,Vietnam
CUST007981,Bronze,107.78,False,Philippines
CUST011669,Silver,234.2,False,India
CUST003747,Gold,241.65,True,Philippines
CUST000337,Bronze,50.16,False,India
CUST013234,Bronze,99.18,False,Indonesia
CUST008367,Bronze,98.34,False,Thailand
CUST015549,Silver,178.6,False,Singapore
CUST011217,Gold,354.49,False,India
CUST017758,Gold,325.14,False,Philippines
CUST001475,Bronze,100.01,False,Singapore
CUST017721,Bronze,140.5,False,India
CUST014431,Bronze,180.97,True,Thailand
CUST003917,Gold,259.15,False,Singapore
CUST014645,Silver,153.6,False,Indonesia
CUST015732,Bronze,82.17,False,Philippines
CUST006041,Gold,410.21,False,Thailand
CUST009192,Bronze,138.79,False,India
CUST016452,Bronze,49.15,False,Vietnam
CUST008586,Bronze,59.78,False,Philippines
CUST011295,Bronze,43.79,True,Thailand
CUST015936,Gold,341.39,True,Indonesia
CUST013111,Bronze,64.01,False,Vietnam
CUST013889,Bronze,59.88,False,Indonesia
CUST007130,Platinum,596.28,True,Indonesia
CUST007928,Silver,158.51,False,Vietnam
CUST017627,Silver,141.14,False,Vietnam
CUST000828,Bronze,167.35,False,Indonesia
CUST009405,Gold,495.33,True,Indonesia
CUST007820,Gold,313.67,True,Vietnam
CUST005776,Platinum,523.24,True,Philippines
CUST014781,Bronze,123.06,False,Indonesia
CUST013366,Silver,227.33,True,Indonesia
CUST017835,Bronze,94.8,False,Indonesia
CUST013016,Bronze,50.55,True,Vietnam
CUST001863,Bronze,51.65,False,Thailand
CUST013777,Silver,106.66,True,Indonesia
CUST014885,Bronze,74.38,False,Singapore
CUST003703,Platinum,535.55,True,Thailand
CUST014079,Silver,213.7,False,Thailand
CUST001125,Bronze,113.61,False,Indonesia
CUST011794,Bronze,56.4,False,India
CUST002622,Bronze,133.3,False,Thailand
CUST005194,Gold,351.56,True,Singapore
CUST009294,Bronze,83.38,False,Philippines
CUST012347,Silver,139.56,True,India
CUST014370,Gold,145.26,False,Indonesia
CUST004157,Bronze,108.75,True,Singapore
CUST002118,Gold,394.28,True,Thailand
CUST000673,Bronze,174.09,False,Indonesia
CUST014078,Silver,244.24,False,Vietnam
CUST013030,Bronze,54.97,False,Vietnam
CUST016418,Platinum,516.98,True,India
CUST006603,Bronze,44.34,False,Vietnam
CUST005712,Silver,117.59,False,India
CUST001240,Silver,133.44,False,Vietnam
CUST005995,Silver,248.79,False,Indonesia
CUST010708,Silver,78.43,False,Philippines
CUST005389,Gold,213.33,True,Indonesia
CUST017413,Bronze,62.2,True,Philippines
CUST017353,Bronze,52.04,True,Thailand
CUST015991,Gold,238.49,False,Thailand
CUST001048,Bronze,80.54,False,Philippines
CUST014887,Bronze,54.17,True,India
CUST008075,Silver,184.79,False,Singapore
CUST011549,Bronze,62.27,False,India
CUST016458,Bronze,130.6,True,Philippines
CUST010469,Bronze,41.61,False,Indonesia
CUST015884,Bronze,80.81,False,Indonesia
CUST008035,Platinum,282.48,True,Thailand
CUST011164,Silver,115.07,True,Singapore
CUST009490,Gold,313.07,True,Vietnam
CUST017696,Bronze,150.46,True,Philippines
CUST003822,Platinum,729.89,True,Indonesia
CUST015652,Bronze,84.71,False,Philippines
CUST007280,Silver,236.11,True,Indonesia
CUST007785,Bronze,56.43,False,Thailand
CUST011564,Gold,112.17,False,India
CUST014685,Gold,671.77,False,Thailand
CUST002284,Platinum,717.91,True,Philippines
CUST012494,Bronze,43.84,False,Thailand
CUST008845,Bronze,44.22,True,Philippines
CUST006944,Platinum,248.32,True,Philippines
CUST014213,Bronze,34.32,False,India
CUST011619,Platinum,192.56,True,Thailand
CUST006373,Gold,184.66,True,Philippines
CUST010037,Silver,272.4,True,Thailand
CUST012426,Bronze,70.98,False,Thailand
CUST002869,Bronze,122.53,False,Indonesia
CUST007461,Silver,171.04,True,Singapore
CUST011631,Platinum,283.91,True,Philippines
CUST006949,Platinum,459.48,False,Singapore
CUST003780,Silver,317.13,False,Philippines
CUST014140,Bronze,73.23,True,Philippines
CUST002031,Silver,96.98,False,Indonesia
CUST006926,Platinum,592.85,True,Vietnam
CUST009900,Gold,202.86,True,Thailand
CUST009586,Bronze,67.93,True,Singapore
CUST015556,Bronze,104.86,True,Thailand
CUST002359,Platinum,374.24,False,Singapore
CUST014304,Bronze,108.48,False,Indonesia
CUST017387,Silver,352.46,False,Indonesia
CUST015988,Bronze,158.4,False,Indonesia
CUST004580,Bronze,120.4,True,Philippines
CUST002259,Platinum,843.69,True,Singapore
CUST004785,Bronze,59.61,False,Indonesia
CUST012006,Silver,107.57,True,India
CUST012555,Bronze,107.06,True,Vietnam
CUST015916,Bronze,92.13,False,India
CUST006737,Platinum,369.14,True,Indonesia
CUST001303,Bronze,65.67,False,Vietnam
CUST012187,Silver,182.9,False,India
CUST009801,Bronze,37.64,False,India
CUST002262,Silver,242.43,False,Vietnam
CUST006352,Gold,384.06,False,Indonesia
CUST000470,Silver,176.36,True,Singapore
CUST014605,Bronze,100.29,False,India
CUST002750,Gold,249.7,True,India
CUST003668,Bronze,84.93,False,Indonesia
CUST017267,Platinum,479.14,False,Indonesia
CUST005150,Bronze,183.16,False,Thailand
CUST005256,Bronze,97.35,True,Thailand
CUST013117,Bronze,139.05,True,Vietnam
CUST008910,Platinum,1286.95,False,Vietnam
CUST013726,Platinum,540.44,True,Philippines
CUST009823,Platinum,490.49,True,Thailand
CUST006794,Silver,138.77,True,Thailand
CUST004582,Bronze,40.77,False,Philippines
CUST017582,Silver,237.96,False,Singapore
CUST015699,Silver,128.86,False,Philippines
CUST017436,Bronze,60.95,False,Thailand
CUST015730,Bronze,75.01,False,Thailand
CUST012249,Platinum,519.89,True,Vietnam
CUST010637,Gold,245.43,False,Thailand
CUST007538,Bronze,142.93,False,India
CUST004289,Bronze,211.11,False,Philippines
CUST008621,Silver,211.06,False,Philippines
CUST002672,Bronze,64.49,False,Singapore
CUST009527,Bronze,86.38,False,Philippines
CUST016027,Platinum,496.18,True,Indonesia
CUST017759,Bronze,99.18,False,Thailand
CUST015362,Silver,216.74,False,Indonesia
CUST001671,Gold,152.02,True,Singapore
CUST009605,Gold,154.82,False,Indonesia
CUST007972,Bronze,65.85,False,Vietnam
CUST011277,Silver,108.59,False,Vietnam
CUST012014,Silver,130.19,False,Thailand
CUST004208,Bronze,87.94,False,Vietnam
CUST003833,Bronze,56.1,True,Indonesia
CUST004763,Bronze,124.93,False,Vietnam
CUST014439,Bronze,125.79,False,Indonesia
CUST012829,Platinum,722.25,True,Indonesia
CUST016690,Bronze,135.76,True,Philippines
CUST010767,Gold,305.93,True,India
CUST011334,Bronze,91.19,False,Indonesia
CUST000577,Bronze,73.47,False,Philippines
CUST013767,Bronze,109.02,False,India
CUST000503,Gold,278.7,False,Philippines
CUST001156,Bronze,76.18,False,Indonesia
CUST016276,Silver,275.71,True,Philippines
CUST016132,Bronze,96.74,False,India
CUST000889,Silver,74.92,False,India
CUST014996,Bronze,46.38,False,Indonesia
CUST010965,Bronze,55.19,False,India
CUST004728,Bronze,48.42,False,Thailand
CUST014177,Platinum,370.76,True,Thailand
CUST005121,Bronze,74.67,False,Singapore
CUST010243,Bronze,139.8,True,Thailand
CUST010307,Bronze,82.99,False,Singapore
CUST013897,Silver,230.12,False,Vietnam
CUST014481,Platinum,538.18,True,Vietnam
CUST000572,Gold,311.27,True,Indonesia
CUST001629,Bronze,121.25,False,Philippines
CUST007843,Bronze,113.02,False,Indonesia
CUST007288,Platinum,417.56,True,Singapore
CUST006201,Platinum,201.09,True,Vietnam
CUST010729,Gold,179.85,False,Philippines
CUST016088,Gold,241.93,True,India
CUST000737,Silver,177.17,False,Indonesia
CUST008115,Silver,202.71,False,Indonesia
CUST016669,Silver,170.26,False,India
CUST014718,Silver,140.8,True,Indonesia
CUST016054,Bronze,30.98,False,Thailand
CUST009520,Gold,219.16,True,Thailand
CUST016755,Gold,990.29,True,Vietnam
CUST008087,Gold,389.99,True,Philippines
CUST010576,Silver,102.76,False,Indonesia
CUST003625,Silver,91.58,False,Indonesia
CUST012136,Silver,90.82,True,India
CUST004454,Gold,336.86,True,Vietnam
CUST015658,Silver,86.24,True,Thailand
CUST016588,Bronze,67.82,False,Philippines
CUST016089,Gold,156.2,False,Indonesia
CUST014351,Silver,176.25,False,Philippines
CUST001888,Bronze,65.9,False,Singapore
CUST000989,Bronze,70.02,True,Philippines
CUST001494,Bronze,70.0,False,Vietnam
CUST010068,Bronze,96.4,False,Thailand
CUST002051,Silver,131.08,False,Vietnam
CUST004209,Bronze,77.88,False,Philippines
CUST002408,Bronze,55.29,False,Thailand
CUST002512,Bronze,93.13,False,Thailand
CUST003070,Bronze,69.19,True,India
CUST010408,Platinum,428.66,False,Singapore
CUST004031,Platinum,275.71,True,Vietnam
CUST016805,Silver,183.94,False,Vietnam
CUST013971,Bronze,45.11,True,Vietnam
CUST008785,Silver,232.09,False,Vietnam
CUST005135,Bronze,132.61,False,Indonesia
CUST006323,Silver,118.47,False,Vietnam
CUST001448,Bronze,92.83,False,Indonesia
CUST013440,Gold,319.66,True,Philippines
CUST009508,Bronze,56.17,False,Indonesia
CUST006320,Bronze,58.59,False,Vietnam
CUST013078,Bronze,81.06,False,Thailand
CUST000589,Gold,212.81,True,India
CUST003271,Gold,347.95,True,Thailand
CUST008132,Silver,149.76,False,Singapore
CUST009523,Gold,207.21,True,Philippines
CUST000198,Silver,235.39,True,Vietnam
CUST015996,Silver,159.55,False,Philippines
CUST013460,Bronze,107.05,True,Singapore
CUST007674,Platinum,456.52,True,India
CUST010171,Gold,198.47,True,Philippines
CUST017049,Bronze,54.16,True,Indonesia
CUST002239,Bronze,104.03,False,Singapore
CUST011886,Bronze,59.47,False,Vietnam
CUST015360,Bronze,77.75,False,India
CUST002957,Silver,111.47,False,Indonesia
CUST012225,Platinum,399.67,False,Philippines
CUST013501,Gold,210.72,True,Indonesia
CUST003033,Platinum,446.77,True,India
CUST001153,Platinum,604.39,True,Thailand
CUST005382,Bronze,48.88,False,Thailand
CUST015103,Bronze,132.65,False,India
CUST013943,Bronze,195.7,False,Thailand
CUST001119,Silver,148.41,True,Singapore
CUST014211,Bronze,48.33,False,India
CUST011039,Gold,266.23,True,Indonesia
CUST009257,Silver,219.72,True,Philippines
CUST000369,Silver,127.63,True,Singapore
CUST007884,Bronze,52.17,False,Indonesia
CUST013676,Platinum,253.81,True,Indonesia
CUST015304,Bronze,123.89,False,Thailand
CUST014948,Silver,161.97,True,Vietnam
CUST004525,Bronze,57.17,True,India
CUST010638,Silver,97.06,True,India
CUST011842,Bronze,74.38,False,Singapore
CUST003111,Gold,162.91,True,Thailand
CUST002338,Bronze,145.0,True,Thailand
CUST000424,Silver,177.92,True,Singapore
CUST005988,Bronze,105.36,False,Philippines
CUST006073,Gold,331.09,True,Indonesia
CUST008301,Silver,83.4,False,Thailand
CUST001747,Bronze,75.69,False,India
CUST002385,Platinum,327.87,True,Vietnam
CUST007876,Gold,371.49,True,Indonesia
CUST005738,Bronze,88.3,True,Vietnam
CUST008534,Gold,231.68,False,Vietnam
CUST008425,Bronze,40.7,False,Philippines
CUST000219,Bronze,34.4,True,Philippines
CUST011508,Bronze,105.48,False,Indonesia
CUST010529,Silver,264.94,True,Vietnam
CUST000838,Silver,72.37,False,Vietnam
CUST013308,Silver,174.3,False,India
CUST005257,Gold,135.26,True,Indonesia
CUST011902,Silver,189.95,False,Philippines
CUST014530,Bronze,112.69,False,India
CUST009076,Bronze,145.76,False,Indonesia
CUST012890,Platinum,210.96,True,India
CUST006666,Bronze,60.62,False,India
CUST010010,Silver,195.84,False,Indonesia
CUST006080,Bronze,35.63,False,Indonesia
CUST016510,Gold,521.95,True,Philippines
CUST010213,Silver,210.18,False,Philippines
CUST016488,Gold,280.85,True,Thailand
CUST008922,Bronze,50.38,True,Philippines
CUST010863,Bronze,131.9,False,India
CUST009473,Bronze,54.63,False,Indonesia
CUST012763,Bronze,76.23,True,Vietnam
CUST006909,Platinum,603.67,True,Singapore
CUST010653,Bronze,67.38,False,India
CUST010503,Bronze,68.04,False,Vietnam
CUST008276,Bronze,126.54,False,Vietnam
CUST016830,Gold,365.97,True,Indonesia
CUST017897,Gold,442.5,False,India
CUST010055,Silver,299.37,False,Vietnam
CUST017327,Bronze,64.42,False,India
CUST001966,Platinum,453.95,True,Thailand
CUST007036,Gold,692.96,True,India
CUST008427,Bronze,77.18,False,India
CUST000775,Bronze,167.07,False,Thailand
CUST006732,Silver,126.06,False,Philippines
CUST000413,Gold,300.19,True,Indonesia
CUST005644,Gold,220.43,True,Thailand
CUST000149,Bronze,56.92,False,Indonesia
CUST007394,Silver,126.84,False,Indonesia
CUST002886,Silver,125.58,True,Vietnam
CUST005744,Platinum,476.25,True,Philippines
CUST007015,Platinum,755.14,True,Vietnam
CUST000332,Bronze,101.32,True,Indonesia
CUST006911,Silver,68.76,True,Philippines
CUST007593,Gold,230.64,True,Singapore
CUST003798,Bronze,90.04,False,Philippines
CUST000101,Silver,95.42,False,India
CUST016239,Silver,375.29,True,Philippines
CUST011242,Bronze,134.51,False,Thailand
CUST003324,Silver,119.51,True,Vietnam
CUST009394,Silver,122.42,True,Philippines
CUST015207,Bronze,66.88,False,Philippines
CUST010782,Bronze,37.19,False,Singapore
CUST009739,Gold,226.06,False,Thailand
CUST013354,Gold,297.3,False,Indonesia
CUST003934,Silver,158.28,False,Vietnam
CUST015467,Silver,88.55,True,Thailand
CUST010916,Silver,55.15,False,India
CUST002681,Silver,93.95,False,Thailand
CUST007135,Gold,133.26,True,Vietnam
CUST017202,Bronze,70.68,True,Thailand
CUST016661,Platinum,373.21,False,Thailand
CUST015805,Platinum,439.76,True,India
CUST005586,Silver,139.52,False,Philippines
CUST012386,Platinum,512.72,True,Philippines
CUST012526,Gold,288.77,True,Indonesia
CUST004392,Platinum,857.34,True,Singapore
CUST014485,Silver,184.98,False,Thailand
CUST017811,Bronze,67.83,False,Indonesia
CUST017335,Gold,243.44,True,Indonesia
CUST005753,Bronze,43.47,True,Vietnam
CUST001339,Platinum,411.78,True,Thailand
CUST017073,Bronze,64.18,False,Indonesia
CUST007541,Bronze,84.17,True,Thailand
CUST011863,Bronze,99.08,False,Vietnam
CUST016943,Silver,172.88,True,Indonesia
CUST017743,Bronze,51.44,False,India
CUST013350,Silver,116.87,False,Indonesia
CUST016346,Gold,149.75,False,Thailand
CUST001288,Bronze,105.03,False,Vietnam
CUST009820,Bronze,109.08,True,Thailand
CUST010480,Silver,126.0,False,Philippines
CUST005816,Bronze,70.73,False,Thailand
CUST013352,Bronze,156.92,False,India
CUST000022,Bronze,69.05,True,Singapore
CUST009272,Silver,82.58,False,Thailand
CUST004807,Platinum,566.16,True,Thailand
CUST008963,Bronze,118.72,False,Vietnam
CUST013133,Silver,115.26,True,India
CUST014499,Platinum,487.88,True,Philippines
CUST006028,Silver,126.89,True,Philippines
CUST016326,Gold,274.76,True,Indonesia
CUST015946,Silver,85.38,False,Vietnam
CUST009871,Bronze,40.05,False,Vietnam
CUST013145,Gold,137.77,True,Indonesia
CUST009240,Bronze,66.48,False,Philippines
CUST016655,Gold,428.9,True,Thailand
CUST014540,Bronze,182.97,True,Vietnam
CUST010665,Bronze,59.16,False,Indonesia
CUST009187,Bronze,70.46,True,Singapore
CUST016890,Silver,126.15,True,Singapore
CUST013127,Bronze,69.68,False,Thailand
CUST008400,Gold,249.68,False,Singapore
CUST011542,Bronze,45.48,True,India
CUST006860,Silver,175.32,False,Thailand
CUST017346,Bronze,69.71,False,Thailand
CUST016383,Silver,236.25,True,Vietnam
CUST007875,Gold,442.35,True,India
CUST011752,Silver,117.96,True,Thailand
CUST005269,Bronze,74.82,False,Thailand
CUST016270,Platinum,774.52,True,India
CUST001775,Bronze,72.47,False,Indonesia
CUST009412,Bronze,62.79,False,Philippines
CUST014041,Bronze,56.09,True,Thailand
CUST010389,Gold,242.91,True,Singapore
CUST001442,Silver,146.75,False,India
CUST005669,Bronze,78.63,True,Indonesia
CUST007298,Silver,341.71,False,India
CUST006910,Bronze,82.61,False,Thailand
CUST016631,Silver,84.61,False,India
CUST015357,Silver,91.58,False,Vietnam
CUST011278,Silver,151.12,False,Vietnam
CUST002430,Gold,349.72,True,Vietnam
CUST012967,Bronze,115.16,False,India
CUST000875,Silver,162.63,True,Thailand
CUST009990,Silver,293.42,False,Thailand
CUST006863,Bronze,118.71,False,Vietnam
CUST000268,Silver,108.95,False,Indonesia
CUST005875,Bronze,137.65,False,Singapore
CUST004476,Bronze,82.31,False,Indonesia
CUST005932,Silver,116.66,False,Thailand
CUST004776,Bronze,80.91,False,Philippines
CUST016119,Bronze,161.7,True,Philippines
CUST005360,Platinum,724.87,True,Philippines
CUST010332,Gold,300.76,True,Indonesia
CUST016568,Silver,116.23,False,Thailand
CUST009922,Bronze,41.97,True,Singapore
CUST004506,Bronze,108.88,True,Thailand
CUST009557,Bronze,83.46,True,Singapore
CUST009175,Silver,85.6,True,Philippines
CUST000166,Silver,135.65,False,India
CUST009986,Bronze,139.48,True,Philippines
CUST007594,Bronze,33.06,False,India
CUST007771,Platinum,1195.72,True,Vietnam
CUST003119,Bronze,62.97,False,Philippines
CUST002526,Bronze,130.48,False,Thailand
CUST001829,Bronze,112.0,True,Indonesia
CUST008855,Bronze,67.72,False,Indonesia
CUST002089,Bronze,135.66,True,Philippines
CUST000267,Silver,98.87,False,Indonesia
CUST009946,Gold,218.64,True,Thailand
CUST015759,Bronze,119.56,False,India
CUST003472,Silver,165.92,False,Thailand
CUST007071,Silver,218.69,False,India
CUST007724,Silver,111.27,False,Philippines
CUST014761,Silver,109.87,True,Singapore
CUST000454,Gold,311.48,True,Thailand
CUST009592,Gold,285.25,True,Indonesia
CUST013015,Bronze,55.02,False,Vietnam
CUST003718,Platinum,549.79,True,Indonesia
CUST000598,Silver,150.16,False,Indonesia
CUST008267,Bronze,77.96,False,Indonesia
CUST005703,Bronze,58.96,False,Indonesia
CUST011532,Bronze,83.67,True,Thailand
CUST017738,Bronze,38.18,False,Indonesia
CUST012919,Bronze,37.82,False,Singapore
CUST000650,Bronze,41.03,False,Thailand
CUST015924,Bronze,30.02,False,Singapore
CUST013392,Silver,112.57,True,Vietnam
CUST012902,Silver,80.92,True,Philippines
CUST005227,Gold,389.57,True,Vietnam
CUST008629,Gold,391.66,True,Vietnam
CUST004299,Bronze,56.81,False,Philippines
CUST008886,Silver,210.29,False,India
CUST012710,Platinum,789.94,True,Indonesia
CUST002667,Bronze,55.19,False,Singapore
CUST017886,Bronze,108.51,False,Vietnam
CUST008121,Bronze,70.35,True,Thailand
CUST004466,Gold,168.88,True,Singapore
CUST002422,Bronze,70.15,False,Philippines
CUST017334,Silver,182.54,True,Thailand
CUST006759,Bronze,73.07,False,Thailand
CUST004846,Silver,128.76,False,Philippines
CUST007250,Silver,129.84,False,Singapore
CUST002885,Platinum,577.26,True,Thailand
CUST006931,Bronze,111.33,False,India
CUST004610,Bronze,75.83,True,Thailand
CUST012678,Gold,178.12,True,Singapore
CUST013304,Gold,225.58,False,Vietnam
CUST015878,Bronze,47.99,False,Singapore
CUST000319,Bronze,42.44,False,India
CUST011814,Silver,149.76,False,Thailand
CUST001768,Bronze,68.61,False,Philippines
CUST009457,Bronze,32.61,False,Vietnam
CUST012880,Platinum,447.22,True,Thailand
CUST007141,Silver,89.9,False,Thailand
CUST011869,Silver,159.41,True,Indonesia
CUST009545,Silver,120.49,False,Thailand
CUST017769,Bronze,48.95,False,Indonesia
CUST015714,Silver,105.9,True,Indonesia
CUST010304,Silver,136.39,True,India
CUST008561,Bronze,184.17,True,Philippines
CUST017037,Bronze,34.01,True,Indonesia
CUST003015,Bronze,151.12,False,India
CUST015689,Bronze,33.68,False,Singapore
CUST013052,Silver,135.23,False,Singapore
CUST005954,Gold,431.71,False,Thailand
CUST005265,Silver,96.37,False,India
CUST000736,Silver,180.5,False,Indonesia
CUST012135,Bronze,49.03,True,Singapore
CUST005222,Platinum,423.87,True,Indonesia
CUST013852,Bronze,96.33,False,Vietnam
CUST002979,Bronze,51.95,False,Vietnam
CUST004171,Silver,140.05,True,Philippines
CUST002561,Bronze,75.25,False,India
CUST004520,Platinum,399.09,False,Thailand
CUST005313,Bronze,111.58,True,India
CUST014969,Bronze,63.46,True,Singapore
CUST008017,Silver,140.98,False,India
CUST008453,Silver,303.88,False,Philippines
CUST016896,Bronze,104.42,False,Philippines
CUST004267,Bronze,54.6,False,Indonesia
CUST002825,Bronze,112.11,False,Singapore
CUST005220,Bronze,68.96,True,India
CUST004927,Silver,137.28,True,India
CUST003433,Silver,249.92,False,Indonesia
CUST009247,Gold,393.56,True,Thailand
CUST009304,Bronze,90.24,False,Singapore
CUST002615,Gold,412.27,True,Indonesia
CUST007347,Bronze,61.86,False,Thailand
CUST010299,Bronze,80.36,False,Philippines
CUST002994,Bronze,90.18,False,Philippines
CUST004778,Silver,234.39,False,Indonesia
CUST001873,Bronze,80.99,False,Singapore
CUST015044,Bronze,44.28,False,Philippines
CUST016507,Gold,249.63,True,Thailand
CUST013364,Platinum,545.5,False,Philippines
CUST004713,Bronze,33.98,False,Vietnam
CUST007721,Bronze,76.3,False,Vietnam
CUST015538,Bronze,55.65,False,Thailand
CUST013021,Platinum,451.22,True,Indonesia
CUST011836,Gold,241.98,True,Singapore
CUST009036,Silver,97.26,False,Vietnam
CUST016336,Bronze,33.26,False,Thailand
CUST001002,Gold,328.32,False,Singapore
CUST007691,Gold,175.73,False,Philippines
CUST010882,Silver,305.87,True,India
CUST013855,Bronze,45.43,True,Philippines
CUST016809,Bronze,97.27,False,Thailand
CUST014190,Bronze,51.64,False,Thailand
CUST005477,Silver,157.2,True,Vietnam
CUST009070,Bronze,62.72,True,Singapore
CUST013640,Silver,144.09,True,Indonesia
CUST008540,Bronze,55.69,False,Thailand
CUST011236,Bronze,51.35,True,Thailand
CUST010443,Bronze,76.21,False,Vietnam
CUST011327,Gold,511.04,True,India
CUST001806,Bronze,122.9,False,Thailand
CUST017527,Platinum,699.96,False,Vietnam
CUST006868,Silver,80.24,True,Indonesia
CUST002538,Bronze,109.41,False,Vietnam
CUST005778,Bronze,50.29,False,Singapore
CUST007854,Gold,217.49,True,Thailand
CUST012817,Bronze,101.3,False,India
CUST009750,Gold,245.38,True,Singapore
CUST008777,Silver,170.27,False,India
CUST011196,Gold,488.52,True,Singapore
CUST011202,Bronze,80.42,False,India
CUST017532,Bronze,80.9,False,Philippines
CUST006350,Bronze,102.78,False,Singapore
CUST017174,Bronze,72.56,False,Thailand
CUST005321,Bronze,59.74,False,Indonesia
CUST010860,Bronze,76.66,False,Thailand
CUST015594,Silver,215.43,False,Indonesia
CUST000132,Bronze,49.28,False,Thailand
CUST001324,Bronze,57.87,True,Indonesia
CUST008955,Silver,194.86,True,Vietnam
CUST014064,Silver,275.13,False,Philippines
CUST012583,Silver,155.98,True,Singapore
CUST012760,Silver,142.92,True,Thailand
CUST016480,Silver,127.09,False,Indonesia
CUST005226,Bronze,166.06,False,Thailand
CUST010996,Silver,102.41,True,Singapore
CUST014823,Gold,138.46,True,Vietnam
CUST016101,Bronze,74.43,False,Thailand
CUST012067,Silver,130.02,False,India
CUST012548,Bronze,46.75,False,Singapore
CUST014253,Gold,230.82,True,Thailand
CUST014016,Silver,194.09,False,Thailand
CUST013329,Bronze,131.99,False,India
CUST017364,Silver,149.93,True,Singapore
CUST014955,Bronze,69.2,False,Philippines
CUST014197,Bronze,110.93,False,Thailand
CUST010083,Bronze,129.12,False,Thailand
CUST003532,Bronze,53.84,False,Thailand
CUST015269,Platinum,440.63,True,Thailand
CUST015888,Bronze,129.22,False,Indonesia
CUST001397,Gold,224.1,True,Thailand
CUST013221,Bronze,58.3,False,Philippines
CUST015569,Gold,144.48,True,Vietnam
CUST014857,Silver,89.67,True,Vietnam
CUST011117,Bronze,129.61,False,India
CUST000295,Bronze,149.87,False,Philippines
CUST006531,Bronze,117.48,False,Philippines
CUST002188,Silver,117.49,False,Singapore
CUST006280,Gold,284.4,True,India
CUST015947,Silver,132.75,True,Singapore
CUST010494,Bronze,88.41,True,Philippines
CUST001529,Silver,108.8,True,Thailand
CUST009728,Silver,158.31,False,Thailand
CUST017813,Platinum,498.2,True,Philippines
CUST007063,Bronze,108.29,False,Thailand
CUST011666,Gold,471.85,False,Indonesia
CUST007319,Platinum,993.22,True,Indonesia
CUST010590,Bronze,83.52,False,Philippines
CUST007543,Bronze,130.94,False,Singapore
CUST015113,Bronze,80.91,True,Vietnam
CUST003308,Silver,261.91,True,Thailand
CUST005965,Bronze,50.03,True,Thailand
CUST015115,Silver,219.5,True,Indonesia
CUST013984,Silver,102.07,True,Indonesia
CUST001183,Silver,274.72,False,Thailand
CUST001078,Silver,232.16,True,Singapore
CUST010404,Bronze,92.33,False,India
CUST015932,Silver,121.26,True,Philippines
CUST001053,Bronze,72.56,False,India
CUST011685,Silver,106.37,True,Thailand
CUST004815,Silver,203.59,True,Philippines
CUST000126,Platinum,233.53,True,Singapore
CUST004071,Gold,510.87,True,Vietnam
CUST017232,Silver,80.39,False,Philippines
CUST000066,Silver,72.32,True,Philippines
CUST002036,Bronze,107.36,False,Singapore
CUST007210,Silver,202.05,False,India
CUST010696,Bronze,86.65,False,Singapore
CUST016172,Bronze,67.27,True,Thailand
CUST001535,Platinum,717.23,False,India
CUST006874,Gold,575.85,True,Vietnam
CUST012459,Platinum,278.12,False,Singapore
CUST016742,Silver,56.64,False,India
CUST017979,Bronze,84.46,False,India
CUST003429,Bronze,104.53,False,India
CUST003930,Bronze,88.62,False,Thailand
CUST001133,Bronze,44.35,False,Philippines
CUST012189,Bronze,55.57,True,India
CUST001379,Platinum,766.32,True,Philippines
CUST015378,Platinum,682.44,True,Indonesia
CUST013652,Gold,459.57,False,Philippines
CUST007610,Silver,146.41,True,India
CUST010225,Bronze,131.21,False,India
CUST014219,Gold,485.48,True,Indonesia
CUST005152,Bronze,40.06,False,Indonesia
CUST000278,Platinum,819.55,True,Singapore
CUST013901,Bronze,53.96,False,Singapore
CUST012999,Bronze,47.74,False,Thailand
CUST007507,Silver,130.13,True,Thailand
CUST007555,Bronze,63.16,True,India
CUST014880,Silver,123.31,False,Singapore
CUST016190,Bronze,105.09,False,India
CUST006625,Bronze,78.35,False,India
CUST014957,Silver,201.84,True,Singapore
CUST004245,Bronze,67.87,False,Philippines
CUST016352,Gold,231.68,True,Vietnam
CUST010038,Silver,96.92,False,Singapore
CUST017539,Bronze,86.38,False,Indonesia
CUST000383,Bronze,45.01,True,Indonesia
CUST006881,Bronze,49.29,False,Thailand
CUST012789,Bronze,76.96,True,Indonesia
CUST012085,Platinum,269.7,True,Thailand
CUST009084,Silver,154.99,False,Thailand
CUST010130,Gold,373.11,True,Indonesia
CUST013735,Bronze,128.05,True,Thailand
CUST007720,Gold,618.62,False,India
CUST013220,Bronze,92.41,False,Indonesia
CUST014194,Bronze,78.06,False,Vietnam
CUST003365,Bronze,49.82,False,Vietnam
CUST005878,Gold,224.39,True,Vietnam
CUST009092,Bronze,39.78,False,India
CUST001842,Bronze,37.4,False,Philippines
CUST005914,Silver,73.76,False,Philippines
CUST012972,Bronze,85.75,False,Indonesia
CUST003410,Bronze,94.49,True,India
CUST001843,Bronze,65.37,False,Vietnam
CUST000896,Silver,163.94,False,India
CUST003339,Bronze,66.71,False,Vietnam
CUST013954,Platinum,658.46,True,Indonesia
CUST012452,Bronze,80.54,False,Vietnam
CUST009183,Silver,352.21,False,India
CUST015477,Bronze,86.54,False,Indonesia
CUST017120,Gold,471.84,False,Vietnam
CUST008842,Bronze,65.06,False,Thailand
CUST009338,Silver,245.66,False,Philippines
CUST013850,Bronze,129.43,False,Indonesia
CUST007307,Silver,163.51,False,Philippines
CUST007169,Bronze,102.64,False,India
CUST001525,Bronze,71.75,False,Indonesia
CUST006561,Bronze,79.22,True,Thailand
CUST010561,Gold,179.17,False,Indonesia
CUST009524,Bronze,42.35,False,Singapore
CUST010223,Silver,113.88,False,Singapore
CUST002349,Bronze,33.08,False,Thailand
CUST013324,Gold,191.14,True,Thailand
CUST016045,Gold,293.58,False,India
CUST006040,Bronze,68.48,False,Singapore
CUST005458,Silver,104.67,False,Philippines
CUST017435,Bronze,120.33,False,India
CUST008920,Platinum,340.7,True,Philippines
CUST007949,Bronze,110.6,True,Indonesia
CUST009476,Bronze,132.61,False,Thailand
CUST014952,Platinum,573.64,True,Philippines
CUST000195,Bronze,121.03,True,Vietnam
CUST008933,Silver,235.01,True,India
CUST006954,Bronze,95.89,False,India
CUST014267,Silver,117.86,True,Philippines
CUST017980,Platinum,377.87,False,Indonesia
CUST017399,Silver,150.07,False,Philippines
CUST010672,Gold,159.69,False,India
CUST017757,Gold,316.17,False,Indonesia
CUST002786,Gold,319.88,False,India
CUST004301,Silver,136.73,True,Thailand
CUST004416,Bronze,61.55,True,Indonesia
CUST013445,Bronze,46.09,False,Indonesia
CUST013069,Silver,225.13,True,Indonesia
CUST012995,Gold,573.73,True,India
CUST009282,Silver,182.64,False,Philippines
CUST016056,Bronze,144.88,False,Thailand
CUST009323,Gold,327.27,True,Philippines
CUST005546,Bronze,102.18,False,India
CUST009039,Platinum,630.57,True,Philippines
CUST014238,Bronze,70.28,False,India
CUST015486,Silver,221.15,False,Thailand
CUST003548,Bronze,167.1,True,India
CUST003421,Gold,269.03,False,Singapore
CUST016654,Bronze,63.5,True,Philippines
CUST002619,Gold,197.48,True,Singapore
CUST002587,Bronze,63.22,True,Philippines
CUST009575,Bronze,133.94,True,Singapore
CUST008527,Platinum,569.55,True,Indonesia
CUST013416,Platinum,507.72,False,Philippines
CUST000143,Bronze,92.79,False,Vietnam
CUST010879,Bronze,86.22,True,Philippines
CUST016684,Platinum,803.01,False,Philippines
CUST010049,Bronze,94.99,False,Vietnam
CUST009261,Bronze,183.66,True,Singapore
CUST016721,Gold,386.14,False,Philippines
CUST004694,Bronze,53.67,True,India
CUST009057,Gold,186.7,True,Thailand
CUST002218,Platinum,424.58,True,Indonesia
CUST010062,Gold,152.82,True,Thailand
CUST016354,Bronze,88.6,False,Indonesia
CUST001361,Bronze,51.72,True,Vietnam
CUST006571,Silver,111.5,False,Indonesia
CUST017006,Bronze,86.06,False,Thailand
CUST009425,Bronze,85.8,True,Indonesia
CUST009236,Gold,346.45,True,Indonesia
CUST006344,Bronze,100.49,False,Indonesia
CUST011434,Bronze,162.47,False,India
CUST006173,Bronze,57.49,False,Indonesia
CUST008544,Bronze,54.82,False,Philippines
CUST008281,Bronze,75.36,False,Singapore
CUST001508,Silver,149.96,False,India
CUST000678,Bronze,77.27,True,Vietnam
CUST010711,Bronze,120.76,True,Singapore
CUST005557,Silver,370.16,False,Philippines
CUST012295,Silver,199.98,False,India
CUST013669,Bronze,77.53,False,Singapore
CUST008101,Bronze,69.85,False,Vietnam
CUST014310,Bronze,114.28,False,Indonesia
CUST002662,Silver,275.73,False,Indonesia
CUST003909,Bronze,111.51,False,Thailand
CUST004447,Bronze,53.2,False,Philippines
CUST012425,Bronze,54.36,False,Indonesia
CUST011818,Bronze,146.48,True,Philippines
CUST014765,Platinum,467.68,True,Thailand
CUST007679,Bronze,79.64,False,Thailand
CUST015908,Silver,166.24,True,Indonesia
CUST017481,Silver,125.42,False,India
CUST004806,Silver,171.57,False,Indonesia
CUST005128,Silver,190.42,True,Singapore
CUST013987,Gold,348.75,True,Vietnam
CUST002344,Silver,100.57,True,Indonesia
CUST017225,Bronze,162.17,False,Indonesia
CUST011809,Bronze,29.62,False,Philippines
CUST000141,Silver,270.11,False,Thailand
CUST003199,Platinum,1390.85,True,Indonesia
CUST013044,Gold,318.74,False,Indonesia
CUST002405,Bronze,82.52,True,Thailand
CUST011378,Bronze,80.65,False,Vietnam
CUST000798,Silver,90.14,False,Vietnam
CUST008315,Bronze,39.34,True,Singapore
CUST014908,Bronze,104.53,True,Singapore
CUST008676,Bronze,104.53,False,Philippines
CUST016753,Gold,168.16,True,Thailand
CUST012573,Bronze,105.26,False,Indonesia
CUST003071,Gold,339.53,False,India
CUST008938,Bronze,104.89,False,Indonesia
CUST011050,Bronze,137.3,True,India
CUST017642,Silver,158.94,True,Vietnam
CUST013429,Bronze,82.25,False,Vietnam
CUST000535,Bronze,64.03,False,India
CUST005154,Silver,349.47,True,Vietnam
CUST008471,Bronze,89.5,True,India
CUST010710,Bronze,75.65,False,Thailand
CUST016735,Silver,190.54,False,Indonesia
CUST009876,Silver,167.08,True,Indonesia
CUST010630,Silver,78.64,True,Singapore
CUST009363,Bronze,116.34,True,Indonesia
CUST015633,Bronze,41.59,False,Vietnam
CUST005013,Gold,395.01,True,Vietnam
CUST001765,Gold,231.29,False,Indonesia
CUST013851,Gold,188.73,True,Thailand
CUST014071,Bronze,90.09,False,Thailand
CUST009223,Bronze,75.21,False,Philippines
CUST008447,Silver,79.14,True,Singapore
CUST016359,Silver,95.64,False,Indonesia
CUST010402,Silver,132.0,False,Thailand
CUST008864,Silver,143.7,True,Singapore
CUST015309,Gold,220.27,True,Thailand
CUST014124,Bronze,54.76,False,India
CUST003704,Silver,220.36,False,Vietnam
CUST008015,Gold,209.38,True,Indonesia
CUST006412,Silver,148.77,True,Thailand
CUST004032,Silver,186.77,True,Indonesia
CUST005459,Bronze,136.24,False,India
CUST012423,Bronze,156.7,False,Thailand
CUST008590,Bronze,130.01,False,Thailand
CUST010231,Bronze,56.05,False,Thailand
CUST006856,Bronze,70.17,False,Philippines
CUST017107,Bronze,116.34,True,Singapore
CUST014157,Bronze,50.54,False,Thailand
CUST012675,Gold,234.91,False,Thailand
CUST015809,Bronze,109.88,True,Indonesia
CUST002343,Bronze,67.77,True,Vietnam
CUST009983,Gold,438.03,False,Vietnam
CUST015275,Silver,123.76,False,Thailand
CUST013163,Bronze,59.09,True,Vietnam
CUST015071,Silver,77.46,False,India
CUST013191,Gold,411.66,True,Indonesia
CUST010420,Bronze,89.73,False,Indonesia
CUST005929,Silver,192.62,True,Indonesia
CUST015904,Bronze,74.53,False,Vietnam
CUST004858,Bronze,165.68,False,Thailand
CUST009800,Bronze,79.53,False,Vietnam
CUST017266,Bronze,55.17,False,Indonesia
CUST002331,Bronze,135.54,False,Thailand
CUST009159,Bronze,67.37,False,Vietnam
CUST016706,Bronze,83.75,False,Thailand
CUST001074,Silver,176.16,True,Thailand
CUST015844,Bronze,69.89,False,Indonesia
CUST009226,Gold,648.21,True,Philippines
CUST013456,Bronze,41.73,False,India
CUST008577,Platinum,560.44,True,Indonesia
CUST017707,Bronze,64.5,False,Thailand
CUST008041,Bronze,121.32,False,Thailand
CUST012936,Bronze,67.18,False,Thailand
CUST010567,Silver,200.08,False,Vietnam
CUST015570,Bronze,69.7,False,Thailand
CUST012831,Bronze,112.09,False,Thailand
CUST001524,Bronze,116.98,True,Thailand
CUST013804,Silver,102.55,False,Philippines
CUST003088,Gold,508.1,True,Vietnam
CUST001790,Bronze,75.54,False,Thailand
CUST011714,Platinum,602.06,False,Singapore
CUST001019,Bronze,61.32,True,Singapore
CUST012613,Silver,192.53,True,Philippines
CUST016595,Bronze,69.52,True,Thailand
CUST005996,Gold,408.86,True,Thailand
CUST002677,Bronze,49.12,True,Indonesia
CUST015919,Bronze,53.17,False,Singapore
CUST002463,Silver,244.57,True,Thailand
CUST007690,Platinum,716.95,True,Thailand
CUST017091,Bronze,78.87,False,Singapore
CUST014134,Bronze,88.15,False,Vietnam
CUST015415,Bronze,104.29,False,Philippines
CUST003796,Silver,73.09,True,Vietnam
CUST005337,Bronze,118.76,True,Thailand
CUST015173,Silver,197.12,True,India
CUST016349,Gold,283.24,True,Singapore
CUST011119,Bronze,103.06,False,Vietnam
CUST005267,Gold,232.96,True,Thailand
CUST003424,Silver,53.44,False,Singapore
CUST004578,Bronze,54.38,True,Indonesia
CUST008490,Bronze,109.27,False,Thailand
CUST014154,Platinum,416.11,True,Thailand
CUST012881,Silver,82.89,False,Philippines
CUST017291,Bronze,76.26,False,Philippines
CUST016142,Bronze,102.29,True,Singapore
CUST013453,Silver,146.63,False,Indonesia
CUST013190,Gold,114.2,False,Vietnam
CUST006564,Gold,345.59,True,Thailand
CUST004441,Bronze,88.84,False,Singapore
CUST003208,Gold,236.87,True,Singapore
CUST002028,Bronze,120.47,True,Philippines
CUST009852,Bronze,106.23,False,Thailand
CUST003597,Bronze,87.92,False,Thailand
CUST005774,Silver,127.97,True,Thailand
CUST010441,Bronze,106.59,False,Thailand
CUST006206,Bronze,79.97,True,Vietnam
CUST001118,Silver,345.08,True,Vietnam
CUST000542,Silver,210.4,False,Singapore
CUST017314,Platinum,490.02,True,Singapore
CUST001201,Bronze,109.73,False,Philippines
CUST011683,Platinum,425.16,True,Vietnam
CUST014014,Silver,102.45,False,Indonesia
CUST003611,Bronze,90.59,False,Singapore
CUST013591,Bronze,36.58,False,Indonesia
CUST000843,Bronze,90.22,False,Thailand
CUST011612,Silver,98.85,False,Thailand
CUST011552,Silver,172.87,False,Philippines
CUST002909,Bronze,87.58,False,Philippines
CUST001295,Bronze,126.46,False,Vietnam
CUST017574,Bronze,64.1,False,Thailand
CUST004845,Bronze,99.9,True,Thailand
CUST016150,Gold,264.49,False,Vietnam
CUST011891,Silver,194.64,False,Vietnam
CUST003362,Silver,79.17,False,Indonesia
CUST005530,Bronze,86.12,True,Thailand
CUST014610,Bronze,34.41,False,Vietnam
CUST016697,Silver,145.03,False,Thailand
CUST008167,Silver,99.45,False,Vietnam
CUST005921,Silver,146.12,False,Philippines
CUST000972,Silver,147.5,False,India
CUST007705,Silver,280.82,True,Vietnam
CUST006600,Bronze,140.91,False,Philippines
CUST007975,Silver,128.8,True,Thailand
CUST012557,Bronze,98.96,False,Indonesia
CUST002679,Platinum,484.65,True,Singapore
CUST000857,Bronze,187.94,False,India
CUST013602,Bronze,86.83,True,India
CUST003494,Silver,88.45,False,Philippines
CUST006288,Silver,207.43,True,Philippines
CUST001716,Bronze,58.36,False,India
CUST012155,Silver,147.81,False,Vietnam
CUST008913,Bronze,55.5,True,Indonesia
CUST001278,Bronze,108.52,False,Thailand
CUST015030,Silver,126.35,False,Philippines
CUST017697,Bronze,70.32,False,Thailand
CUST000768,Bronze,53.94,False,India
CUST014796,Bronze,59.43,False,Indonesia
CUST000516,Bronze,86.46,False,Indonesia
CUST005912,Silver,123.14,True,Philippines
CUST017117,Silver,137.34,True,Philippines
CUST004867,Bronze,88.3,True,Vietnam
CUST010699,Bronze,68.6,False,India
CUST005505,Platinum,435.66,True,Philippines
CUST008847,Silver,121.7,True,India
CUST000037,Bronze,130.19,False,Indonesia
CUST016441,Silver,101.54,False,Indonesia
CUST016467,Silver,178.84,True,Philippines
CUST015142,Bronze,89.56,False,Singapore
CUST017135,Bronze,82.64,False,Vietnam
CUST011399,Silver,162.18,False,Thailand
CUST003388,Silver,103.49,False,Vietnam
CUST000196,Gold,296.42,False,Vietnam
CUST015498,Silver,175.18,False,Philippines
CUST011548,Bronze,89.13,True,Thailand
CUST004926,Silver,134.53,False,India
CUST012601,Bronze,60.9,False,India
CUST017722,Silver,241.5,False,Thailand
CUST010504,Bronze,45.92,False,Singapore
CUST010851,Bronze,115.84,False,India
CUST000384,Bronze,38.18,False,Vietnam
CUST011044,Bronze,150.15,False,Thailand
CUST008532,Bronze,33.83,False,Philippines
CUST010549,Bronze,101.63,True,Singapore
CUST010930,Silver,148.83,False,Philippines
CUST002537,Gold,158.9,True,Indonesia
CUST013609,Platinum,779.56,True,Thailand
CUST008333,Gold,391.95,False,Thailand
CUST004054,Gold,357.54,True,India
CUST005081,Bronze,47.19,False,Thailand
CUST017656,Bronze,58.8,False,Philippines
CUST009948,Bronze,30.31,False,India
CUST005296,Silver,154.03,True,Philippines
CUST014858,Silver,116.93,False,Indonesia
CUST005258,Bronze,38.31,False,Indonesia
CUST007211,Bronze,201.07,False,India
CUST015963,Platinum,742.68,False,Thailand
CUST007770,Bronze,81.06,True,Thailand
CUST006923,Bronze,72.9,False,Philippines
CUST009401,Bronze,107.31,False,Vietnam
CUST009600,Bronze,72.1,True,Indonesia
CUST011797,Bronze,62.77,False,Thailand
CUST012463,Silver,111.08,False,Vietnam
CUST016897,Silver,179.12,True,Thailand
CUST015096,Silver,130.53,False,Philippines
CUST011486,Bronze,70.14,False,Singapore
CUST009602,Gold,249.14,True,Thailand
CUST010754,Bronze,47.03,False,Indonesia
CUST005000,Bronze,93.94,False,India
CUST016786,Platinum,221.84,True,Thailand
CUST010644,Platinum,319.99,True,Indonesia
CUST009799,Silver,220.24,True,Vietnam
CUST014993,Silver,118.92,False,Singapore
CUST007131,Bronze,73.03,False,Indonesia
CUST010884,Bronze,75.53,True,Philippines
CUST012971,Silver,80.22,False,Indonesia
CUST005193,Gold,482.15,True,Singapore
CUST017594,Bronze,63.58,False,Philippines
CUST003773,Bronze,192.97,True,Indonesia
CUST002744,Silver,279.13,True,Indonesia
CUST002597,Silver,201.33,True,Indonesia
CUST006331,Bronze,78.0,True,India
CUST016474,Silver,89.71,True,Indonesia
CUST010497,Platinum,928.74,True,Indonesia
CUST013252,Bronze,105.67,False,Indonesia
CUST007303,Bronze,110.59,True,Philippines
CUST001602,Gold,227.39,True,Indonesia
CUST013857,Silver,198.96,True,Thailand
CUST008070,Silver,71.25,False,Thailand
CUST001429,Bronze,115.39,False,Singapore
CUST004048,Silver,163.71,False,India
CUST012434,Silver,123.08,True,Indonesia
CUST006391,Platinum,332.16,True,India
CUST004335,Bronze,54.0,False,Philippines
CUST005543,Bronze,55.28,False,Vietnam
CUST014263,Silver,120.3,False,Indonesia
CUST017478,Silver,179.14,False,Singapore
CUST017247,Gold,350.64,True,Thailand
CUST009172,Bronze,68.5,False,Vietnam
CUST010804,Silver,155.59,False,India
CUST009769,Silver,207.02,False,Singapore
CUST015583,Bronze,134.74,False,Thailand
CUST000019,Silver,136.97,False,Indonesia
CUST005838,Silver,197.74,False,Vietnam
CUST016787,Gold,580.52,False,Thailand
CUST014746,Gold,282.51,True,Philippines
CUST010043,Silver,67.0,True,Singapore
CUST012866,Bronze,133.89,False,Thailand
CUST017256,Bronze,99.88,False,Indonesia
CUST009944,Bronze,47.98,False,Thailand
CUST009608,Gold,219.71,True,Indonesia
CUST007003,Bronze,86.54,False,Philippines
CUST012352,Gold,148.74,False,India
CUST010063,Silver,88.36,True,Vietnam
CUST003076,Gold,539.3,True,Philippines
CUST011377,Bronze,106.88,False,Vietnam
CUST006959,Silver,172.27,False,Thailand
CUST005478,Bronze,89.72,True,Indonesia
CUST000308,Bronze,45.16,True,Philippines
CUST000207,Bronze,84.81,False,Vietnam
CUST016008,Bronze,93.82,False,Vietnam
CUST013812,Bronze,86.85,False,Vietnam
CUST004230,Gold,253.36,True,India
CUST002223,Bronze,108.82,False,Singapore
CUST004860,Bronze,94.26,False,Thailand
CUST006643,Platinum,316.44,True,Indonesia
CUST013473,Gold,560.84,True,Vietnam
CUST009277,Bronze,105.36,False,Philippines
CUST015725,Gold,246.83,True,Vietnam
CUST015976,Bronze,59.99,False,Indonesia
CUST014787,Gold,154.65,False,Philippines
CUST017475,Silver,215.57,False,Singapore
CUST008705,Bronze,76.2,False,Vietnam
CUST006018,Bronze,134.08,False,Vietnam
CUST016717,Silver,140.8,True,Vietnam
CUST006733,Platinum,1119.24,True,Singapore
CUST011342,Bronze,57.45,False,Thailand
CUST017612,Bronze,220.11,False,Thailand
CUST000124,Bronze,183.06,False,India
CUST001147,Gold,233.27,False,Philippines
CUST006245,Bronze,59.47,False,Thailand
CUST016461,Silver,135.68,False,Vietnam
CUST010255,Bronze,106.3,False,India
CUST009645,Silver,215.61,False,Singapore
CUST016722,Silver,93.33,False,Philippines
CUST011090,Gold,313.76,False,Indonesia
CUST011710,Silver,91.5,True,Indonesia
CUST008337,Bronze,73.28,False,Vietnam
CUST015559,Bronze,57.21,True,Indonesia
CUST008692,Gold,248.35,True,Philippines
CUST001217,Bronze,68.71,False,Thailand
CUST009424,Bronze,75.47,True,Vietnam
CUST003396,Gold,230.8,True,India
CUST002490,Bronze,125.34,False,Vietnam
CUST002138,Bronze,39.34,False,Singapore
CUST006421,Bronze,117.36,False,Thailand
CUST006434,Bronze,125.76,False,Indonesia
CUST002492,Bronze,122.2,True,India
CUST011374,Bronze,144.82,False,Vietnam
CUST002731,Bronze,87.56,False,Indonesia
CUST007828,Bronze,100.88,False,Thailand
CUST001532,Bronze,110.98,False,India
CUST015457,Silver,151.73,False,India
CUST002730,Bronze,57.8,True,Indonesia
CUST012444,Platinum,486.88,True,Indonesia
CUST001229,Silver,242.68,False,Indonesia
CUST002820,Bronze,130.44,False,Thailand
CUST014186,Platinum,629.52,True,Singapore
CUST003280,Bronze,37.38,False,Vietnam
CUST004750,Bronze,78.68,False,Vietnam
CUST007453,Bronze,70.23,False,Indonesia
CUST014354,Bronze,70.18,False,India
CUST015614,Platinum,483.75,True,Thailand
CUST014352,Gold,298.82,False,Indonesia
CUST009685,Bronze,100.7,False,Thailand
CUST010237,Silver,128.17,False,Vietnam
CUST009506,Bronze,165.28,False,Indonesia
CUST006826,Silver,232.93,False,Singapore
CUST009038,Silver,174.41,False,Singapore
CUST002811,Bronze,61.55,False,Vietnam
CUST001521,Bronze,43.08,True,Thailand
CUST016024,Bronze,68.07,False,Thailand
CUST005476,Bronze,70.28,False,Thailand
CUST017243,Bronze,58.58,False,Thailand
CUST014118,Bronze,40.6,False,Indonesia
CUST009427,Bronze,64.06,False,Philippines
CUST003201,Bronze,99.04,True,Thailand
CUST016427,Silver,194.74,True,Thailand
CUST003138,Bronze,91.89,False,Thailand
CUST001059,Bronze,68.06,True,Indonesia
CUST001973,Bronze,94.52,False,India
CUST003480,Bronze,68.01,False,Thailand
CUST014412,Bronze,91.56,False,Indonesia
CUST000512,Gold,386.76,True,Vietnam
CUST003278,Gold,286.25,False,Philippines
CUST006203,Bronze,93.03,True,Thailand
CUST014191,Bronze,86.65,True,Thailand
CUST017344,Platinum,710.26,True,Indonesia
CUST005883,Silver,180.17,False,India
CUST014774,Bronze,82.74,True,Vietnam
CUST008751,Platinum,1142.49,True,India
CUST009535,Silver,126.17,True,Singapore
CUST010732,Bronze,69.9,False,Thailand
CUST016331,Bronze,97.65,False,Singapore
CUST004496,Bronze,161.1,False,Thailand
CUST011516,Silver,161.85,True,Vietnam
CUST010112,Bronze,67.65,False,India
CUST015289,Platinum,660.6,True,Thailand
CUST009292,Bronze,82.17,True,Thailand
CUST007244,Silver,127.03,True,India
CUST000917,Bronze,84.39,False,Singapore
CUST000491,Silver,127.94,True,Thailand
CUST007727,Bronze,121.97,True,India
CUST015463,Gold,224.43,False,Philippines
CUST011415,Bronze,65.08,False,Vietnam
CUST012520,Silver,139.66,False,Singapore
CUST014859,Silver,119.63,True,Thailand
CUST001964,Bronze,32.05,False,Vietnam
CUST012744,Bronze,144.84,False,Singapore
CUST013345,Silver,159.52,True,Thailand
CUST000799,Bronze,56.29,False,Thailand
CUST017965,Silver,105.04,True,Thailand
CUST016271,Bronze,68.77,False,Thailand
CUST010915,Bronze,61.39,False,Philippines
CUST007424,Silver,229.07,False,Thailand
CUST013738,Platinum,443.63,True,Vietnam
CUST005619,Bronze,60.79,True,India
CUST015343,Platinum,699.37,True,Thailand
CUST015475,Bronze,54.19,True,Indonesia
CUST013936,Silver,173.12,True,Indonesia
CUST011259,Silver,119.61,False,India
CUST012470,Bronze,47.92,True,India
CUST005137,Silver,161.43,False,Thailand
CUST008361,Bronze,38.73,False,Thailand
CUST010537,Bronze,102.23,True,Vietnam
CUST015441,Bronze,96.52,True,Philippines
CUST016941,Bronze,91.79,False,Singapore
CUST012328,Bronze,106.27,True,Thailand
CUST000791,Gold,194.86,False,Philippines
CUST011885,Bronze,78.81,False,Indonesia
CUST009910,Bronze,71.67,False,Vietnam
CUST007938,Bronze,110.68,False,Thailand
CUST008106,Gold,235.4,False,Singapore
CUST016254,Gold,334.75,True,Philippines
CUST007734,Silver,183.24,True,India
CUST002480,Bronze,100.28,True,Vietnam
CUST012336,Bronze,136.32,False,India
CUST000788,Bronze,67.01,False,India
CUST011325,Bronze,75.69,True,Indonesia
CUST000403,Gold,273.58,True,Thailand
CUST011343,Silver,213.53,True,India
CUST009662,Gold,142.99,True,Vietnam
CUST004279,Bronze,70.41,False,Thailand
CUST017149,Silver,153.1,False,Singapore
CUST015104,Bronze,68.7,False,Singapore
CUST003212,Silver,129.29,True,Indonesia
CUST006747,Bronze,128.82,True,India
CUST017493,Bronze,65.42,False,India
CUST003848,Bronze,50.5,True,Singapore
CUST013604,Bronze,87.26,True,Vietnam
CUST012214,Bronze,119.52,False,India
CUST007514,Bronze,74.88,False,India
CUST005856,Bronze,75.83,True,India
CUST005583,Bronze,72.84,False,Singapore
CUST001304,Bronze,62.15,False,India
CUST008587,Bronze,103.45,True,Philippines
CUST012732,Silver,180.59,False,India
CUST009358,Platinum,674.99,True,Singapore
CUST003185,Bronze,71.05,False,Singapore
CUST006443,Bronze,54.13,False,Vietnam
CUST005468,Gold,198.05,False,Thailand
CUST011586,Bronze,110.61,False,Thailand
CUST010785,Gold,272.56,False,Thailand
CUST015532,Bronze,137.05,True,Singapore
CUST009798,Bronze,73.97,False,Thailand
CUST013491,Bronze,130.6,False,Vietnam
CUST007767,Bronze,68.49,False,Thailand
CUST014612,Silver,163.49,True,Thailand
CUST003025,Bronze,89.78,True,India
CUST011187,Gold,589.43,True,Indonesia
CUST002844,Bronze,39.11,False,Thailand
CUST015303,Silver,123.02,True,Philippines
CUST016393,Bronze,107.65,False,Indonesia
CUST003619,Gold,180.93,True,India
CUST013538,Bronze,104.53,True,Vietnam
CUST014881,Gold,206.18,True,Philippines
CUST009186,Bronze,55.6,False,India
CUST010269,Gold,380.16,True,Thailand
CUST000033,Gold,708.75,True,India
CUST005186,Bronze,67.8,False,Vietnam
CUST013930,Gold,121.71,True,Thailand
CUST006072,Silver,103.55,False,Philippines
CUST010539,Platinum,306.33,True,Singapore
CUST003175,Bronze,74.54,False,Singapore
CUST017254,Bronze,76.0,False,Singapore
CUST012152,Bronze,46.65,False,India
CUST005655,Silver,232.34,False,Vietnam
CUST006360,Silver,137.08,True,Singapore
CUST014843,Platinum,553.34,True,Singapore
CUST015598,Bronze,69.8,False,Indonesia
CUST012599,Gold,195.16,True,Indonesia
CUST008246,Silver,242.8,False,Thailand
CUST012687,Silver,113.23,True,Philippines
CUST007196,Bronze,80.88,False,India
CUST013508,Bronze,82.15,False,Indonesia
CUST017740,Bronze,64.44,False,Indonesia
CUST013381,Platinum,417.17,True,Thailand
CUST004907,Silver,163.61,True,Vietnam
CUST006770,Silver,155.5,True,India
CUST016103,Silver,127.55,False,Indonesia
CUST009454,Platinum,415.4,True,Indonesia
CUST006616,Bronze,87.24,False,Singapore
CUST009430,Bronze,86.43,False,Indonesia
CUST001746,Bronze,53.67,False,Vietnam
CUST002913,Silver,93.62,False,Philippines
CUST016880,Bronze,37.75,False,Indonesia
CUST012997,Gold,235.66,True,Singapore
CUST003341,Bronze,128.73,True,Vietnam
CUST006100,Silver,180.47,False,India
CUST015277,Silver,88.53,False,Philippines
CUST006844,Silver,465.25,True,Indonesia
CUST017186,Bronze,112.97,False,India
CUST009691,Gold,292.19,True,Indonesia
CUST006059,Bronze,73.26,False,India
CUST003926,Bronze,150.25,False,India
CUST009967,Bronze,77.23,False,Vietnam
CUST004547,Silver,324.05,False,Indonesia
CUST001817,Bronze,74.77,False,Philippines
CUST009867,Silver,230.46,True,India
CUST002083,Silver,130.53,False,Philippines
CUST017324,Platinum,528.38,True,Vietnam
CUST006491,Bronze,75.58,False,Thailand
CUST005336,Silver,155.01,False,Indonesia
CUST002568,Bronze,67.49,False,India
CUST003793,Bronze,93.51,True,Indonesia
CUST017592,Gold,404.52,True,Singapore
CUST013979,Bronze,144.74,False,Vietnam
CUST016164,Gold,342.93,True,Philippines
CUST006211,Bronze,134.37,False,Vietnam
CUST015975,Gold,413.94,True,Indonesia
CUST008053,Bronze,69.19,True,Singapore
CUST011737,Silver,69.37,False,Indonesia
CUST007473,Gold,189.93,True,India
CUST006271,Bronze,109.15,False,India
CUST005879,Bronze,90.76,False,Thailand
CUST014324,Platinum,377.69,True,Indonesia
CUST017214,Bronze,64.06,False,India
CUST012752,Gold,208.82,True,India
CUST007953,Bronze,55.91,False,Philippines
CUST016573,Silver,220.13,True,Thailand
CUST003736,Silver,236.47,True,Vietnam
CUST007266,Gold,243.78,True,Vietnam
CUST012076,Silver,114.34,True,Indonesia
CUST012413,Platinum,520.51,False,Singapore
CUST008989,Silver,243.12,False,Thailand
CUST004485,Bronze,84.57,True,India
CUST015279,Bronze,74.32,False,Indonesia
CUST002321,Silver,101.37,True,Vietnam
CUST013337,Bronze,83.37,False,Vietnam
CUST017131,Gold,411.26,False,Thailand
CUST000002,Bronze,51.89,False,Philippines
CUST009403,Bronze,137.73,False,Indonesia
CUST014031,Platinum,527.56,True,Indonesia
CUST009746,Bronze,104.69,True,Indonesia
CUST001750,Bronze,130.26,False,Vietnam
CUST002847,Gold,266.33,False,Indonesia
CUST013727,Gold,249.85,False,Philippines
CUST010203,Platinum,586.91,True,Vietnam
CUST008738,Silver,107.08,True,Philippines
CUST013532,Gold,211.05,False,Indonesia
CUST002967,Silver,128.26,False,India
CUST007497,Silver,172.74,False,Vietnam
CUST005769,Silver,232.31,False,Vietnam
CUST012486,Platinum,481.02,True,Thailand
CUST000759,Silver,124.53,False,India
CUST016204,Bronze,100.51,True,Thailand
CUST005431,Bronze,51.65,False,Thailand
CUST017459,Gold,367.99,False,Indonesia
CUST010246,Bronze,114.36,False,Thailand
CUST012346,Bronze,99.58,False,Indonesia
CUST009636,Platinum,547.38,True,India
CUST017733,Bronze,47.81,False,Philippines
CUST006374,Silver,193.69,False,Philippines
CUST009228,Gold,808.28,True,Philippines
CUST011011,Bronze,101.61,True,Vietnam
CUST013418,Bronze,69.9,False,Vietnam
CUST002065,Silver,253.32,False,Vietnam
CUST007167,Silver,148.87,True,Indonesia
CUST006326,Gold,272.34,True,India
CUST005758,Silver,254.47,True,Philippines
CUST002557,Bronze,85.1,False,Vietnam
CUST007749,Platinum,549.64,True,Philippines
CUST017685,Bronze,58.66,False,Vietnam
CUST009569,Silver,235.48,True,Indonesia
CUST003194,Platinum,366.98,True,Singapore
CUST012283,Silver,173.06,False,India
CUST012873,Bronze,88.3,False,Singapore
CUST005636,Bronze,74.29,False,India
CUST009749,Platinum,593.11,True,Singapore
CUST004965,Bronze,112.34,False,India
CUST012592,Bronze,50.84,False,India
CUST002265,Bronze,124.88,False,Indonesia
CUST012848,Gold,139.41,True,Indonesia
CUST012372,Bronze,140.55,False,Philippines
CUST006872,Silver,198.7,True,Thailand
CUST011610,Bronze,116.31,False,Vietnam
CUST011895,Gold,637.0,True,Thailand
CUST016649,Gold,161.1,False,Philippines
CUST016918,Gold,352.96,False,Indonesia
CUST010107,Bronze,61.53,False,Singapore
CUST014258,Bronze,94.75,False,Vietnam
CUST017953,Platinum,475.39,True,Vietnam
CUST008036,Gold,447.27,True,Philippines
CUST010419,Gold,251.58,True,Vietnam
CUST013540,Bronze,64.88,False,Indonesia
CUST009423,Bronze,92.98,False,Vietnam
CUST008794,Gold,178.6,True,Vietnam
CUST003670,Bronze,74.84,True,Thailand
CUST001786,Bronze,42.84,False,Indonesia
CUST013005,Bronze,134.65,False,India
CUST008224,Bronze,37.24,False,Thailand
CUST005817,Bronze,33.69,False,Indonesia
CUST004283,Bronze,55.88,False,India
CUST002382,Bronze,52.64,False,Singapore
CUST002421,Bronze,77.96,False,India
CUST013158,Platinum,453.13,True,India
CUST014170,Silver,188.98,False,India
CUST006979,Silver,122.13,False,Vietnam
CUST002326,Bronze,51.92,True,Thailand
CUST001626,Bronze,58.01,True,Singapore
CUST016887,Bronze,81.86,False,Vietnam
CUST016090,Bronze,89.71,False,Thailand
CUST012203,Silver,208.44,True,Philippines
CUST007198,Bronze,49.16,True,Philippines
CUST017054,Bronze,63.33,False,Thailand
CUST010528,Gold,114.86,False,Thailand
CUST007856,Bronze,104.86,False,Indonesia
CUST015625,Bronze,57.68,False,Singapore
CUST017418,Bronze,90.14,False,Indonesia
CUST006114,Gold,432.35,True,Thailand
CUST012794,Bronze,90.44,False,Vietnam
CUST015371,Bronze,171.97,False,India
CUST010718,Bronze,207.38,True,India
CUST001640,Gold,353.21,False,Singapore
CUST008294,Bronze,52.84,False,Vietnam
CUST009578,Gold,173.99,False,Philippines
CUST006167,Gold,333.14,False,India
CUST014673,Bronze,65.26,False,Thailand
CUST001221,Gold,321.73,False,India
CUST000028,Bronze,109.86,True,Indonesia
CUST000323,Bronze,96.83,False,Philippines
CUST013212,Bronze,54.41,False,Thailand
CUST016928,Gold,293.03,True,Philippines
CUST011235,Silver,106.67,True,Vietnam
CUST010204,Silver,111.44,True,Vietnam
CUST011304,Bronze,96.54,False,India
CUST012094,Gold,249.15,False,Indonesia
CUST017087,Platinum,476.25,True,Thailand
CUST012234,Silver,134.51,True,Thailand
CUST007367,Gold,257.01,True,Thailand
CUST016774,Silver,192.44,False,India
CUST017125,Bronze,106.86,False,India
CUST015228,Platinum,442.84,True,Vietnam
CUST005579,Silver,108.97,False,Philippines
CUST014484,Bronze,130.64,False,Indonesia
CUST000388,Bronze,54.5,False,Vietnam
CUST015329,Bronze,112.11,True,Thailand
CUST001788,Bronze,79.45,True,Thailand
CUST012314,Platinum,677.35,True,Singapore
CUST010917,Platinum,576.21,True,Singapore
CUST000216,Silver,140.94,False,Philippines
CUST005205,Silver,148.8,False,Philippines
CUST009916,Silver,125.64,False,Thailand
CUST015128,Silver,325.56,False,Thailand
CUST015481,Silver,136.3,False,Philippines
CUST012635,Bronze,70.55,False,Philippines
CUST001852,Silver,121.79,True,Philippines
CUST001660,Bronze,51.99,False,India
CUST016387,Silver,129.48,False,India
CUST007047,Silver,126.29,True,Vietnam
CUST002516,Bronze,174.48,False,Vietnam
CUST005795,Bronze,83.65,False,Thailand
CUST008730,Silver,113.38,True,Thailand
CUST008157,Bronze,82.1,False,India
CUST000894,Bronze,122.66,False,India
CUST002715,Bronze,54.82,False,Philippines
CUST012872,Silver,76.57,True,Thailand
CUST000923,Bronze,67.64,False,Philippines
CUST011052,Bronze,48.83,True,Singapore
CUST002997,Gold,233.34,False,Vietnam
CUST005670,Bronze,46.21,False,Indonesia
CUST006962,Gold,160.09,True,Vietnam
CUST003438,Bronze,44.64,False,Singapore
CUST009168,Bronze,62.39,False,Philippines
CUST003903,Silver,143.95,True,Indonesia
CUST011087,Platinum,657.78,True,Thailand
CUST012785,Bronze,70.77,False,India
CUST013823,Platinum,755.34,False,Thailand
CUST014342,Silver,143.2,True,Vietnam
CUST005457,Silver,156.58,False,Indonesia
CUST000599,Bronze,163.39,False,Vietnam
CUST001142,Silver,54.29,False,Indonesia
CUST007126,Gold,245.77,True,Indonesia
CUST004670,Silver,285.46,True,Thailand
CUST002897,Silver,112.0,False,Vietnam
CUST005550,Silver,130.9,False,Indonesia
CUST003646,Bronze,103.04,False,Indonesia
CUST000546,Bronze,44.94,False,India
CUST000877,Silver,150.67,True,Indonesia
CUST015803,Bronze,96.94,True,Thailand
CUST015967,Silver,140.79,False,Philippines
CUST015485,Gold,289.22,False,India
CUST006853,Bronze,132.13,False,Philippines
CUST009230,Platinum,488.63,True,Indonesia
CUST011160,Silver,123.09,False,Indonesia
CUST014061,Platinum,765.75,True,Vietnam
CUST006083,Gold,242.77,True,Vietnam
CUST007774,Bronze,94.57,False,Thailand
CUST004206,Bronze,47.95,False,Philippines
CUST011839,Platinum,757.91,True,Philippines
CUST009673,Bronze,150.57,False,Vietnam
CUST000109,Platinum,379.81,True,Vietnam
CUST000400,Silver,156.45,False,Indonesia
CUST011396,Bronze,109.53,False,India
CUST017008,Silver,130.4,False,Thailand
CUST002240,Platinum,509.11,True,Vietnam
CUST012469,Silver,170.93,False,Vietnam
CUST010566,Bronze,74.07,False,India
CUST005895,Bronze,139.77,False,India
CUST014299,Bronze,78.74,True,Indonesia
CUST007239,Silver,139.92,False,Vietnam
CUST005159,Bronze,51.47,False,India
CUST001423,Bronze,184.07,False,Thailand
CUST013809,Bronze,85.69,False,Vietnam
CUST005099,Bronze,46.47,False,India
CUST011930,Bronze,80.13,False,Indonesia
CUST003145,Gold,548.6,True,Singapore
CUST002520,Gold,622.3,True,India
CUST011128,Platinum,547.99,True,Thailand
CUST016287,Silver,275.51,True,Philippines
CUST007113,Bronze,56.41,False,Singapore
CUST008059,Silver,132.43,False,Philippines
CUST008600,Bronze,161.16,True,Vietnam
CUST005516,Platinum,231.7,True,India
CUST015421,Gold,299.33,False,Singapore
CUST004512,Silver,151.69,False,Indonesia
CUST008618,Bronze,119.4,False,Indonesia
CUST006831,Silver,130.69,False,Thailand
CUST017134,Bronze,56.44,False,Singapore
CUST012059,Gold,496.71,True,India
CUST011922,Gold,200.09,True,India
CUST012741,Platinum,296.13,True,Vietnam
CUST017251,Platinum,187.15,True,Thailand
CUST014736,Bronze,95.83,False,Indonesia
CUST011417,Silver,101.35,False,Indonesia
CUST003719,Bronze,152.86,False,Thailand
CUST014927,Bronze,134.52,True,Indonesia
CUST012588,Bronze,44.63,False,Thailand
CUST000849,Silver,78.03,True,Indonesia
CUST004632,Gold,97.58,True,Indonesia
CUST002527,Platinum,412.5,True,Singapore
CUST011696,Bronze,95.28,False,India
CUST001196,Gold,397.12,True,Thailand
CUST008748,Silver,109.06,True,Philippines
CUST004862,Bronze,65.35,True,Singapore
CUST000746,Silver,141.87,False,India
CUST001146,Gold,214.85,True,India
CUST015520,Bronze,136.44,False,Philippines
CUST014991,Platinum,374.5,True,Thailand
CUST008961,Bronze,67.35,False,Singapore
CUST016815,Bronze,68.71,False,Indonesia
CUST005545,Gold,579.54,True,Thailand
CUST012683,Bronze,46.37,False,Indonesia
CUST014577,Platinum,561.38,True,Philippines
CUST001350,Platinum,345.15,True,Philippines
CUST012477,Gold,368.8,True,Indonesia
CUST005021,Bronze,49.19,False,Philippines
CUST016200,Platinum,507.82,True,Vietnam
CUST006337,Silver,184.79,False,Philippines
CUST001696,Bronze,60.27,False,Vietnam
CUST017427,Bronze,62.77,False,Indonesia
CUST014269,Bronze,92.47,False,India
CUST001639,Silver,118.03,False,Philippines
CUST006549,Bronze,127.04,False,Thailand
CUST012819,Bronze,81.0,False,Singapore
CUST012233,Bronze,152.45,False,Indonesia
CUST014222,Silver,157.46,True,Philippines
CUST007107,Gold,294.3,True,Indonesia
CUST011504,Bronze,60.97,False,Vietnam
CUST006162,Platinum,241.47,True,Philippines
CUST013378,Bronze,71.95,False,Thailand
CUST004162,Platinum,265.68,True,Thailand
CUST009379,Bronze,72.21,False,Thailand
CUST014460,Bronze,87.22,False,Indonesia
CUST011775,Bronze,82.91,False,India
CUST017270,Gold,199.32,False,Vietnam
CUST000984,Silver,440.4,True,Thailand
CUST013164,Gold,342.95,False,Indonesia
CUST002396,Silver,101.14,True,Vietnam
CUST007173,Bronze,93.86,True,India
CUST002626,Platinum,456.03,True,Indonesia
CUST017801,Bronze,38.61,False,Singapore
CUST014935,Gold,241.12,True,Singapore
CUST009892,Bronze,79.02,False,Indonesia
CUST005300,Silver,133.11,False,Vietnam
CUST013176,Gold,356.85,True,Vietnam
CUST011170,Gold,247.97,False,India
CUST013883,Bronze,67.81,False,Philippines
CUST010853,Bronze,63.98,True,Indonesia
CUST008374,Bronze,61.61,False,Indonesia
CUST000165,Bronze,60.3,False,Vietnam
CUST003409,Bronze,142.06,False,Vietnam
CUST014381,Bronze,104.3,False,Vietnam
CUST000203,Silver,124.97,False,Thailand
CUST005614,Silver,230.45,True,Vietnam
CUST006899,Bronze,80.64,True,India
CUST017774,Bronze,63.56,True,Vietnam
CUST014446,Gold,361.85,True,Thailand
CUST016036,Gold,260.02,False,Indonesia
CUST012095,Silver,145.76,False,Philippines
CUST017431,Bronze,88.19,False,Philippines
CUST002069,Gold,187.88,False,Vietnam
CUST004196,Silver,160.51,False,Vietnam
CUST005787,Bronze,32.9,True,Indonesia
CUST005723,Bronze,123.52,False,Thailand
CUST000717,Silver,220.07,False,Indonesia
CUST006118,Silver,149.82,False,Indonesia
CUST016822,Silver,192.22,True,Thailand
CUST001283,Platinum,301.65,True,Philippines
CUST009841,Platinum,804.18,True,Indonesia
CUST009233,Bronze,93.75,False,Indonesia
CUST006474,Silver,89.81,False,Vietnam
CUST013071,Silver,285.61,True,Indonesia
CUST005014,Bronze,153.34,True,India
CUST003702,Gold,198.05,True,Indonesia
CUST006026,Bronze,168.85,False,India
CUST017170,Bronze,116.67,False,India
CUST012481,Platinum,428.67,True,Philippines
CUST004129,Platinum,260.0,False,Thailand
CUST000259,Bronze,85.93,False,Thailand
CUST011761,Bronze,174.71,False,Indonesia
CUST008130,Silver,276.45,True,Philippines
CUST001234,Gold,137.31,False,Indonesia
CUST004799,Platinum,346.47,True,Indonesia
CUST001247,Silver,117.97,True,Singapore
CUST007241,Bronze,76.85,False,Thailand
CUST016272,Bronze,67.2,False,Indonesia
CUST007912,Bronze,70.71,False,Indonesia
CUST002366,Silver,150.29,False,Singapore
CUST004349,Platinum,618.75,True,Thailand
CUST007033,Platinum,411.88,True,Thailand
CUST003847,Bronze,154.44,False,Vietnam
CUST008734,Platinum,418.68,True,Thailand
CUST014050,Bronze,82.22,True,Vietnam
CUST005682,Bronze,58.82,False,Indonesia
CUST003649,Bronze,82.71,False,Vietnam
CUST005773,Silver,118.2,True,Singapore
CUST008054,Bronze,79.58,False,Indonesia
CUST014725,Platinum,416.41,True,Vietnam
CUST016162,Platinum,248.49,True,Singapore
CUST001911,Bronze,54.8,False,Philippines
CUST014695,Bronze,48.81,True,Thailand
CUST004076,Bronze,71.87,False,Indonesia
CUST001091,Bronze,104.95,False,Thailand
CUST008803,Bronze,55.07,False,Indonesia
CUST011055,Bronze,96.76,True,Thailand
CUST016552,Platinum,612.69,True,Indonesia
CUST002558,Bronze,60.47,True,Indonesia
CUST010390,Silver,192.8,True,India
CUST016238,Bronze,143.96,False,Thailand
CUST016925,Gold,297.0,False,Philippines
CUST011025,Bronze,103.77,False,Thailand
CUST011062,Gold,194.5,True,India
CUST000562,Silver,103.98,False,Singapore
CUST005285,Silver,149.47,False,Indonesia
CUST002600,Silver,122.01,True,Indonesia
CUST001195,Silver,54.81,True,India
CUST000806,Silver,210.24,True,Vietnam
CUST006480,Platinum,646.47,True,Indonesia
CUST001963,Bronze,52.71,True,India
CUST007562,Bronze,50.45,False,Vietnam
CUST013744,Gold,668.36,True,Philippines
CUST014679,Bronze,50.39,False,Philippines
CUST017012,Bronze,70.99,False,Vietnam
CUST006475,Bronze,68.02,False,Thailand
CUST007372,Gold,313.73,True,Vietnam
CUST012237,Platinum,641.43,True,Thailand
CUST008869,Silver,178.55,False,Thailand
CUST012795,Silver,168.02,False,India
CUST013627,Bronze,47.52,False,India
CUST017984,Bronze,126.54,True,Thailand
CUST014864,Platinum,446.09,True,Singapore
CUST006349,Bronze,77.43,True,Philippines
CUST001710,Silver,159.64,False,Indonesia
CUST004748,Bronze,93.75,False,Thailand
CUST015836,Bronze,58.45,False,Philippines
CUST010335,Bronze,84.51,False,Philippines
CUST003179,Gold,211.71,True,Thailand
CUST002698,Bronze,78.77,True,Vietnam
CUST001515,Silver,160.16,False,Thailand
CUST011475,Bronze,73.01,False,Thailand
CUST009325,Silver,90.37,False,Vietnam
CUST012294,Silver,273.73,True,Thailand
CUST001924,Bronze,136.02,False,Thailand
CUST016672,Silver,142.94,True,Thailand
CUST006279,Bronze,107.48,True,Indonesia
CUST004557,Bronze,69.64,False,Singapore
CUST012970,Silver,60.54,True,Philippines
CUST014634,Bronze,51.84,True,Thailand
CUST003825,Bronze,68.72,False,Indonesia
CUST002316,Platinum,408.79,True,Singapore
CUST015036,Gold,340.44,False,Philippines
CUST000625,Bronze,52.04,False,Indonesia
CUST005998,Bronze,100.36,True,Thailand
CUST012775,Bronze,176.86,False,Philippines
CUST010039,Bronze,108.99,False,Thailand
CUST011742,Bronze,41.84,False,India
CUST015226,Platinum,319.68,True,India
CUST002671,Bronze,68.64,False,Vietnam
CUST016907,Bronze,128.51,False,Philippines
CUST017875,Bronze,100.6,False,Vietnam
CUST012542,Bronze,78.95,False,Singapore
CUST006940,Bronze,74.51,False,Vietnam
CUST003541,Platinum,290.52,False,Thailand
CUST003506,Bronze,80.34,False,Vietnam
CUST008219,Gold,242.09,False,Thailand
CUST003021,Gold,88.11,False,Indonesia
CUST007794,Bronze,40.34,False,Indonesia
CUST003095,Gold,272.64,False,Vietnam
CUST007436,Silver,102.09,True,Indonesia
CUST017530,Silver,248.13,True,Thailand
CUST010786,Silver,320.18,True,Thailand
CUST012912,Bronze,112.61,False,Thailand
CUST002686,Bronze,42.67,False,Vietnam
CUST002054,Bronze,133.0,True,Singapore
CUST003759,Bronze,71.81,False,India
CUST015126,Platinum,187.15,True,Indonesia
CUST016952,Bronze,79.31,False,Vietnam
CUST002193,Silver,155.71,False,Singapore
CUST002949,Bronze,56.35,True,Indonesia
CUST008852,Silver,262.68,True,Indonesia
CUST000610,Gold,445.11,False,Vietnam
CUST008515,Silver,63.99,False,Indonesia
CUST007557,Bronze,142.29,True,Thailand
CUST009696,Platinum,584.96,True,Thailand
CUST006993,Bronze,77.32,False,Vietnam
CUST013084,Platinum,674.91,True,Thailand
CUST010618,Bronze,92.12,False,India
CUST009391,Bronze,69.17,False,India
CUST014825,Silver,210.18,False,Philippines
CUST005119,Gold,249.49,True,Indonesia
CUST015872,Bronze,49.83,True,Indonesia
CUST010788,Platinum,426.55,True,Vietnam
CUST001548,Bronze,96.89,False,India
CUST017471,Bronze,92.85,False,Thailand
CUST017821,Platinum,452.02,True,Philippines
CUST008051,Gold,333.11,True,India
CUST009887,Bronze,58.79,False,Indonesia
CUST002360,Gold,367.83,True,Singapore
CUST015723,Bronze,77.64,False,Indonesia
CUST006892,Bronze,47.97,False,Thailand
CUST007447,Bronze,56.6,False,Thailand
CUST010925,Bronze,93.78,False,Vietnam
CUST017010,Platinum,700.74,False,Singapore
CUST002353,Silver,94.15,False,Singapore
CUST006219,Silver,461.92,False,Thailand
CUST016796,Bronze,197.72,False,Vietnam
CUST008478,Platinum,873.33,True,Philippines
CUST008906,Bronze,79.41,False,Vietnam
CUST007118,Platinum,207.54,True,Philippines
CUST014524,Bronze,99.47,False,Thailand
CUST004256,Bronze,59.19,False,India
CUST005668,Gold,343.51,True,Indonesia
CUST005792,Bronze,96.7,False,Thailand
CUST014502,Silver,221.93,False,Vietnam
CUST003856,Platinum,730.73,True,Thailand
CUST008147,Gold,208.15,True,Singapore
CUST015508,Bronze,73.09,True,Indonesia
CUST008607,Bronze,152.91,False,Thailand
CUST000913,Gold,234.43,False,Vietnam
CUST006642,Silver,172.43,True,Thailand
CUST017869,Gold,175.67,False,Thailand
CUST000594,Silver,116.58,True,India
CUST015763,Bronze,59.94,False,India
CUST017792,Platinum,337.58,True,India
CUST008503,Platinum,244.82,False,Thailand
CUST015271,Bronze,45.19,False,India
CUST011823,Silver,165.88,True,India
CUST014966,Platinum,1059.04,True,Indonesia
CUST011401,Bronze,63.1,False,Philippines
CUST010787,Gold,141.15,False,Philippines
CUST015062,Platinum,211.53,True,Indonesia
CUST014852,Bronze,58.09,False,Vietnam
CUST001812,Silver,158.8,True,Indonesia
CUST002266,Silver,207.42,False,Singapore
CUST011414,Bronze,61.54,False,Thailand
CUST002889,Bronze,100.59,False,India
CUST006837,Bronze,68.02,False,Vietnam
CUST013893,Bronze,63.42,False,Vietnam
CUST005896,Gold,254.07,False,India
CUST016841,Bronze,46.46,False,Vietnam
CUST003292,Bronze,51.68,False,Indonesia
CUST013962,Silver,67.38,True,Indonesia
CUST001956,Silver,320.62,True,Indonesia
CUST003857,Bronze,246.15,False,Thailand
CUST007769,Bronze,54.02,True,India
CUST010776,Bronze,84.22,False,Indonesia
CUST008431,Silver,208.01,False,Thailand
CUST006716,Bronze,29.95,False,Singapore
CUST001542,Bronze,109.31,False,Thailand
CUST017127,Platinum,315.78,True,Indonesia
CUST015152,Gold,398.69,True,Indonesia
CUST016503,Bronze,71.71,False,Philippines
CUST012015,Silver,83.07,False,Indonesia
CUST016791,Gold,200.48,True,Philippines
CUST007217,Bronze,125.58,False,Singapore
CUST007920,Bronze,142.65,False,Vietnam
CUST005264,Silver,91.48,False,Thailand
CUST003442,Silver,140.64,False,Thailand
CUST010811,Bronze,104.56,False,Vietnam
CUST010676,Silver,95.11,False,Thailand
CUST012073,Bronze,37.21,True,Indonesia
CUST015760,Gold,395.98,True,Indonesia
CUST001536,Bronze,76.21,True,Indonesia
CUST005377,Bronze,78.52,False,Philippines
CUST002611,Bronze,65.51,True,Indonesia
CUST004154,Bronze,80.6,False,Indonesia
CUST015100,Gold,249.47,True,Philippines
CUST008507,Silver,161.19,False,Thailand
CUST012591,Silver,155.26,False,Indonesia
CUST017732,Bronze,49.2,True,Vietnam
CUST000905,Bronze,75.99,True,Indonesia
CUST011344,Gold,304.32,False,Vietnam
CUST003289,Bronze,78.55,False,Indonesia
CUST006246,Gold,263.26,True,Thailand
CUST009633,Gold,279.85,True,Indonesia
CUST008136,Bronze,59.83,False,Thailand
CUST008721,Gold,218.52,True,India
CUST003150,Bronze,68.03,False,Thailand
CUST005378,Gold,344.65,True,India
CUST014123,Bronze,67.32,False,Thailand
CUST013493,Bronze,84.39,False,Vietnam
CUST013119,Bronze,66.73,False,Indonesia
CUST004237,Gold,651.71,True,Thailand
CUST009846,Bronze,108.2,False,Philippines
CUST012646,Silver,141.66,True,Philippines
CUST007357,Silver,122.14,True,Singapore
CUST016312,Silver,158.48,False,Indonesia
CUST003064,Platinum,339.13,True,Thailand
CUST017104,Bronze,39.57,False,India
CUST004527,Bronze,61.44,False,Philippines
CUST015145,Bronze,71.01,False,Indonesia
CUST004577,Silver,118.54,True,Thailand
CUST009207,Silver,262.09,False,Thailand
CUST004456,Bronze,76.56,False,Philippines
CUST003162,Silver,237.71,True,Philippines
CUST010380,Platinum,350.4,True,India
CUST003434,Bronze,76.41,True,Singapore
CUST013124,Bronze,70.68,False,Philippines
CUST013408,Bronze,119.49,True,Thailand
CUST002156,Silver,145.43,True,India
CUST004922,Bronze,36.3,False,Philippines
CUST001949,Bronze,67.31,True,Thailand
CUST016994,Bronze,78.01,False,Vietnam
CUST011774,Bronze,162.75,False,Vietnam
CUST004388,Bronze,78.05,True,Indonesia
CUST008016,Silver,114.48,False,Indonesia
CUST016447,Platinum,620.16,True,Indonesia
CUST001157,Bronze,41.53,False,Philippines
CUST005254,Gold,288.16,False,Singapore
CUST004960,Bronze,56.94,True,Thailand
CUST007212,Bronze,85.88,False,India
CUST008827,Platinum,466.67,True,Vietnam
CUST008114,Bronze,87.92,True,Vietnam
CUST012612,Bronze,89.04,False,Vietnam
CUST009255,Bronze,73.6,True,India
CUST015808,Bronze,67.03,True,Vietnam
CUST013257,Gold,161.86,True,Vietnam
CUST000362,Gold,498.65,False,Thailand
CUST013294,Bronze,97.15,False,Indonesia
CUST000862,Bronze,59.27,False,Vietnam
CUST010969,Bronze,86.24,False,India
CUST002722,Platinum,957.75,True,India
CUST003317,Bronze,57.96,False,Philippines
CUST000537,Silver,143.35,True,Philippines
CUST003288,Gold,585.7,True,India
CUST003204,Platinum,262.79,True,Indonesia
CUST003426,Silver,161.69,True,Indonesia
CUST005255,Gold,223.47,True,Indonesia
CUST015098,Bronze,81.88,False,Thailand
CUST013619,Gold,519.0,False,Indonesia
CUST006348,Silver,87.06,False,Thailand
CUST002243,Platinum,560.87,True,India
CUST015600,Gold,451.69,True,Philippines
CUST011083,Bronze,76.4,False,Philippines
CUST003694,Silver,93.35,False,Thailand
CUST001533,Bronze,96.94,False,Singapore
CUST005559,Platinum,860.98,True,Indonesia
CUST007967,Platinum,1180.7,True,Indonesia
CUST007242,Bronze,54.63,False,Indonesia
CUST011442,Bronze,66.31,True,Indonesia
CUST010452,Bronze,77.12,True,Indonesia
CUST013748,Gold,241.36,True,Vietnam
CUST011339,Platinum,1004.42,True,India
CUST004137,Gold,232.93,True,India
CUST000193,Platinum,402.96,True,India
CUST012773,Gold,375.76,True,Indonesia
CUST006291,Bronze,85.06,False,Philippines
CUST007668,Bronze,68.79,False,Indonesia
CUST007565,Platinum,771.99,True,Singapore
CUST015217,Bronze,104.63,False,India
CUST008673,Bronze,145.7,False,Thailand
CUST012529,Gold,245.74,True,Vietnam
CUST012823,Gold,300.16,True,Thailand
CUST006282,Platinum,646.21,True,Indonesia
CUST017877,Bronze,71.92,False,India
CUST016055,Bronze,152.9,False,India
CUST011171,Bronze,43.55,False,India
CUST002064,Bronze,115.95,False,Thailand
CUST005326,Silver,188.47,False,Indonesia
CUST011381,Bronze,142.43,False,Vietnam
CUST005845,Bronze,117.34,False,India
CUST000885,Bronze,36.85,False,Indonesia
CUST012525,Gold,261.27,True,Vietnam
CUST009284,Bronze,71.53,False,Vietnam
CUST014891,Bronze,26.92,True,Philippines
CUST000389,Bronze,37.24,True,Vietnam
CUST004446,Silver,104.96,True,Indonesia
CUST002280,Silver,71.65,False,Vietnam
CUST013409,Bronze,183.9,False,Philippines
CUST003047,Bronze,112.09,False,Indonesia
CUST003605,Bronze,41.85,False,India
CUST003836,Silver,95.09,False,Indonesia
CUST012013,Silver,109.67,True,Philippines
CUST009939,Bronze,98.39,True,Vietnam
CUST009250,Platinum,613.14,True,Vietnam
CUST007021,Silver,210.33,True,Singapore
CUST012366,Bronze,39.96,False,Indonesia
CUST006240,Bronze,125.88,False,Indonesia
CUST013949,Bronze,142.56,False,Philippines
CUST009777,Gold,267.43,True,Vietnam
CUST013202,Bronze,119.59,True,India
CUST010600,Gold,333.0,False,Thailand
CUST001037,Bronze,66.23,False,Singapore
CUST000498,Bronze,52.12,False,Philippines
CUST004452,Bronze,62.64,False,Thailand
CUST001685,Platinum,343.37,True,Vietnam
CUST013673,Bronze,67.3,False,Indonesia
CUST012769,Bronze,40.5,False,India
CUST016435,Platinum,428.74,True,Thailand
CUST012719,Platinum,341.4,True,Thailand
CUST006188,Platinum,403.94,True,Philippines
CUST009103,Bronze,54.3,True,Vietnam
CUST015448,Bronze,76.06,False,Philippines
CUST016920,Bronze,78.65,True,Thailand
CUST001974,Silver,113.25,False,Thailand
CUST010033,Gold,132.87,False,India
CUST015456,Bronze,51.46,True,Thailand
CUST007837,Platinum,336.45,True,Thailand
CUST001117,Platinum,581.69,False,Vietnam
CUST004658,Bronze,112.54,False,India
CUST006795,Gold,211.03,False,Philippines
CUST007459,Gold,396.87,False,Philippines
CUST000363,Silver,154.57,True,Singapore
CUST012010,Bronze,40.38,True,India
CUST012620,Gold,334.94,True,Thailand
CUST014786,Bronze,105.44,False,Indonesia
CUST009158,Gold,309.0,True,Vietnam
CUST000973,Bronze,40.42,True,Thailand
CUST009283,Bronze,146.61,False,Philippines
CUST012538,Silver,132.72,True,Indonesia
CUST015595,Bronze,93.35,False,Singapore
CUST008798,Bronze,208.46,True,Singapore
CUST010626,Gold,354.85,True,Thailand
CUST011402,Gold,256.85,True,Indonesia
CUST013723,Bronze,112.14,False,Singapore
CUST008666,Bronze,73.77,False,Thailand
CUST003919,Silver,109.85,True,Thailand
CUST007590,Bronze,127.75,False,Vietnam
CUST016483,Bronze,62.06,False,India
CUST009511,Bronze,48.72,False,Indonesia
CUST007536,Bronze,77.35,False,Indonesia
CUST015562,Bronze,93.16,False,Thailand
CUST004022,Platinum,699.62,True,Singapore
CUST012514,Silver,139.96,True,Singapore
CUST014916,Bronze,101.44,False,India
CUST013689,Silver,165.77,False,Indonesia
CUST003609,Bronze,94.94,False,Vietnam
CUST008835,Platinum,289.23,False,Vietnam
CUST014595,Bronze,76.68,False,India
CUST017278,Silver,80.94,False,Vietnam
CUST000620,Silver,189.92,False,Indonesia
CUST005262,Bronze,46.83,False,Singapore
CUST016788,Bronze,70.57,False,India
CUST013662,Platinum,362.64,True,India
CUST005114,Bronze,82.03,False,Singapore
CUST004912,Bronze,72.07,False,Philippines
CUST001695,Silver,255.83,True,Vietnam
CUST017926,Gold,377.37,True,Indonesia
CUST008442,Gold,459.37,True,Singapore
CUST005155,Bronze,135.01,False,Indonesia
CUST010373,Platinum,661.56,False,Vietnam
CUST003108,Silver,66.74,True,Thailand
CUST017891,Bronze,85.92,True,Singapore
CUST017949,Silver,109.23,True,Thailand
CUST004134,Bronze,95.48,True,Thailand
CUST003924,Silver,94.14,True,India
CUST005747,Gold,541.24,True,Indonesia
CUST001572,Bronze,55.31,False,Philippines
CUST013066,Silver,129.98,True,India
CUST004483,Bronze,67.86,False,Thailand
CUST007830,Bronze,82.39,False,Thailand
CUST005983,Bronze,69.28,True,Indonesia
CUST004666,Bronze,126.48,True,Philippines
CUST017001,Bronze,70.59,False,Indonesia
CUST015426,Bronze,164.03,True,Thailand
CUST004401,Platinum,216.66,False,Thailand
CUST015281,Bronze,143.59,True,Vietnam
CUST002896,Gold,350.64,False,Vietnam
CUST005008,Bronze,69.18,False,Singapore
CUST003627,Bronze,122.49,False,Vietnam
CUST001984,Bronze,49.97,False,Singapore
CUST007995,Bronze,58.77,False,Thailand
CUST013506,Platinum,481.78,True,India
CUST017900,Bronze,74.79,False,Indonesia
CUST009382,Bronze,130.04,False,Thailand
CUST002233,Gold,325.44,True,India
CUST013621,Bronze,55.5,False,India
CUST016118,Bronze,73.8,False,Vietnam
CUST013104,Bronze,63.62,False,Indonesia
CUST005676,Gold,321.51,True,India
CUST016362,Bronze,40.52,False,Vietnam
CUST005288,Bronze,192.46,False,Philippines
CUST005163,Bronze,91.01,False,Thailand
CUST004895,Bronze,80.85,False,Thailand
CUST003467,Bronze,97.6,False,India
CUST000269,Bronze,57.81,True,Thailand
CUST013309,Bronze,151.23,False,Philippines
CUST002887,Silver,50.36,False,Thailand
CUST017672,Bronze,113.43,False,Philippines
CUST008512,Bronze,86.39,False,Indonesia
CUST006706,Gold,718.69,True,Thailand
CUST016482,Platinum,555.26,True,Singapore
CUST017874,Silver,197.86,True,Philippines
CUST006375,Silver,226.73,False,Indonesia
CUST012697,Bronze,47.25,False,India
CUST009985,Silver,118.16,False,Indonesia
CUST016373,Silver,81.63,False,Vietnam
CUST014590,Silver,106.13,False,Thailand
CUST003590,Platinum,458.97,True,Thailand
CUST002848,Bronze,64.47,False,Vietnam
CUST007326,Gold,326.31,True,Philippines
CUST009714,Platinum,614.17,True,Thailand
CUST003819,Bronze,98.83,True,India
CUST015767,Bronze,60.24,False,Singapore
CUST012688,Silver,268.1,True,Indonesia
CUST017546,Bronze,90.92,False,Indonesia
CUST003721,Bronze,170.95,False,Indonesia
CUST009086,Bronze,90.06,False,Indonesia
CUST011703,Bronze,87.85,False,India
CUST006850,Gold,242.34,True,Thailand
CUST017240,Bronze,40.54,False,Vietnam
CUST006196,Bronze,54.36,False,Singapore
CUST008332,Silver,195.29,False,India
CUST010791,Bronze,50.2,False,India
CUST008498,Silver,153.53,False,Indonesia
CUST014627,Silver,97.91,True,Vietnam
CUST004589,Gold,705.17,False,Thailand
CUST000963,Gold,464.44,True,Singapore
CUST016408,Silver,129.53,True,Philippines
CUST010938,Silver,107.98,True,Singapore
CUST004955,Platinum,240.67,True,Thailand
CUST009246,Bronze,96.68,False,India
CUST004036,Bronze,40.38,False,Indonesia
CUST017910,Bronze,86.15,False,Philippines
CUST008894,Gold,336.04,True,Vietnam
CUST002638,Silver,100.71,False,Thailand
CUST006712,Bronze,123.85,False,Singapore
CUST010030,Platinum,447.09,True,Thailand
CUST000205,Bronze,122.78,True,Indonesia
CUST013385,Bronze,43.25,False,Indonesia
CUST010300,Bronze,49.87,False,Singapore
CUST000861,Gold,376.78,False,Vietnam
CUST001686,Silver,167.45,False,Philippines
CUST004444,Gold,498.73,True,Indonesia
CUST015121,Silver,132.69,True,Indonesia
CUST016187,Bronze,85.06,False,Philippines
CUST000514,Bronze,75.32,True,India
CUST017094,Silver,226.14,False,Philippines
CUST005953,Gold,229.5,False,Philippines
CUST006131,Silver,96.02,True,Vietnam
CUST010040,Bronze,78.38,False,Philippines
CUST015488,Bronze,144.49,True,Thailand
CUST013411,Bronze,103.41,False,Philippines
CUST017994,Silver,99.04,False,India
CUST001666,Bronze,150.51,False,Thailand
CUST016281,Silver,86.82,True,Thailand
CUST004837,Silver,95.46,True,India
CUST013214,Gold,454.89,False,Vietnam
CUST015564,Bronze,74.38,True,India
CUST008023,Bronze,69.91,False,India
CUST007549,Gold,130.21,True,Thailand
CUST008717,Bronze,42.11,True,Philippines
CUST010160,Gold,425.77,True,India
CUST000353,Bronze,70.44,False,Indonesia
CUST010950,Gold,377.58,True,India
CUST010505,Platinum,540.55,True,Indonesia
CUST002593,Gold,251.85,True,Thailand
CUST017051,Bronze,96.66,False,Singapore
CUST009060,Silver,154.53,True,Vietnam
CUST002851,Gold,207.65,True,Philippines
CUST012743,Gold,470.63,True,Philippines
CUST010651,Platinum,549.81,True,Thailand
CUST014611,Bronze,58.72,False,Thailand
CUST011593,Bronze,124.28,False,Vietnam
CUST011878,Gold,180.11,True,Philippines
CUST003990,Gold,434.38,True,Indonesia
CUST011890,Silver,121.04,True,Indonesia
CUST013529,Bronze,68.18,True,Indonesia
CUST006273,Bronze,41.09,False,Philippines
CUST014674,Bronze,86.11,False,Thailand
CUST007969,Bronze,74.27,False,Philippines
CUST002514,Gold,444.37,True,Vietnam
CUST000387,Bronze,54.35,False,India
CUST006422,Silver,187.68,True,India
CUST003858,Silver,225.94,False,India
CUST017009,Bronze,65.51,False,Thailand
CUST005528,Silver,87.56,False,Vietnam
CUST016389,Bronze,86.99,False,Philippines
CUST012351,Bronze,73.06,False,Philippines
CUST016981,Silver,124.94,True,Philippines
CUST014987,Bronze,68.22,False,Philippines
CUST014783,Platinum,559.58,True,Philippines
CUST006894,Platinum,574.73,True,Philippines
CUST002771,Bronze,82.38,False,Vietnam
CUST010654,Bronze,112.35,False,Vietnam
CUST003521,Platinum,341.12,True,Thailand
CUST010683,Silver,103.01,False,Indonesia
CUST001148,Silver,563.95,False,India
CUST002976,Bronze,86.26,False,Philippines
CUST013152,Silver,86.93,False,Thailand
CUST011498,Bronze,69.5,True,Thailand
CUST008935,Bronze,132.75,True,Vietnam
CUST002335,Bronze,145.86,False,Thailand
CUST008274,Silver,209.08,False,India
CUST006633,Gold,435.83,True,Thailand
CUST006473,Platinum,576.2,True,India
CUST016933,Silver,103.28,False,Indonesia
CUST004226,Bronze,35.53,True,Indonesia
CUST017719,Bronze,83.43,False,Vietnam
CUST010320,Silver,139.29,False,Thailand
CUST017468,Bronze,56.43,False,Thailand
CUST005148,Silver,165.97,True,Singapore
CUST011166,Silver,186.98,False,Singapore
CUST007049,Bronze,92.88,False,Vietnam
CUST017913,Bronze,113.09,False,Thailand
CUST004182,Bronze,56.41,False,India
CUST003320,Silver,75.45,True,Thailand
CUST005906,Bronze,68.13,True,Philippines
CUST016977,Bronze,76.12,False,Indonesia
CUST016592,Silver,78.95,True,Thailand
CUST007923,Bronze,58.77,False,Thailand
CUST009774,Silver,196.15,True,India
CUST008360,Silver,107.77,False,India
CUST014055,Gold,303.15,False,Thailand
CUST002594,Platinum,399.21,True,Vietnam
CUST016185,Platinum,963.76,True,India
CUST001016,Gold,327.09,False,Thailand
CUST017569,Gold,285.82,False,Thailand
CUST001276,Bronze,88.32,False,Thailand
CUST015278,Bronze,35.58,False,Indonesia
CUST003323,Bronze,100.38,True,Philippines
CUST006667,Silver,144.64,True,Vietnam
CUST010771,Platinum,1626.07,True,Singapore
CUST002435,Platinum,337.89,True,Philippines
CUST006343,Platinum,448.96,True,Philippines
CUST000026,Bronze,72.37,False,Vietnam
CUST007264,Platinum,296.41,True,Indonesia
CUST001690,Silver,175.96,False,Thailand
CUST014563,Bronze,63.56,False,Philippines
CUST010495,Bronze,60.06,False,Philippines
CUST013001,Silver,100.16,False,Indonesia
CUST004638,Silver,187.4,False,Philippines
CUST017237,Bronze,136.99,False,Vietnam
CUST000983,Silver,189.14,True,Vietnam
CUST015010,Bronze,38.95,False,Thailand
CUST013766,Bronze,67.69,True,Thailand
CUST012154,Silver,192.12,False,Vietnam
CUST002131,Platinum,505.92,False,India
CUST009780,Bronze,53.79,False,Vietnam
CUST013029,Silver,186.02,True,Philippines
CUST011811,Bronze,38.68,False,Thailand
CUST007204,Bronze,62.67,False,Thailand
CUST014782,Bronze,30.91,False,Vietnam
CUST002591,Silver,191.17,True,India
CUST016218,Bronze,98.15,False,Thailand
CUST017294,Bronze,27.25,True,Thailand
CUST016415,Gold,206.98,True,Thailand
CUST004833,Bronze,70.69,True,Indonesia
CUST010196,Gold,381.15,True,Philippines
CUST006319,Bronze,110.11,False,Indonesia
CUST000168,Bronze,52.47,False,Indonesia
CUST016083,Silver,221.05,False,India
CUST000458,Silver,210.34,False,Philippines
CUST002072,Bronze,83.22,False,Indonesia
CUST006202,Silver,246.88,True,Thailand
CUST002139,Gold,175.0,False,India
CUST011198,Gold,144.57,True,Philippines
CUST000244,Gold,494.55,True,Indonesia
CUST000317,Silver,368.42,True,Philippines
CUST015566,Platinum,443.96,True,Singapore
CUST006627,Bronze,117.48,True,India
CUST000530,Silver,139.96,False,India
CUST006460,Platinum,373.97,True,Indonesia
CUST005915,Bronze,63.95,False,Indonesia
CUST007882,Silver,316.3,True,Thailand
CUST002817,Bronze,93.82,False,Thailand
CUST001665,Bronze,98.3,False,Thailand
CUST012485,Bronze,98.1,False,Indonesia
CUST004607,Gold,368.51,True,Philippines
CUST003955,Bronze,71.94,False,India
CUST016490,Silver,122.77,True,Philippines
CUST013524,Bronze,73.17,False,Philippines
CUST006871,Gold,311.08,False,India
CUST000191,Silver,203.73,True,Vietnam
CUST002260,Bronze,138.01,False,Indonesia
CUST015284,Silver,127.19,False,Singapore
CUST011952,Silver,197.91,True,Thailand
CUST008880,Gold,410.89,True,India
CUST013518,Bronze,158.29,False,Indonesia
CUST017794,Bronze,106.47,True,Thailand
CUST003296,Bronze,73.75,True,Thailand
CUST015347,Silver,241.38,False,Thailand
CUST010426,Bronze,156.65,False,India
CUST016433,Bronze,67.04,False,Singapore
CUST008470,Bronze,169.94,False,Vietnam
CUST015571,Platinum,522.72,True,Thailand
CUST014162,Bronze,128.61,False,Thailand
CUST006857,Silver,201.13,True,Indonesia
CUST001996,Platinum,408.38,True,Philippines
CUST013869,Silver,121.93,True,Vietnam
CUST006903,Silver,258.27,False,Vietnam
CUST014325,Platinum,463.98,True,Vietnam
CUST016930,Bronze,57.41,True,Philippines
CUST003027,Bronze,89.8,False,Indonesia
CUST001026,Platinum,409.64,False,Philippines
CUST011518,Silver,208.95,False,Philippines
CUST010848,Bronze,103.85,False,Singapore
CUST009488,Bronze,48.58,False,Thailand
CUST004276,Bronze,135.73,False,Indonesia
CUST009000,Silver,122.47,False,India
CUST006551,Gold,304.95,False,Thailand
CUST014355,Silver,94.52,False,India
CUST015052,Bronze,75.42,False,Thailand
CUST015496,Bronze,42.93,False,Philippines
CUST004949,Silver,115.54,True,Thailand
CUST015603,Platinum,609.35,True,India
CUST008194,Bronze,82.76,False,Philippines
CUST004514,Platinum,708.43,True,Philippines
CUST015756,Bronze,69.99,False,Indonesia
CUST007332,Bronze,68.56,True,India
CUST000867,Bronze,76.67,False,India
CUST004937,Bronze,87.97,False,India
CUST017176,Bronze,42.36,False,Philippines
CUST015414,Silver,202.54,True,Philippines
CUST011468,Silver,135.88,True,Vietnam
CUST001675,Gold,420.64,False,Singapore
CUST014326,Bronze,80.77,False,Thailand
CUST004811,Gold,561.99,True,Vietnam
CUST017816,Gold,479.87,False,Indonesia
CUST008275,Gold,386.23,True,Singapore
CUST011913,Gold,327.25,False,Indonesia
CUST014980,Gold,204.7,False,Philippines
CUST014803,Bronze,61.71,True,Vietnam
CUST005748,Silver,123.72,False,India
CUST013095,Bronze,85.66,False,Thailand
CUST011697,Bronze,66.02,False,Thailand
CUST014758,Gold,243.65,True,Thailand
CUST002100,Platinum,476.6,True,Vietnam
CUST016962,Silver,132.0,True,India
CUST009166,Bronze,109.87,False,Singapore
CUST008001,Gold,222.79,True,Vietnam
CUST013000,Bronze,93.95,False,Singapore
CUST004062,Gold,163.12,False,Singapore
CUST004078,Bronze,79.66,False,Thailand
CUST008428,Bronze,50.15,False,Vietnam
CUST014779,Platinum,281.91,True,Thailand
CUST003197,Silver,101.55,True,Indonesia
CUST010610,Gold,281.35,False,Indonesia
CUST016707,Silver,156.45,True,Philippines
CUST009366,Gold,306.41,False,India
CUST006260,Bronze,70.06,True,India
CUST003135,Bronze,136.08,False,Philippines
CUST001311,Bronze,149.29,False,Vietnam
CUST004692,Bronze,35.71,True,Vietnam
CUST014930,Bronze,57.5,False,Philippines
CUST000623,Bronze,54.4,False,Philippines
CUST008768,Gold,324.7,False,Thailand
CUST003219,Silver,112.1,False,India
CUST007634,Bronze,61.83,True,Thailand
CUST010557,Silver,122.48,False,Thailand
CUST014768,Bronze,53.16,False,Vietnam
CUST010372,Platinum,293.8,True,Indonesia
CUST005307,Bronze,96.7,False,India
CUST005872,Bronze,82.65,False,Vietnam
CUST016167,Bronze,91.98,False,Thailand
CUST014336,Silver,294.88,True,Indonesia
CUST012706,Gold,297.45,True,Thailand
CUST010937,Gold,321.79,True,India
CUST012846,Bronze,85.13,True,Indonesia
CUST007154,Silver,111.71,False,Philippines
CUST009150,Gold,598.68,True,Singapore
CUST012765,Bronze,84.86,False,India
CUST007958,Bronze,121.76,False,Indonesia
CUST012634,Silver,208.38,False,Thailand
CUST009215,Bronze,53.65,True,Indonesia
CUST016769,Bronze,54.84,True,Singapore
CUST012153,Gold,381.2,False,Indonesia
CUST015582,Gold,262.0,False,Thailand
CUST009222,Silver,236.77,False,Thailand
CUST016743,Platinum,292.52,True,Singapore
CUST012793,Bronze,108.61,False,India
CUST016314,Bronze,56.81,False,Singapore
CUST013588,Silver,132.03,True,Philippines
CUST016995,Gold,267.5,False,Indonesia
CUST009461,Bronze,83.02,True,Philippines
CUST013626,Silver,174.07,False,Indonesia
CUST017500,Bronze,44.17,False,Thailand
CUST016929,Silver,91.87,False,Thailand
CUST013654,Platinum,1057.59,True,Indonesia
CUST006636,Bronze,58.67,False,Vietnam
CUST004128,Bronze,122.05,False,Indonesia
CUST008226,Bronze,79.68,True,Philippines
CUST010488,Silver,111.44,True,Philippines
CUST013282,Bronze,46.38,True,Indonesia
CUST007847,Silver,123.13,True,Indonesia
CUST005870,Bronze,63.74,False,Indonesia
CUST004598,Gold,245.46,False,India
CUST003603,Silver,123.91,False,Indonesia
CUST007779,Bronze,80.95,False,Singapore
CUST013319,Platinum,424.56,True,Thailand
CUST003553,Gold,434.32,True,India
CUST015185,Bronze,50.66,False,Thailand
CUST003618,Silver,214.93,True,Vietnam
CUST002056,Gold,349.08,True,Indonesia
CUST008342,Bronze,97.73,False,Vietnam
CUST007941,Gold,271.49,True,Indonesia
CUST002902,Bronze,154.55,False,Vietnam
CUST005361,Silver,91.14,False,Indonesia
CUST009180,Silver,98.51,False,Indonesia
CUST000048,Silver,114.65,False,Vietnam
CUST014712,Bronze,78.91,False,Indonesia
CUST017603,Platinum,404.57,True,Indonesia
CUST012814,Bronze,101.58,False,Thailand
CUST000455,Bronze,80.8,True,Indonesia
CUST000304,Silver,127.63,False,Singapore
CUST016137,Platinum,350.3,True,Philippines
CUST006216,Silver,218.01,True,Vietnam
CUST017730,Bronze,54.97,True,Philippines
CUST001705,Bronze,63.9,False,Philippines
CUST010533,Silver,167.49,False,Singapore
CUST005611,Gold,189.74,True,Indonesia
CUST003560,Platinum,269.95,True,Thailand
CUST014931,Platinum,398.83,True,India
CUST017501,Bronze,75.33,False,Thailand
CUST006158,Silver,405.99,False,Thailand
CUST014096,Platinum,576.3,True,Philippines
CUST012042,Bronze,59.66,False,Philippines
CUST002616,Bronze,90.45,False,India
CUST015208,Bronze,111.59,False,Vietnam
CUST012134,Bronze,94.54,False,Vietnam
CUST016693,Gold,196.1,False,Philippines
CUST008929,Silver,214.73,False,Philippines
CUST008437,Silver,118.46,False,Philippines
CUST009259,Silver,106.02,True,Indonesia
CUST009667,Bronze,41.73,False,Vietnam
CUST004715,Silver,369.38,False,Vietnam
CUST016691,Bronze,100.88,False,Philippines
CUST008762,Bronze,62.96,False,Thailand
CUST005432,Bronze,52.79,True,India
CUST014122,Bronze,56.07,False,Singapore
CUST017193,Bronze,39.11,False,Philippines
CUST008426,Bronze,118.8,False,Thailand
CUST011747,Bronze,128.52,False,Indonesia
CUST010636,Bronze,72.65,False,Indonesia
CUST015905,Bronze,31.54,True,Thailand
CUST001674,Silver,67.71,True,Indonesia
CUST002141,Gold,298.28,False,Philippines
CUST011296,Gold,356.35,False,Singapore
CUST015140,Silver,110.81,False,Thailand
CUST010664,Platinum,321.12,False,Singapore
CUST004936,Silver,252.2,False,Vietnam
CUST001486,Silver,76.45,False,Philippines
CUST000765,Bronze,124.2,False,Thailand
CUST007521,Bronze,78.69,False,Thailand
CUST001770,Bronze,144.72,False,Indonesia
CUST011514,Gold,262.87,True,India
CUST009307,Bronze,146.4,False,Singapore
CUST001836,Bronze,50.02,False,India
CUST000399,Silver,170.4,False,Philippines
CUST003178,Bronze,62.31,False,Philippines
CUST016770,Bronze,47.57,False,Thailand
CUST015552,Bronze,141.71,True,Philippines
CUST012115,Bronze,96.77,False,Indonesia
CUST009462,Silver,198.34,False,Indonesia
CUST005957,Bronze,81.54,False,Philippines
CUST002910,Gold,360.98,True,Singapore
CUST017084,Bronze,136.58,False,Singapore
CUST004224,Bronze,80.12,False,Indonesia
CUST012467,Silver,179.35,True,India
CUST008280,Platinum,292.35,False,Indonesia
CUST007058,Silver,208.78,False,Philippines
CUST005221,Bronze,68.62,False,Indonesia
CUST015220,Bronze,37.9,False,India
CUST009690,Bronze,83.24,False,Singapore
CUST000944,Bronze,34.98,True,Vietnam
CUST009032,Platinum,314.6,True,Philippines
CUST009546,Bronze,177.73,False,India
CUST002800,Bronze,40.31,False,Vietnam
CUST004112,Bronze,90.31,False,India
CUST009420,Gold,209.0,True,Vietnam
CUST004871,Bronze,70.22,False,Vietnam
CUST009484,Bronze,90.48,False,Philippines
CUST002946,Gold,508.58,True,Thailand
CUST008221,Platinum,1339.92,True,Vietnam
CUST014438,Gold,382.8,True,Philippines
CUST008541,Bronze,59.78,False,Indonesia
CUST005044,Bronze,68.11,False,Indonesia
CUST001681,Bronze,68.01,True,Vietnam
CUST002417,Bronze,81.82,False,Thailand
CUST013243,Bronze,68.35,False,Thailand
CUST006251,Bronze,59.3,False,Thailand
CUST006093,Silver,114.34,False,Vietnam
CUST006477,Bronze,114.84,False,India
CUST008143,Bronze,83.75,True,Singapore
CUST001346,Bronze,86.73,False,Vietnam
CUST012175,Silver,240.87,False,Vietnam
CUST004000,Bronze,105.73,False,Indonesia
CUST014421,Bronze,66.95,False,Philippines
CUST001113,Gold,680.74,True,Singapore
CUST008186,Bronze,68.03,False,Indonesia
CUST017863,Silver,127.09,True,India
CUST009500,Platinum,583.68,True,Philippines
CUST006515,Bronze,122.0,False,Vietnam
CUST008011,Bronze,48.78,False,Indonesia
CUST010679,Bronze,70.0,False,India
CUST016762,Silver,54.49,False,Singapore
CUST013260,Silver,165.13,True,Indonesia
CUST004668,Bronze,78.95,False,Indonesia
CUST011784,Platinum,747.12,True,Thailand
CUST008856,Bronze,104.99,False,Indonesia
CUST000296,Gold,217.58,True,Vietnam
CUST007799,Silver,207.21,False,Philippines
CUST002334,Silver,156.3,False,Indonesia
CUST015842,Gold,248.63,False,India
CUST016250,Silver,219.75,True,India
CUST000656,Gold,371.32,True,Vietnam
CUST008169,Silver,142.81,False,Vietnam
CUST006154,Platinum,342.24,True,Vietnam
CUST011367,Silver,213.64,False,Indonesia
CUST016264,Bronze,88.7,False,Indonesia
CUST007553,Bronze,48.46,False,Philippines
CUST003361,Gold,239.45,False,Indonesia
CUST004737,Bronze,100.28,False,Indonesia
CUST009710,Platinum,658.76,True,Indonesia
CUST013747,Gold,500.48,True,Thailand
CUST000293,Gold,208.14,True,Indonesia
CUST008695,Silver,137.03,False,Thailand
CUST006693,Bronze,48.86,False,Thailand
CUST002765,Bronze,56.57,True,Vietnam
CUST008336,Bronze,100.75,True,Indonesia
CUST004039,Platinum,309.81,True,Indonesia
CUST013732,Bronze,130.28,False,Singapore
CUST004141,Bronze,75.06,False,Indonesia
CUST011602,Platinum,262.72,True,Thailand
CUST011639,Silver,210.08,True,India
CUST011954,Gold,195.51,True,Indonesia
CUST006065,Silver,189.69,False,Vietnam
CUST016325,Gold,865.38,True,Singapore
CUST008934,Gold,383.15,False,Philippines
CUST010956,Gold,223.81,True,India
CUST011479,Bronze,95.83,False,Philippines
CUST006371,Platinum,251.11,False,Philippines
CUST010228,Gold,315.92,True,Vietnam
CUST002352,Silver,96.37,True,Thailand
CUST016277,Silver,195.73,True,Indonesia
CUST010458,Bronze,55.56,True,Thailand
CUST013085,Platinum,378.03,True,India
CUST001797,Gold,273.97,False,Thailand
CUST013441,Gold,166.65,True,India
CUST000393,Gold,273.13,True,India
CUST005900,Bronze,51.98,False,Vietnam
CUST015326,Bronze,55.91,True,Indonesia
CUST005397,Silver,130.64,True,Philippines
CUST014819,Bronze,120.06,False,Vietnam
CUST010842,Silver,271.69,False,Philippines
CUST002670,Bronze,66.59,False,Singapore
CUST013455,Gold,242.63,True,India
CUST016511,Silver,98.26,False,Philippines
CUST000301,Bronze,71.34,False,Vietnam
CUST013332,Bronze,94.45,False,Philippines
CUST005145,Bronze,74.57,False,India
CUST005273,Gold,413.15,True,Thailand
CUST015325,Silver,195.45,False,Vietnam
CUST003495,Bronze,90.72,False,Indonesia
CUST010509,Silver,129.85,False,Vietnam
CUST011096,Bronze,181.78,True,Philippines
CUST008707,Gold,400.48,True,Philippines
CUST004389,Bronze,183.52,False,Thailand
CUST002024,Gold,213.12,False,Vietnam
CUST007982,Bronze,49.49,False,Thailand
CUST004352,Bronze,76.47,False,Philippines
CUST013357,Bronze,61.13,False,Singapore
CUST001128,Gold,255.73,True,Singapore
CUST004126,Bronze,89.52,False,Vietnam
CUST015268,Silver,159.17,False,India
CUST001336,Gold,250.42,False,Singapore
CUST015298,Silver,244.78,False,Vietnam
CUST012623,Silver,137.93,False,Vietnam
CUST001645,Bronze,84.98,False,India
CUST007971,Bronze,76.26,False,Philippines
CUST013582,Bronze,88.47,False,India
CUST013232,Platinum,524.38,True,India
CUST017621,Bronze,43.41,False,Indonesia
CUST007805,Silver,123.28,True,Singapore
CUST017734,Silver,130.57,True,Thailand
CUST001755,Bronze,57.04,False,Philippines
CUST007476,Bronze,73.41,False,Indonesia
CUST012287,Bronze,144.68,True,Thailand
CUST017113,Bronze,61.99,False,Indonesia
CUST005088,Bronze,83.11,False,Vietnam
CUST011137,Platinum,675.8,True,Indonesia
CUST000851,Bronze,84.78,False,Singapore
CUST016577,Bronze,57.54,True,Thailand
CUST003575,Silver,165.29,False,Indonesia
CUST006378,Silver,273.39,False,India
CUST001919,Silver,223.43,True,Thailand
CUST006395,Bronze,200.63,False,Thailand
CUST016212,Silver,108.07,False,Indonesia
CUST010864,Bronze,110.06,False,Thailand
CUST012849,Gold,531.27,False,Singapore
CUST005064,Platinum,428.34,True,India
CUST014283,Silver,111.26,False,Vietnam
CUST017362,Silver,263.75,True,Thailand
CUST015174,Gold,168.82,False,Vietnam
CUST005523,Gold,229.77,True,India
CUST005740,Gold,485.94,False,Thailand
CUST015159,Bronze,117.87,False,Vietnam
CUST017028,Bronze,80.47,True,Vietnam
CUST002739,Gold,213.71,True,Philippines
CUST004684,Bronze,42.98,True,India
CUST017366,Gold,240.77,True,Thailand
CUST014493,Silver,74.51,True,Indonesia
CUST004492,Bronze,130.68,True,India
CUST003582,Bronze,154.11,True,Vietnam
CUST017839,Gold,482.34,False,Singapore
CUST000578,Gold,336.63,True,Indonesia
CUST012112,Bronze,171.33,False,Singapore
CUST008120,Silver,290.1,True,Singapore
CUST000810,Bronze,70.41,False,Indonesia
CUST015515,Gold,272.14,False,Philippines
CUST003754,Bronze,75.25,False,India
CUST014907,Bronze,102.21,False,Singapore
CUST016110,Bronze,76.74,True,Vietnam
CUST016922,Bronze,50.13,False,Indonesia
CUST004091,Bronze,100.79,False,Vietnam
CUST005595,Silver,203.05,False,Indonesia
CUST015047,Gold,192.08,True,Thailand
CUST001033,Bronze,84.81,True,Vietnam
CUST002550,Platinum,380.18,True,Indonesia
CUST002067,Silver,132.14,True,Indonesia
CUST009478,Bronze,133.66,False,Indonesia
CUST003216,Bronze,56.26,False,Thailand
CUST006160,Bronze,109.7,True,Philippines
CUST014598,Silver,174.45,False,Philippines
CUST012576,Bronze,72.62,False,India
CUST000637,Bronze,123.63,True,Philippines
CUST005822,Silver,162.84,False,Vietnam
CUST004642,Silver,135.36,True,Thailand
CUST013025,Bronze,97.79,False,Vietnam
CUST010470,Silver,134.05,False,Philippines
CUST014276,Silver,138.45,True,Vietnam
CUST000831,Bronze,60.99,False,Philippines
CUST017834,Platinum,570.36,True,Thailand
CUST015722,Platinum,531.87,True,Indonesia
CUST004910,Bronze,137.87,True,Philippines
CUST015692,Bronze,83.2,False,Thailand
CUST002919,Gold,353.75,True,Indonesia
CUST005032,Silver,136.08,True,Indonesia
CUST002524,Bronze,89.11,False,Indonesia
CUST004491,Bronze,82.97,False,Singapore
CUST011776,Silver,339.05,True,Vietnam
CUST010772,Bronze,125.05,False,Indonesia
CUST000320,Silver,101.51,False,Vietnam
CUST005357,Silver,102.06,True,Vietnam
CUST002699,Silver,206.92,False,Vietnam
CUST012716,Silver,156.94,True,Vietnam
CUST003752,Bronze,115.33,False,Indonesia
CUST004305,Gold,225.45,True,Philippines
CUST006314,Bronze,106.43,False,Thailand
CUST015394,Silver,178.55,True,Thailand
CUST001093,Gold,232.32,True,Thailand
CUST008573,Bronze,86.48,True,Philippines
CUST010531,Bronze,44.57,True,Vietnam
CUST012100,Bronze,77.99,False,Thailand
CUST015359,Silver,98.69,True,Philippines
CUST013159,Bronze,205.71,False,Indonesia
CUST013446,Bronze,114.56,False,Vietnam
CUST003631,Bronze,98.27,False,India
CUST004708,Silver,229.07,False,Indonesia
CUST001348,Silver,142.21,False,Thailand
CUST008643,Bronze,80.08,False,Thailand
CUST011897,Gold,173.77,True,Thailand
CUST008204,Silver,181.74,False,India
CUST015388,Platinum,413.58,True,Indonesia
CUST002103,Silver,87.75,True,Philippines
CUST001265,Bronze,82.49,False,Vietnam
CUST012963,Bronze,76.31,False,Thailand
CUST016921,Bronze,91.5,False,Indonesia
CUST004754,Silver,104.66,True,Thailand
CUST009298,Bronze,71.61,False,Indonesia
CUST007337,Silver,267.56,False,Philippines
CUST017433,Silver,105.75,False,Indonesia
CUST013262,Bronze,87.88,False,Thailand
CUST010841,Bronze,92.2,False,Indonesia
CUST010814,Silver,202.58,False,Thailand
CUST005652,Gold,218.77,False,India
CUST002374,Gold,602.19,False,Philippines
CUST010248,Platinum,399.73,True,Vietnam
CUST009485,Bronze,66.89,False,Singapore
CUST014717,Silver,122.66,True,Vietnam
CUST007442,Bronze,103.49,False,Indonesia
CUST007851,Bronze,56.46,False,Thailand
CUST016621,Bronze,51.47,False,Singapore
CUST001321,Silver,42.01,True,Indonesia
CUST004127,Gold,251.26,True,Vietnam
CUST000480,Silver,215.09,False,Vietnam
CUST008338,Silver,255.51,False,Thailand
CUST006648,Bronze,98.52,False,Vietnam
CUST007885,Bronze,310.7,True,Thailand
CUST009615,Silver,226.91,True,Philippines
CUST012892,Bronze,46.01,False,India
CUST000596,Bronze,40.17,False,Philippines
CUST001212,Bronze,84.09,False,Thailand
CUST011867,Bronze,96.19,True,Philippines
CUST005572,Bronze,69.92,True,Thailand
CUST004028,Bronze,152.62,False,Philippines
CUST009125,Bronze,81.5,False,India
CUST007866,Bronze,65.97,False,Indonesia
CUST008562,Silver,125.03,True,Indonesia
CUST015390,Bronze,144.74,False,Thailand
CUST006292,Silver,191.42,False,India
CUST002394,Bronze,55.77,True,Vietnam
CUST005380,Bronze,36.69,False,Singapore
CUST004404,Silver,173.45,True,Philippines
CUST015363,Bronze,139.95,False,Vietnam
CUST014105,Bronze,116.86,False,Vietnam
CUST015703,Platinum,389.94,True,Thailand
CUST007291,Bronze,69.47,False,Thailand
CUST001853,Gold,207.06,True,Indonesia
CUST002585,Bronze,57.08,False,India
CUST005571,Bronze,51.54,False,Vietnam
CUST017689,Gold,240.41,True,Vietnam
CUST002547,Silver,167.73,False,Singapore
CUST001867,Bronze,118.8,False,Thailand
CUST010199,Bronze,92.94,True,Thailand
CUST000854,Silver,95.01,True,India
CUST015425,Bronze,77.83,False,Thailand
CUST011470,Silver,119.08,False,Thailand
CUST016109,Bronze,58.23,False,Indonesia
CUST004649,Bronze,66.13,False,Indonesia
CUST001106,Silver,100.48,False,Singapore
CUST013853,Bronze,45.19,False,Vietnam
CUST014429,Bronze,79.99,False,India
CUST000150,Gold,261.73,True,Singapore
CUST007707,Bronze,49.54,True,Vietnam
CUST001144,Bronze,79.52,True,Vietnam
CUST006935,Bronze,125.64,True,Singapore
CUST001831,Bronze,77.61,False,Philippines
CUST008553,Gold,298.9,False,Philippines
CUST000774,Gold,159.61,True,Singapore
CUST006449,Bronze,114.09,False,India
CUST008171,Platinum,452.56,True,Thailand
CUST003720,Platinum,1074.04,True,India
CUST017461,Platinum,399.86,True,Thailand
CUST009656,Gold,189.78,False,Singapore
CUST009866,Bronze,46.82,False,Thailand
CUST013405,Silver,248.36,False,India
CUST000456,Bronze,81.04,True,Thailand
CUST001590,Gold,223.66,True,Thailand
CUST002687,Silver,151.45,True,Thailand
CUST000928,Bronze,48.17,False,Singapore
CUST005735,Silver,71.75,True,Singapore
CUST012029,Silver,39.8,False,Indonesia
CUST005708,Platinum,585.76,True,Indonesia
CUST006995,Bronze,129.05,False,Vietnam
CUST009346,Gold,265.83,True,Vietnam
CUST006829,Silver,286.15,False,Vietnam
CUST013203,Bronze,90.92,False,Vietnam
CUST011216,Bronze,93.13,False,Vietnam
CUST007044,Bronze,81.57,True,India
CUST012582,Gold,294.74,False,Thailand
CUST010006,Bronze,47.21,False,Singapore
CUST016050,Silver,137.59,False,Vietnam
CUST013656,Silver,214.35,True,Thailand
CUST001274,Bronze,179.66,False,India
CUST000071,Platinum,248.47,True,Vietnam
CUST009883,Bronze,53.54,False,Philippines
CUST000683,Silver,213.13,True,India
CUST001766,Platinum,600.0,True,Vietnam
CUST013125,Bronze,87.1,True,Philippines
CUST002977,Bronze,37.62,False,India
CUST004553,Silver,240.46,False,Singapore
CUST017547,Platinum,517.67,False,Thailand
CUST014507,Bronze,185.36,True,Singapore
CUST013749,Bronze,56.75,True,Singapore
CUST016023,Bronze,50.62,False,Thailand
CUST017520,Silver,81.49,True,India
CUST006980,Silver,334.89,True,Philippines
CUST000131,Bronze,140.08,False,Indonesia
CUST002407,Bronze,60.03,False,Thailand
CUST011860,Bronze,92.33,False,Thailand
CUST017844,Silver,137.73,False,India
CUST000689,Bronze,49.91,True,Vietnam
CUST012551,Bronze,100.29,True,Thailand
CUST011903,Silver,174.87,False,Thailand
CUST012397,Bronze,92.9,False,Thailand
CUST008753,Platinum,446.07,True,Thailand
CUST000481,Bronze,62.26,False,Singapore
CUST005142,Silver,140.61,False,India
CUST007330,Gold,314.19,True,Indonesia
CUST000859,Bronze,118.28,False,Indonesia
CUST000651,Silver,170.17,False,Vietnam
CUST008576,Bronze,102.93,False,Indonesia
CUST007653,Bronze,58.69,False,Thailand
CUST007733,Silver,232.99,False,India
CUST013730,Bronze,74.08,False,Indonesia
CUST012205,Silver,440.44,True,Vietnam
CUST017221,Bronze,103.62,True,Singapore
CUST013511,Bronze,85.3,False,India
CUST007922,Platinum,312.95,True,Philippines
CUST006130,Gold,302.6,True,Philippines
CUST016225,Silver,60.29,False,Philippines
CUST007618,Silver,202.01,False,Philippines
CUST008907,Gold,513.78,True,Thailand
CUST013575,Bronze,71.42,True,Singapore
CUST006859,Silver,177.05,True,Indonesia
CUST016294,Bronze,49.6,False,Vietnam
CUST003349,Silver,340.23,False,Thailand
CUST013824,Bronze,91.06,False,Philippines
CUST016274,Bronze,28.01,False,India
CUST014415,Bronze,52.98,False,Philippines
CUST014430,Gold,106.37,False,Philippines
CUST013423,Bronze,83.28,False,Philippines
CUST013751,Bronze,61.73,False,Philippines
CUST008677,Bronze,99.48,True,Vietnam
CUST006988,Bronze,73.43,False,Philippines
CUST004168,Silver,87.63,True,Indonesia
CUST003256,Bronze,80.79,False,Singapore
CUST015748,Gold,599.02,True,Philippines
CUST016612,Bronze,47.14,False,Singapore
CUST008351,Gold,419.57,False,Philippines
CUST011941,Bronze,131.86,True,Thailand
CUST010540,Gold,382.04,False,Thailand
CUST000030,Silver,172.11,True,Thailand
CUST014111,Silver,95.33,True,Thailand
CUST007485,Platinum,585.5,True,Vietnam
CUST008307,Gold,255.31,True,India
CUST016638,Silver,166.15,True,Thailand
CUST015818,Bronze,94.97,False,Vietnam
CUST007592,Bronze,88.59,False,Singapore
CUST005001,Silver,236.25,False,Philippines
CUST000190,Bronze,81.47,False,Vietnam
CUST010890,Silver,312.12,True,Indonesia
CUST007533,Silver,130.25,False,Singapore
CUST010031,Bronze,92.32,False,Vietnam
CUST011866,Bronze,96.04,False,Indonesia
CUST003100,Gold,274.77,True,Philippines
CUST015162,Bronze,86.43,False,Singapore
CUST013463,Bronze,74.15,True,Singapore
CUST015090,Silver,257.29,True,Indonesia
CUST013624,Platinum,574.5,True,Philippines
CUST014465,Silver,193.46,True,Singapore
CUST010401,Silver,144.09,False,Indonesia
CUST014628,Gold,424.38,True,Singapore
CUST003978,Silver,316.76,False,Thailand
CUST008227,Bronze,155.3,False,Vietnam
CUST004731,Bronze,73.15,False,Vietnam
CUST010838,Gold,241.4,True,Singapore
CUST005376,Silver,264.25,True,Vietnam
CUST010570,Bronze,201.25,False,Philippines
CUST000429,Bronze,93.34,False,Vietnam
CUST007606,Silver,64.86,True,India
CUST001934,Bronze,91.37,True,Philippines
CUST009779,Bronze,132.59,True,Philippines
CUST012147,Gold,133.26,True,Singapore
CUST003188,Silver,372.62,False,Thailand
CUST012008,Bronze,150.11,True,Philippines
CUST002294,Bronze,62.03,False,India
CUST005577,Bronze,106.06,False,Thailand
CUST010769,Gold,250.54,False,Indonesia
CUST015263,Platinum,734.26,True,Indonesia
CUST002426,Platinum,903.31,True,Indonesia
CUST000543,Bronze,72.74,False,Vietnam
CUST015023,Silver,97.59,False,India
CUST003956,Bronze,65.62,False,Philippines
CUST009766,Bronze,79.46,True,Indonesia
CUST013774,Silver,214.05,False,Vietnam
CUST014585,Silver,151.27,False,Vietnam
CUST014443,Bronze,56.79,True,Indonesia
CUST013322,Bronze,53.14,True,Vietnam
CUST014069,Silver,141.68,False,Thailand
CUST007797,Gold,335.98,True,Thailand
CUST007129,Bronze,109.57,False,India
CUST015495,Gold,333.74,True,Vietnam
CUST016749,Platinum,420.83,True,Thailand
CUST006356,Silver,132.84,True,Philippines
CUST005987,Silver,166.13,True,India
CUST011139,Silver,130.29,True,Philippines
CUST004271,Bronze,40.7,False,Vietnam
CUST017823,Bronze,150.14,False,Vietnam
CUST012407,Bronze,31.64,True,Singapore
CUST007683,Gold,474.95,True,Indonesia
CUST014242,Bronze,100.38,False,Indonesia
CUST004953,Bronze,59.47,True,Philippines
CUST012911,Silver,101.16,False,Vietnam
CUST006380,Platinum,554.29,False,Singapore
CUST016954,Silver,136.28,True,India
CUST010499,Bronze,76.11,False,Thailand
CUST012297,Silver,168.13,False,Indonesia
CUST004232,Bronze,176.43,False,Singapore
CUST012490,Platinum,319.81,True,Indonesia
CUST010482,Bronze,91.87,False,Vietnam
CUST017447,Silver,146.26,False,Thailand
CUST017731,Silver,184.92,True,Indonesia
CUST006241,Bronze,82.24,False,Thailand
CUST013161,Bronze,74.12,True,Philippines
CUST011718,Bronze,117.4,False,Singapore
CUST006096,Silver,115.79,False,India
CUST006250,Platinum,490.11,True,Singapore
CUST007253,Bronze,23.87,False,Singapore
CUST015188,Bronze,54.01,False,India
CUST005840,Bronze,44.11,False,Philippines
CUST007020,Bronze,56.6,False,Indonesia
CUST006806,Platinum,489.44,False,Thailand
CUST002162,Gold,442.32,True,Vietnam
CUST008327,Platinum,400.73,True,India
CUST001018,Gold,385.97,True,Philippines
CUST009704,Bronze,55.14,False,Thailand
CUST006257,Bronze,74.58,True,Thailand
CUST009541,Bronze,146.23,False,Indonesia
CUST014689,Bronze,87.62,True,Vietnam
CUST017161,Bronze,49.72,False,Thailand
CUST012702,Silver,238.92,False,India
CUST000853,Platinum,652.24,True,Indonesia
CUST008231,Bronze,158.92,False,India
CUST015881,Gold,236.63,False,Indonesia
CUST000256,Silver,121.62,True,Singapore
CUST010288,Bronze,109.49,False,Philippines
CUST009734,Bronze,80.06,False,Philippines
CUST008239,Gold,290.11,True,Singapore
CUST003024,Platinum,567.32,True,Thailand
CUST013222,Bronze,78.31,False,Indonesia
CUST010979,Gold,252.69,True,Vietnam
CUST013333,Platinum,431.59,False,India
CUST012685,Bronze,51.16,False,Singapore
CUST016819,Bronze,81.55,True,India
CUST009151,Bronze,93.28,False,India
CUST004102,Bronze,66.6,False,Vietnam
CUST016720,Bronze,62.49,False,Singapore
CUST008174,Bronze,36.67,False,Indonesia
CUST011023,Bronze,101.14,False,Philippines
CUST010291,Gold,351.27,True,Indonesia
CUST005095,Bronze,155.66,False,Indonesia
CUST002101,Silver,416.49,False,Indonesia
CUST016514,Bronze,80.69,False,Vietnam
CUST008888,Bronze,58.49,False,Vietnam
CUST002652,Bronze,148.45,False,Philippines
CUST009056,Gold,211.39,True,Singapore
CUST006862,Bronze,177.61,False,Indonesia
CUST000497,Platinum,163.26,True,India
CUST003463,Silver,91.37,False,Vietnam
CUST005413,Bronze,57.8,False,Thailand
CUST010167,Bronze,57.02,False,Indonesia
CUST009521,Silver,147.11,False,Philippines
CUST015506,Platinum,363.65,True,Vietnam
CUST000630,Bronze,62.11,False,Indonesia
CUST005695,Bronze,181.89,False,Singapore
CUST005130,Bronze,68.76,False,India
CUST003545,Bronze,60.49,False,Philippines
CUST008030,Gold,164.68,True,Singapore
CUST009155,Gold,237.54,True,Thailand
CUST012541,Gold,125.46,True,Indonesia
CUST017426,Platinum,530.98,True,Thailand
CUST014199,Silver,116.48,False,Indonesia
CUST010524,Silver,118.23,True,Thailand
CUST004174,Bronze,134.3,True,Philippines
CUST008860,Bronze,56.2,False,Philippines
CUST016305,Silver,146.15,False,Indonesia
CUST008466,Bronze,79.64,False,Indonesia
CUST001090,Bronze,81.86,False,India
CUST017167,Platinum,594.46,False,Thailand
CUST011828,Silver,157.57,True,Philippines
CUST007012,Silver,184.71,False,Thailand
CUST017070,Bronze,56.22,True,Singapore
CUST010257,Bronze,55.33,False,Singapore
CUST004634,Bronze,101.77,False,Thailand
CUST009861,Bronze,67.31,False,Philippines
CUST017359,Silver,157.22,False,Thailand
CUST007260,Bronze,83.53,False,Indonesia
CUST002872,Bronze,122.16,False,Singapore
CUST011072,Bronze,76.26,True,Thailand
CUST014683,Gold,301.5,True,Singapore
CUST005650,Bronze,116.41,False,Vietnam
CUST009299,Silver,121.91,False,Singapore
CUST001954,Bronze,73.58,True,Philippines
CUST003321,Bronze,71.3,False,Indonesia
CUST000510,Bronze,124.49,False,Indonesia
CUST016199,Bronze,109.94,False,Indonesia
CUST014967,Gold,167.39,False,Philippines
CUST002221,Bronze,78.29,False,Vietnam
CUST004830,Bronze,101.35,False,Thailand
CUST005716,Bronze,126.01,False,Thailand
CUST003928,Gold,191.16,True,Vietnam
CUST000789,Bronze,101.58,True,Vietnam
CUST007757,Silver,89.47,False,Vietnam
CUST016558,Bronze,120.43,False,Indonesia
CUST013551,Bronze,85.11,False,India
CUST017215,Bronze,37.88,False,Thailand
CUST013955,Bronze,69.93,True,Thailand
CUST003357,Bronze,43.08,False,India
CUST005540,Bronze,66.82,False,Thailand
CUST015938,Bronze,52.21,False,Thailand
CUST014246,Platinum,386.53,True,Thailand
CUST017020,Silver,103.66,False,India
CUST012420,Silver,275.86,True,Philippines
CUST006112,Platinum,420.21,True,Vietnam
CUST016251,Silver,222.32,True,Thailand
CUST000641,Gold,522.71,True,Thailand
CUST011205,Bronze,114.9,False,Philippines
CUST005102,Bronze,74.29,False,Indonesia
CUST009897,Gold,289.73,True,Thailand
CUST002077,Gold,196.16,False,Thailand
CUST014888,Bronze,79.48,False,Vietnam
CUST005048,Gold,281.7,False,Vietnam
CUST001921,Silver,108.83,False,Singapore
CUST004159,Bronze,61.76,False,Thailand
CUST013320,Bronze,104.92,False,Singapore
CUST001187,Silver,160.48,False,Vietnam
CUST011104,Silver,102.19,False,Philippines
CUST010457,Platinum,398.98,True,India
CUST012464,Bronze,78.66,True,Thailand
CUST016105,Bronze,96.96,False,India
CUST008506,Silver,204.36,True,Thailand
CUST011865,Bronze,60.04,False,Indonesia
CUST005318,Silver,94.41,True,Thailand
CUST013530,Gold,342.6,False,Philippines
CUST004080,Silver,106.96,False,Singapore
CUST010660,Bronze,108.75,False,Indonesia
CUST009220,Bronze,117.56,False,Indonesia
CUST017487,Gold,403.38,True,Thailand
CUST010517,Bronze,111.93,False,Thailand
CUST001569,Bronze,94.22,False,Indonesia
CUST008179,Bronze,56.4,False,Thailand
CUST017299,Bronze,94.41,False,India
CUST007652,Platinum,219.6,True,Philippines
CUST004114,Bronze,77.54,True,Indonesia
CUST007235,Bronze,56.97,False,Philippines
CUST002554,Bronze,82.0,False,Thailand
CUST011604,Gold,285.58,True,India
CUST014457,Silver,174.92,False,Indonesia
CUST002014,Bronze,61.59,True,Singapore
CUST013041,Bronze,94.05,False,Indonesia
CUST010108,Platinum,365.87,False,Thailand
CUST010041,Bronze,84.23,False,Philippines
CUST006067,Silver,47.27,True,Indonesia
CUST000379,Bronze,129.42,False,India
CUST001982,Silver,165.65,True,Thailand
CUST016732,Bronze,114.21,False,Philippines
CUST005402,Bronze,54.69,False,Vietnam
CUST016141,Bronze,52.63,False,Singapore
CUST002503,Bronze,35.17,False,Singapore
CUST006793,Bronze,67.34,True,Philippines
CUST001081,Bronze,118.91,False,Vietnam
CUST000633,Platinum,639.5,True,Thailand
CUST012416,Bronze,55.31,False,Singapore
CUST009987,Bronze,101.38,False,Indonesia
CUST012803,Silver,168.24,True,Vietnam
CUST009596,Platinum,414.24,True,Thailand
CUST012063,Bronze,48.89,True,Indonesia
CUST009614,Bronze,96.53,True,India
CUST006573,Gold,282.37,False,India
CUST010418,Bronze,82.38,False,Vietnam
CUST006207,Platinum,787.23,True,Indonesia
CUST015033,Bronze,72.41,False,India
CUST006827,Bronze,73.3,False,India
CUST011017,Bronze,108.15,False,Philippines
CUST017357,Platinum,400.66,True,Philippines
CUST013638,Gold,234.28,True,Thailand
CUST004515,Bronze,79.75,False,Vietnam
CUST015294,Bronze,65.74,False,India
CUST001237,Gold,147.8,True,Vietnam
CUST008339,Silver,202.28,True,Thailand
CUST002741,Gold,496.22,True,Philippines
CUST010324,Silver,90.17,False,Singapore
CUST013438,Bronze,88.5,False,Vietnam
CUST003633,Bronze,60.19,False,Thailand
CUST007111,Gold,262.49,False,Philippines
CUST001976,Platinum,529.87,True,Thailand
CUST004009,Silver,220.52,True,Singapore
CUST010019,Silver,212.48,True,India
CUST005509,Bronze,168.78,False,Indonesia
CUST004250,Bronze,62.75,False,India
CUST017448,Bronze,81.45,False,Vietnam
CUST003031,Bronze,66.64,False,Thailand
CUST002057,Bronze,70.04,False,Singapore
CUST011946,Silver,169.03,True,India
CUST017047,Platinum,730.12,True,Indonesia
CUST017424,Gold,295.1,True,Thailand
CUST012449,Bronze,109.64,False,Thailand
CUST002418,Bronze,95.61,False,Philippines
CUST015935,Bronze,60.61,False,Philippines
CUST009743,Silver,164.78,False,Vietnam
CUST006986,Bronze,57.37,False,Thailand
CUST016098,Bronze,98.0,False,Indonesia
CUST011029,Silver,108.75,False,India
CUST009629,Bronze,59.96,False,Singapore
CUST017263,Bronze,125.7,False,Indonesia
CUST005867,Bronze,96.05,False,Indonesia
CUST010113,Silver,223.55,True,Singapore
CUST008055,Bronze,76.81,True,Philippines
CUST016528,Bronze,48.84,False,Indonesia
CUST006140,Bronze,36.64,False,India
CUST009052,Bronze,31.0,True,India
CUST017747,Gold,123.35,False,Philippines
CUST001706,Bronze,53.75,False,Thailand
CUST010129,Bronze,112.04,True,Thailand
CUST014707,Bronze,58.55,False,Vietnam
CUST008596,Bronze,65.76,False,Thailand
CUST013973,Bronze,83.76,False,Indonesia
CUST017330,Gold,433.24,True,Thailand
CUST009950,Bronze,81.85,True,India
CUST015870,Platinum,339.76,True,Indonesia
CUST015896,Bronze,249.9,False,Thailand
CUST001530,Silver,269.27,False,Thailand
CUST011370,Bronze,129.26,False,Indonesia
CUST010387,Silver,170.93,True,Thailand
CUST002956,Silver,153.92,False,India
CUST004214,Bronze,48.9,False,Vietnam
CUST002388,Bronze,147.76,False,Thailand
CUST015022,Bronze,97.35,False,Vietnam
CUST002808,Bronze,89.13,True,India
CUST008335,Bronze,200.06,False,Vietnam
CUST010836,Bronze,81.23,True,Vietnam
CUST006261,Silver,163.66,False,Indonesia
CUST000832,Bronze,84.93,False,Indonesia
CUST011179,Bronze,37.14,False,Indonesia
CUST006703,Bronze,51.28,True,Philippines
CUST009552,Silver,271.99,False,Indonesia
CUST011345,Bronze,76.82,True,India
CUST011273,Bronze,78.8,False,Singapore
CUST012303,Bronze,67.97,False,Thailand
CUST001856,Gold,404.97,True,Indonesia
CUST008196,Bronze,94.71,False,Indonesia
CUST009216,Bronze,67.59,True,India
CUST016623,Silver,173.82,False,Indonesia
CUST003359,Bronze,249.66,False,Singapore
CUST008664,Bronze,27.73,False,India
CUST016016,Silver,110.97,False,Indonesia
CUST008156,Silver,185.96,False,India
CUST014442,Bronze,61.8,False,Thailand
CUST014713,Platinum,453.44,False,Indonesia
CUST003724,Bronze,99.67,False,Thailand
CUST016968,Gold,260.5,True,India
CUST006308,Bronze,80.11,False,India
CUST014820,Platinum,473.81,True,Thailand
CUST011944,Bronze,123.34,False,Thailand
CUST017089,Bronze,82.78,False,India
CUST007381,Silver,201.02,True,Thailand
CUST004442,Gold,213.96,False,Indonesia
CUST015011,Bronze,50.8,False,Vietnam
CUST013878,Bronze,103.68,False,India
CUST000451,Bronze,103.71,False,India
CUST011437,Gold,200.98,True,Vietnam
CUST017797,Bronze,136.19,False,Thailand
CUST009242,Silver,68.76,False,India
CUST017242,Gold,499.35,True,Philippines
CUST014003,Bronze,62.71,True,India
CUST009708,Gold,189.62,True,Thailand
CUST008069,Bronze,56.31,False,Thailand
CUST014092,Gold,452.05,False,Philippines
CUST002504,Bronze,122.62,False,Thailand
CUST014091,Bronze,128.91,False,Singapore
CUST005435,Silver,205.19,True,Indonesia
CUST010152,Bronze,55.15,True,Philippines
CUST017904,Gold,594.89,False,Philippines
CUST011628,Silver,239.01,True,Indonesia
CUST012408,Bronze,74.82,False,Philippines
CUST003992,Bronze,60.78,False,India
CUST016597,Silver,66.58,True,Vietnam
CUST015786,Bronze,101.7,False,India
CUST015072,Gold,172.59,True,Indonesia
CUST009622,Bronze,53.7,True,Indonesia
CUST001997,Silver,104.81,False,Vietnam
CUST006135,Gold,353.47,False,Indonesia
CUST005020,Platinum,382.05,True,Philippines
CUST013664,Platinum,455.68,True,Singapore
CUST013007,Bronze,86.52,False,Philippines
CUST007765,Platinum,250.81,True,India
CUST004894,Bronze,167.17,False,Vietnam
CUST016877,Bronze,61.87,False,Indonesia
CUST001638,Gold,148.04,False,Thailand
CUST016554,Gold,185.07,True,India
CUST008811,Silver,133.49,True,Thailand
CUST001929,Bronze,103.88,True,Indonesia
CUST005068,Silver,132.32,True,India
CUST010117,Silver,78.48,False,Indonesia
CUST012267,Bronze,81.16,False,Indonesia
CUST010150,Bronze,78.75,False,Thailand
CUST011389,Bronze,78.02,False,Vietnam
CUST005383,Bronze,61.1,True,India
CUST015106,Silver,91.13,False,Philippines
CUST011815,Bronze,90.73,False,Vietnam
CUST004957,Bronze,74.84,True,Indonesia
CUST007616,Gold,363.63,False,Thailand
CUST003310,Silver,316.86,True,Indonesia
CUST009771,Bronze,53.5,False,Thailand
CUST007441,Silver,94.23,True,Philippines
CUST000011,Bronze,57.42,True,Singapore
CUST003801,Bronze,80.16,False,Vietnam
CUST012676,Bronze,61.97,False,Philippines
CUST002433,Silver,241.08,True,Singapore
CUST001587,Bronze,158.07,False,Vietnam
CUST011315,Gold,131.57,False,Thailand
CUST013603,Bronze,48.99,True,India
CUST007056,Bronze,154.0,True,Indonesia
CUST010833,Bronze,55.71,False,Vietnam
CUST005933,Silver,144.48,False,Philippines
CUST003746,Bronze,71.05,True,Indonesia
CUST004165,Bronze,96.03,True,India
CUST012922,Bronze,148.33,False,Vietnam
CUST012165,Bronze,79.07,True,Indonesia
CUST006032,Bronze,55.52,False,Philippines
CUST003445,Silver,126.85,True,Thailand
CUST017162,Bronze,101.26,False,Vietnam
CUST010675,Gold,228.15,True,Philippines
CUST009813,Bronze,124.42,False,Indonesia
CUST004148,Bronze,27.28,True,India
CUST007338,Bronze,103.24,False,Philippines
CUST011813,Bronze,159.42,False,Thailand
CUST008634,Bronze,57.57,False,Thailand
CUST009947,Bronze,79.21,False,India
CUST012409,Gold,137.16,True,Indonesia
CUST016230,Bronze,81.57,False,Vietnam
CUST012276,Bronze,99.64,False,Indonesia
CUST007798,Silver,158.42,True,Vietnam
CUST014131,Platinum,323.5,False,Vietnam
CUST003968,Gold,641.8,True,Indonesia
CUST015610,Bronze,72.11,True,Thailand
CUST016012,Bronze,104.58,False,Indonesia
CUST015649,Platinum,533.82,True,Vietnam
CUST008994,Silver,139.79,True,Indonesia
CUST017021,Silver,128.42,False,Philippines
CUST014368,Bronze,79.44,False,Vietnam
CUST009279,Silver,99.16,True,Philippines
CUST014965,Gold,245.42,False,Philippines
CUST010948,Bronze,66.41,False,Philippines
CUST017854,Bronze,75.72,True,Vietnam
CUST009857,Bronze,69.73,False,Singapore
CUST017853,Silver,220.04,True,India
CUST009289,Bronze,56.3,False,Vietnam
CUST000038,Bronze,92.38,False,Indonesia
CUST012877,Bronze,58.12,False,Indonesia
CUST016460,Silver,137.35,True,Vietnam
CUST006433,Bronze,108.17,True,Thailand
CUST006049,Bronze,105.28,False,Indonesia
CUST011299,Bronze,47.02,False,India
CUST001758,Bronze,74.83,True,Philippines
CUST009991,Gold,264.98,False,Vietnam
CUST012952,Silver,89.25,True,Indonesia
CUST008278,Bronze,82.34,False,Indonesia
CUST010410,Silver,117.35,False,Philippines
CUST016629,Bronze,86.52,True,Philippines
CUST012938,Bronze,95.52,False,Singapore
CUST002341,Bronze,73.63,False,Vietnam
CUST004805,Gold,456.4,True,Vietnam
CUST011497,Bronze,117.45,False,India
CUST003585,Silver,96.02,False,Philippines
CUST017255,Gold,236.12,True,Indonesia
CUST004963,Platinum,795.38,False,Indonesia
CUST008772,Platinum,269.98,True,Philippines
CUST006002,Silver,107.64,True,Thailand
CUST011501,Bronze,56.46,False,Singapore
CUST000661,Platinum,261.79,True,Indonesia
CUST009918,Silver,290.02,True,Vietnam
CUST014488,Silver,160.63,True,Vietnam
CUST001483,Gold,420.51,True,Singapore
CUST004152,Platinum,689.41,True,Philippines
CUST004027,Silver,472.09,False,Singapore
CUST005171,Gold,289.32,False,Philippines
CUST007273,Bronze,188.13,False,India
CUST014623,Bronze,149.43,False,Vietnam
CUST008007,Bronze,74.13,False,Thailand
CUST007095,Bronze,111.15,False,Vietnam
CUST002354,Bronze,40.94,False,India
CUST010910,Bronze,62.84,True,Singapore
CUST007677,Silver,133.36,False,Indonesia
CUST014201,Bronze,87.94,True,Vietnam
CUST003598,Gold,280.42,True,Philippines
CUST016217,Bronze,114.36,False,Philippines
CUST003229,Bronze,96.98,False,Indonesia
CUST004041,Gold,290.05,False,Thailand
CUST006558,Silver,446.91,True,Thailand
CUST003110,Bronze,90.87,False,Vietnam
CUST015432,Silver,299.89,False,India
CUST014735,Bronze,83.55,False,Indonesia
CUST010824,Platinum,570.92,True,Indonesia
CUST016485,Platinum,359.24,False,Vietnam
CUST000609,Bronze,89.93,False,Philippines
CUST008279,Bronze,124.36,False,Vietnam
CUST005956,Bronze,137.53,False,Indonesia
CUST013585,Silver,196.29,False,Vietnam
CUST004609,Bronze,59.4,False,India
CUST014200,Bronze,157.75,False,Philippines
CUST004500,Platinum,421.04,True,Thailand
CUST016701,Gold,288.89,False,Thailand
CUST014710,Silver,92.83,True,Philippines
CUST005381,Platinum,743.77,True,Indonesia
CUST012940,Silver,166.02,True,Indonesia
CUST004645,Silver,168.53,False,Thailand
CUST014398,Silver,90.79,False,Indonesia
CUST007243,Silver,199.2,False,Indonesia
CUST008985,Bronze,119.83,False,Indonesia
CUST010955,Silver,205.14,True,Indonesia
CUST011019,Silver,85.36,True,Philippines
CUST000684,Bronze,52.08,False,Vietnam
CUST007186,Bronze,92.82,False,Singapore
CUST014943,Bronze,84.75,True,Thailand
CUST005728,Platinum,456.88,True,Thailand
CUST013517,Bronze,79.64,False,Vietnam
CUST017866,Bronze,118.45,False,Thailand
CUST007532,Silver,64.88,False,Thailand
CUST009816,Bronze,122.29,True,Indonesia
CUST012184,Silver,91.6,False,Indonesia
CUST008778,Bronze,82.09,False,Thailand
CUST002439,Bronze,87.91,False,Philippines
CUST011991,Silver,129.17,True,Thailand
CUST006569,Platinum,1133.24,True,Indonesia
CUST015253,Bronze,106.06,False,Singapore
CUST005832,Bronze,85.11,False,Philippines
CUST014285,Bronze,66.76,False,Indonesia
CUST016873,Bronze,109.3,False,Vietnam
CUST015219,Silver,102.86,False,Vietnam
CUST017573,Silver,216.91,True,Thailand
CUST016215,Bronze,172.15,False,Singapore
CUST002086,Platinum,333.76,True,Singapore
CUST010399,Bronze,87.01,False,Indonesia
CUST005070,Bronze,74.95,False,Philippines
CUST002861,Silver,137.79,False,Indonesia
CUST016854,Silver,140.93,False,Singapore
CUST010684,Silver,106.23,True,Indonesia
CUST013568,Bronze,45.43,False,Thailand
CUST007620,Bronze,73.35,False,Indonesia
CUST017577,Silver,114.65,True,Thailand
CUST004130,Bronze,180.55,False,Indonesia
CUST010405,Gold,258.49,True,Philippines
CUST014235,Bronze,67.27,False,Thailand
CUST002836,Bronze,118.15,False,Thailand
CUST015387,Gold,199.54,True,Philippines
CUST017554,Silver,155.89,False,Vietnam
CUST015184,Bronze,73.9,False,Vietnam
CUST011239,Silver,151.45,True,Indonesia
CUST015696,Bronze,64.65,True,India
CUST013784,Silver,91.37,True,Philippines
CUST006076,Bronze,250.19,False,Philippines
CUST008502,Bronze,48.98,False,Vietnam
CUST013841,Gold,254.12,False,Indonesia
CUST011720,Bronze,63.33,False,Philippines
CUST006713,Bronze,85.01,False,Philippines
CUST001664,Bronze,75.38,False,Philippines
CUST005182,Bronze,90.08,False,Vietnam
CUST016533,Bronze,63.59,False,Thailand
CUST016862,Gold,406.44,False,Vietnam
CUST016122,Gold,314.66,True,India
CUST012388,Silver,215.45,False,Indonesia
CUST010056,Bronze,98.46,False,Vietnam
CUST008254,Platinum,248.71,True,Thailand
CUST011043,Silver,135.06,False,Indonesia
CUST010550,Silver,233.83,False,Vietnam
CUST010125,Silver,306.65,False,Thailand
CUST006248,Bronze,67.58,False,Vietnam
CUST012510,Gold,279.1,True,Indonesia
CUST012148,Bronze,71.67,False,India
CUST007865,Platinum,190.8,True,Thailand
CUST011270,Silver,112.47,True,Indonesia
CUST004405,Bronze,66.38,False,Indonesia
CUST002623,Bronze,69.82,True,India
CUST014747,Bronze,64.41,False,Thailand
CUST015876,Silver,165.51,True,Thailand
CUST013577,Bronze,106.83,True,Thailand
CUST001345,Bronze,129.2,False,Indonesia
CUST008344,Gold,259.51,True,Singapore
CUST002985,Gold,504.28,False,Vietnam
CUST001940,Gold,208.71,False,Vietnam
CUST000897,Bronze,69.22,False,Vietnam
CUST000218,Bronze,99.82,True,India
CUST016030,Gold,385.93,True,Thailand
CUST000309,Bronze,102.22,False,Indonesia
CUST002070,Platinum,295.35,False,Philippines
CUST007246,Silver,184.5,True,Thailand
CUST016902,Gold,155.15,False,Thailand
CUST014474,Bronze,60.22,False,Vietnam
CUST007548,Bronze,73.8,False,Vietnam
CUST015471,Bronze,144.24,False,Thailand
CUST011373,Silver,99.12,True,Thailand
CUST013383,Bronze,72.38,True,Vietnam
CUST013184,Bronze,33.32,False,India
CUST015867,Bronze,75.99,False,Vietnam
CUST007742,Bronze,71.35,False,Vietnam
CUST016451,Bronze,70.5,False,Vietnam
CUST017798,Bronze,86.42,False,India
CUST001953,Gold,278.36,True,Thailand
CUST000289,Bronze,66.76,False,Vietnam
CUST016985,Bronze,50.81,True,Vietnam
CUST013643,Bronze,84.06,False,Thailand
CUST015550,Bronze,97.59,True,Singapore
CUST000966,Bronze,50.67,False,India
CUST002907,Bronze,91.19,False,Vietnam
CUST005874,Platinum,1170.07,True,India
CUST013289,Bronze,219.8,False,Philippines
CUST002270,Platinum,516.25,False,Vietnam
CUST008456,Bronze,106.05,False,Indonesia
CUST005772,Bronze,78.94,False,Vietnam
CUST015958,Bronze,73.45,False,Singapore
CUST002871,Bronze,129.09,False,Thailand
CUST005959,Bronze,74.13,False,Philippines
CUST008912,Gold,634.61,True,Indonesia
CUST012239,Bronze,53.09,True,Thailand
CUST002377,Bronze,50.79,False,Philippines
CUST011908,Silver,68.22,False,Philippines
CUST016153,Bronze,151.51,False,India
CUST008140,Bronze,115.89,False,Thailand
CUST006896,Bronze,62.97,False,Indonesia
CUST010877,Silver,76.3,False,Philippines
CUST013605,Silver,166.58,False,India
CUST007704,Silver,239.17,False,Vietnam
CUST014565,Bronze,117.84,False,Thailand
CUST001439,Bronze,75.5,False,India
CUST007916,Platinum,766.15,True,Singapore
CUST013281,Silver,125.02,False,Vietnam
CUST002700,Silver,92.19,True,India
CUST017895,Bronze,76.77,False,Indonesia
CUST012531,Bronze,76.14,False,Thailand
CUST007545,Bronze,92.69,True,Thailand
CUST002596,Gold,263.43,False,Indonesia
CUST010656,Bronze,91.14,True,Philippines
CUST005320,Platinum,864.85,True,Thailand
CUST014886,Bronze,84.66,False,India
CUST011215,Bronze,38.29,False,India
CUST012762,Bronze,50.98,True,Philippines
CUST012128,Silver,124.63,False,Thailand
CUST004204,Bronze,135.35,False,Indonesia
CUST006269,Silver,130.78,False,Thailand
CUST001454,Silver,238.49,True,Thailand
CUST016291,Gold,212.34,True,Thailand
CUST015519,Platinum,763.75,True,Vietnam
CUST012883,Bronze,77.46,True,Thailand
CUST014487,Platinum,540.89,True,Thailand
CUST003268,Bronze,36.1,True,Singapore
CUST003683,Bronze,58.55,False,Vietnam
CUST012224,Bronze,108.82,False,Thailand
CUST004919,Platinum,290.64,True,Singapore
CUST009288,Bronze,58.64,False,Philippines
CUST005399,Bronze,97.39,False,Vietnam
CUST006113,Bronze,89.07,False,Vietnam
CUST011328,Bronze,81.79,False,India
CUST011376,Platinum,444.45,True,Vietnam
CUST008161,Silver,190.1,True,Thailand
CUST003608,Silver,153.35,False,Vietnam
CUST006843,Bronze,109.69,False,Indonesia
CUST017048,Bronze,80.39,True,Vietnam
CUST006722,Bronze,109.8,False,India
CUST008833,Silver,251.36,True,Indonesia
CUST014462,Bronze,97.82,False,Thailand
CUST002629,Gold,277.84,True,Thailand
CUST001362,Silver,134.38,False,Indonesia
CUST003911,Silver,217.57,True,Thailand
CUST017906,Bronze,34.02,False,Vietnam
CUST012116,Gold,159.95,True,Thailand
CUST004997,Bronze,115.94,False,Philippines
CUST009301,Silver,226.77,True,Singapore
CUST001820,Silver,146.17,False,Singapore
CUST014988,Silver,132.44,False,India
CUST003034,Bronze,91.46,False,Thailand
CUST009145,Silver,167.76,True,Singapore
CUST008745,Platinum,492.41,True,Vietnam
CUST001166,Silver,123.48,False,India
CUST012673,Gold,345.94,True,Indonesia
CUST009994,Bronze,65.66,True,Vietnam
CUST008806,Platinum,509.28,True,Philippines
CUST001462,Bronze,80.54,False,Singapore
CUST008890,Gold,209.26,True,Thailand
CUST015336,Silver,199.43,True,Singapore
CUST012947,Bronze,62.46,False,Indonesia
CUST007990,Gold,351.33,True,Singapore
CUST002276,Bronze,123.65,False,Singapore
CUST011739,Gold,318.97,False,Indonesia
CUST009047,Gold,200.42,True,Vietnam
CUST003177,Bronze,51.58,True,Vietnam
CUST009966,Bronze,38.05,False,Vietnam
CUST009066,Bronze,43.47,True,Thailand
CUST013814,Bronze,52.47,True,Thailand
CUST009909,Silver,118.65,False,Thailand
CUST004971,Gold,233.81,True,India
CUST015043,Bronze,92.69,True,Philippines
CUST004158,Gold,207.18,True,Singapore
CUST016818,Bronze,148.48,False,Thailand
CUST015397,Bronze,42.53,False,Singapore
CUST016900,Bronze,48.94,False,Philippines
CUST005641,Bronze,111.35,False,India
CUST008881,Silver,232.2,True,Philippines
CUST002943,Silver,142.06,True,Thailand
CUST013210,Silver,228.55,True,Thailand
CUST006218,Bronze,68.42,False,Singapore
CUST006879,Bronze,55.78,False,Indonesia
CUST012257,Gold,388.07,False,Singapore
CUST003486,Bronze,56.03,False,Philippines
CUST006847,Bronze,56.6,False,Vietnam
CUST007660,Bronze,99.21,False,Indonesia
CUST000075,Bronze,39.92,False,Indonesia
CUST006079,Silver,174.93,False,Philippines
CUST013083,Bronze,84.29,False,Thailand
CUST009503,Bronze,78.39,False,Thailand
CUST002410,Bronze,55.16,False,India
CUST003851,Gold,164.17,True,Vietnam
CUST007297,Gold,473.88,True,Indonesia
CUST005403,Gold,355.13,False,Philippines
CUST013597,Bronze,112.84,False,Indonesia
CUST014573,Bronze,53.78,False,Thailand
CUST000845,Silver,277.35,True,Indonesia
CUST011914,Bronze,128.85,False,Indonesia
CUST017856,Silver,168.1,False,Vietnam
CUST008483,Bronze,45.2,False,Indonesia
CUST000778,Silver,116.39,False,Indonesia
CUST004265,Bronze,59.8,False,Vietnam
CUST003069,Bronze,112.12,False,Indonesia
CUST009560,Bronze,181.17,False,India
CUST012075,Bronze,66.52,False,Indonesia
CUST000977,Bronze,186.2,False,Indonesia
CUST004139,Bronze,70.31,False,Thailand
CUST016406,Silver,154.78,False,Singapore
CUST016659,Bronze,93.47,True,India
CUST013923,Platinum,368.67,True,Philippines
CUST005515,Bronze,119.21,False,Thailand
CUST004270,Bronze,96.79,False,Singapore
CUST002161,Bronze,65.95,False,Indonesia
CUST014829,Gold,240.0,False,Vietnam
CUST010547,Bronze,61.43,False,Vietnam
CUST015040,Bronze,79.28,False,Thailand
CUST008141,Platinum,495.4,True,Indonesia
CUST002301,Silver,155.33,False,Thailand
CUST006294,Gold,344.95,False,Indonesia
CUST016740,Gold,210.94,True,Philippines
CUST015167,Bronze,62.45,False,Indonesia
CUST014176,Silver,81.09,False,India
CUST010525,Gold,211.27,True,Vietnam
CUST000402,Bronze,79.89,False,Thailand
CUST015828,Bronze,64.16,False,Philippines
CUST015715,Bronze,91.02,False,Thailand
CUST014468,Silver,219.56,False,Vietnam
CUST011590,Silver,191.9,True,Indonesia
CUST000291,Bronze,50.31,False,Philippines
CUST006448,Bronze,47.45,False,Philippines
CUST017081,Bronze,112.17,False,Indonesia
CUST011700,Silver,159.15,False,Indonesia
CUST007386,Bronze,58.74,False,Vietnam
CUST000091,Silver,163.33,False,Vietnam
CUST015927,Bronze,42.41,False,Philippines
CUST016949,Silver,147.37,False,Indonesia
CUST000872,Platinum,487.8,True,Thailand
CUST007331,Bronze,74.55,False,Indonesia
CUST013985,Silver,107.59,False,Philippines
CUST015985,Gold,212.71,True,Indonesia
CUST003920,Gold,372.44,True,Indonesia
CUST003936,Bronze,93.66,False,India
CUST015814,Bronze,63.87,False,India
CUST005106,Silver,171.94,True,Thailand
CUST015817,Bronze,67.68,False,India
CUST005287,Platinum,395.19,True,Singapore
CUST015528,Platinum,750.05,True,Philippines
CUST005592,Bronze,31.25,False,Thailand
CUST014720,Bronze,107.73,False,Singapore
CUST009443,Gold,379.74,True,Vietnam
CUST014869,Bronze,68.72,True,Thailand
CUST016757,Silver,194.54,False,Indonesia
CUST013547,Bronze,45.06,False,Thailand
CUST004819,Bronze,92.38,False,Thailand
CUST010412,Silver,74.06,False,India
CUST002843,Bronze,71.38,False,Vietnam
CUST005697,Platinum,689.67,True,Thailand
CUST015688,Bronze,162.69,False,Singapore
CUST011529,Bronze,60.88,False,Thailand
CUST011531,Bronze,102.12,True,Singapore
CUST014046,Bronze,36.38,False,Philippines
CUST005645,Bronze,48.89,False,Indonesia
CUST008601,Bronze,115.81,True,Vietnam
CUST014681,Silver,84.19,False,Vietnam
CUST007523,Bronze,87.67,False,India
CUST014555,Bronze,154.18,False,Thailand
CUST014670,Gold,325.47,True,Philippines
CUST016730,Bronze,37.2,True,Vietnam
CUST015060,Platinum,760.45,True,Thailand
CUST008610,Platinum,1250.46,True,India
CUST007706,Bronze,104.46,False,Thailand
CUST016454,Gold,383.42,False,Vietnam
CUST016710,Bronze,73.03,False,India
CUST015086,Bronze,56.83,True,Philippines
CUST006840,Silver,170.43,False,Singapore
CUST015446,Bronze,58.92,False,Indonesia
CUST015665,Silver,156.47,False,Thailand
CUST003584,Bronze,52.84,False,Thailand
CUST007750,Bronze,67.35,False,Thailand
CUST004122,Bronze,76.76,False,Philippines
CUST003169,Bronze,182.94,False,Vietnam
CUST002528,Bronze,66.68,True,Thailand
CUST012223,Silver,88.28,True,Singapore
CUST002794,Silver,218.57,False,Philippines
CUST009449,Gold,290.86,False,Thailand
CUST017206,Bronze,69.92,False,India
CUST006293,Bronze,137.87,False,Indonesia
CUST008857,Gold,364.95,True,India
CUST011451,Bronze,80.48,False,India
CUST006175,Bronze,52.93,False,Philippines
CUST004509,Silver,119.64,True,Vietnam
CUST010256,Bronze,84.66,False,Singapore
CUST010221,Bronze,52.21,True,Singapore
CUST015024,Bronze,116.22,False,Vietnam
CUST012566,Gold,235.44,True,Thailand
CUST003777,Silver,190.43,True,Indonesia
CUST008429,Silver,133.58,False,Vietnam
CUST015479,Platinum,503.75,True,Thailand
CUST010366,Bronze,65.1,False,Vietnam
CUST000709,Bronze,86.89,False,Thailand
CUST006754,Gold,300.82,False,Singapore
CUST009002,Silver,191.8,True,Vietnam
CUST000059,Bronze,67.4,False,India
CUST006062,Gold,343.3,True,Vietnam
CUST000739,Bronze,56.28,False,India
CUST005007,Silver,226.4,True,India
CUST006698,Silver,153.5,True,Thailand
CUST001209,Bronze,72.03,False,Vietnam
CUST013037,Silver,137.81,True,Philippines
CUST011906,Silver,107.12,False,Singapore
CUST006559,Silver,143.05,False,India
CUST014435,Bronze,98.43,True,India
CUST010725,Gold,187.58,False,Singapore
CUST001139,Bronze,40.62,False,Vietnam
CUST001077,Bronze,96.87,False,Indonesia
CUST013443,Bronze,70.27,False,Singapore
CUST007697,Silver,101.37,True,Vietnam
CUST000531,Gold,213.53,True,Philippines
CUST017901,Bronze,112.47,False,Philippines
CUST006753,Gold,246.47,True,Philippines
CUST002130,Bronze,113.78,True,Vietnam
CUST000748,Bronze,86.5,False,India
CUST007558,Silver,246.99,True,Thailand
CUST013278,Bronze,60.41,False,Thailand
CUST006992,Bronze,63.34,False,Philippines
CUST016766,Bronze,80.98,False,Indonesia
CUST005847,Bronze,122.51,False,Thailand
CUST000314,Gold,213.66,False,Singapore
CUST008397,Gold,140.35,True,India
CUST006485,Silver,132.04,True,Vietnam
CUST017654,Silver,286.7,True,Indonesia
CUST015678,Silver,80.45,False,Vietnam
CUST001556,Bronze,61.15,True,Vietnam
CUST015646,Bronze,97.72,False,Philippines
CUST013199,Gold,146.18,True,Singapore
CUST014248,Bronze,111.84,False,Indonesia
CUST004886,Platinum,717.36,True,Thailand
CUST015546,Platinum,907.61,True,Indonesia
CUST013607,Silver,118.72,True,India
CUST008162,Bronze,125.12,False,Vietnam
CUST010474,Silver,129.38,False,Thailand
CUST002160,Bronze,65.56,True,Vietnam
CUST015989,Bronze,145.14,False,Thailand
CUST009278,Silver,289.39,False,Indonesia
CUST008032,Platinum,574.47,True,India
CUST011984,Platinum,966.44,True,Vietnam
CUST013012,Bronze,54.68,False,Thailand
CUST006663,Bronze,67.63,False,Thailand
CUST017959,Bronze,39.77,False,Philippines
CUST006455,Gold,144.42,True,Philippines
CUST003593,Bronze,97.52,False,Singapore
CUST000118,Gold,232.14,True,Thailand
CUST005452,Bronze,65.93,False,Vietnam
CUST000986,Bronze,57.85,False,Singapore
CUST013686,Bronze,206.07,False,Vietnam
CUST016220,Bronze,74.25,False,Indonesia
CUST014360,Bronze,83.44,False,Thailand
CUST017588,Silver,219.51,False,India
CUST013414,Silver,292.97,False,Singapore
CUST016817,Bronze,78.98,False,Philippines
CUST000869,Bronze,57.79,False,Philippines
CUST010383,Silver,310.75,False,India
CUST002477,Silver,196.85,True,Indonesia
CUST016634,Gold,281.62,True,Vietnam
CUST001064,Gold,274.54,True,India
CUST000206,Bronze,116.11,True,Philippines
CUST001943,Bronze,74.71,False,Vietnam
CUST011899,Platinum,975.66,False,Philippines
CUST012215,Bronze,98.04,False,Philippines
CUST007171,Gold,360.04,True,Vietnam
CUST001567,Bronze,57.7,False,India
CUST016884,Gold,242.01,True,Philippines
CUST008489,Bronze,80.22,True,Thailand
CUST009214,Gold,371.45,False,Indonesia
CUST004703,Bronze,79.73,False,Thailand
CUST016586,Bronze,56.48,False,India
CUST004762,Bronze,68.87,False,Philippines
CUST014990,Bronze,175.99,False,Singapore
CUST009989,Bronze,70.5,False,Vietnam
CUST015596,Silver,135.08,False,Indonesia
CUST004470,Silver,211.69,False,Indonesia
CUST010578,Silver,197.49,False,Philippines
CUST000298,Platinum,450.62,True,Thailand
CUST005393,Silver,108.77,False,Indonesia
CUST011294,Bronze,76.56,False,Thailand
CUST001553,Bronze,45.2,False,Indonesia
CUST011749,Gold,180.5,True,India
CUST010064,Silver,122.23,False,Thailand
CUST012767,Bronze,84.73,False,Thailand
CUST009773,Platinum,257.49,True,Thailand
CUST014010,Bronze,175.33,False,Singapore
CUST016228,Silver,133.32,False,Thailand
CUST010700,Bronze,64.39,False,Thailand
CUST010775,Silver,108.92,True,Vietnam
CUST009491,Silver,162.58,False,Singapore
CUST015295,Bronze,172.16,False,Indonesia
CUST004798,Bronze,135.94,False,India
CUST001607,Bronze,101.79,False,Philippines
CUST013109,Bronze,95.12,True,Philippines
CUST003089,Bronze,98.23,False,India
CUST008944,Gold,441.3,False,India
CUST011911,Bronze,186.93,False,Indonesia
CUST013728,Bronze,85.73,False,Vietnam
CUST015903,Bronze,50.32,False,Singapore
CUST015026,Silver,87.51,False,Vietnam
CUST015078,Bronze,66.63,False,Indonesia
CUST001383,Bronze,63.36,False,India
CUST011767,Bronze,43.85,False,Vietnam
CUST001380,Bronze,40.88,True,Indonesia
CUST004313,Bronze,161.26,False,Thailand
CUST007966,Bronze,76.12,False,Philippines
CUST017444,Gold,202.67,True,India
CUST000285,Silver,86.76,True,Thailand
CUST012949,Silver,198.49,False,Vietnam
CUST006621,Gold,182.51,True,Vietnam
CUST011312,Bronze,91.86,False,Vietnam
CUST007662,Bronze,108.08,False,India
CUST001447,Silver,152.7,False,Indonesia
CUST005569,Silver,129.24,False,Indonesia
CUST007858,Bronze,37.42,False,Thailand
CUST012141,Silver,124.69,False,Indonesia
CUST015708,Gold,278.3,False,Singapore
CUST008957,Gold,269.71,False,Singapore
CUST016432,Silver,122.18,True,India
CUST010090,Platinum,858.09,False,Vietnam
CUST003254,Gold,219.52,False,Singapore
CUST006921,Silver,502.74,False,Vietnam
CUST007034,Silver,242.98,True,Vietnam
CUST016436,Gold,254.54,True,India
CUST013487,Platinum,249.55,True,Indonesia
CUST003379,Gold,169.97,True,Vietnam
CUST004487,Platinum,592.98,True,Thailand
CUST009550,Silver,151.8,False,Philippines
CUST014733,Gold,369.13,True,Philippines
CUST000144,Gold,265.48,False,Thailand
CUST004872,Bronze,111.43,False,India
CUST003001,Bronze,47.06,False,Philippines
CUST006957,Silver,236.94,False,Singapore
CUST004212,Bronze,60.55,False,Singapore
CUST004465,Silver,134.57,False,India
CUST017684,Bronze,88.29,False,Indonesia
CUST003941,Gold,463.65,True,Thailand
CUST013265,Bronze,45.86,False,Thailand
CUST008840,Bronze,111.36,False,Indonesia
CUST012578,Gold,225.22,False,India
CUST014307,Bronze,56.31,False,Singapore
CUST010972,Gold,189.68,False,Vietnam
CUST017946,Bronze,67.7,False,Indonesia
CUST016541,Bronze,68.73,False,India
CUST014766,Bronze,105.42,False,Thailand
CUST014212,Silver,203.24,False,Vietnam
CUST006742,Gold,168.06,True,Singapore
CUST001889,Bronze,34.27,False,Philippines
CUST005581,Bronze,59.82,False,Indonesia
CUST010018,Silver,250.04,False,Philippines
CUST014165,Silver,160.74,False,Thailand
CUST010803,Silver,441.04,True,Thailand
CUST010830,Platinum,846.83,True,Vietnam
CUST017067,Silver,83.57,False,Indonesia
CUST016855,Bronze,71.5,False,Thailand
CUST001114,Gold,362.42,True,Indonesia
CUST000783,Silver,176.97,False,Thailand
CUST002203,Silver,72.2,False,Thailand
CUST007122,Bronze,93.79,False,Thailand
CUST004591,Silver,195.27,False,India
CUST010668,Bronze,58.67,False,Singapore
CUST017432,Gold,199.45,False,Thailand
CUST013632,Bronze,56.57,False,Indonesia
CUST012650,Bronze,89.55,False,Thailand
CUST015929,Silver,194.09,False,India
CUST002307,Bronze,74.99,False,Philippines
CUST012436,Bronze,58.36,False,Philippines
CUST006545,Bronze,38.34,False,Philippines
CUST012889,Bronze,41.46,False,Thailand
CUST003626,Platinum,713.97,False,Philippines
CUST013413,Bronze,52.18,True,Indonesia
CUST001436,Gold,421.54,False,Vietnam
CUST014911,Bronze,58.55,False,Vietnam
CUST004236,Bronze,59.45,False,Singapore
CUST015912,Bronze,51.56,False,Vietnam
CUST010831,Gold,213.72,True,Philippines
CUST002947,Bronze,39.09,False,Thailand
CUST001034,Platinum,1063.42,True,Philippines
CUST000721,Bronze,153.12,False,Thailand
CUST017188,Bronze,44.17,False,Indonesia
CUST010901,Bronze,66.49,False,Philippines
CUST014085,Gold,277.11,True,Singapore
CUST001504,Bronze,45.01,False,Philippines
CUST014669,Bronze,131.62,True,Thailand
CUST004753,Gold,187.42,True,Singapore
CUST007613,Bronze,84.79,False,Indonesia
CUST008945,Silver,298.05,False,Thailand
CUST014561,Silver,152.33,True,Singapore
CUST008731,Bronze,52.84,False,Indonesia
CUST005939,Bronze,42.86,False,Philippines
CUST000840,Gold,223.14,True,Singapore
CUST010060,Bronze,78.81,False,Vietnam
CUST008719,Gold,380.94,True,Thailand
CUST016953,Platinum,671.53,True,India
CUST016509,Platinum,560.48,True,Philippines
CUST006266,Gold,358.36,False,Philippines
CUST015407,Silver,114.98,True,Vietnam
CUST016286,Bronze,124.64,False,Singapore
CUST016100,Gold,137.4,True,Philippines
CUST011248,Bronze,63.52,False,Indonesia
CUST015695,Gold,199.56,True,Vietnam
CUST003153,Bronze,37.94,False,Vietnam
CUST010598,Silver,69.04,True,Singapore
CUST015834,Gold,438.15,True,Singapore
CUST017038,Bronze,127.98,False,Vietnam
CUST007312,Platinum,482.37,True,Philippines
CUST007861,Bronze,93.9,False,Singapore
CUST008616,Silver,92.39,True,India
CUST000667,Silver,151.53,True,Indonesia
CUST009797,Silver,108.66,True,Indonesia
CUST003343,Bronze,86.89,False,Philippines
CUST014808,Bronze,67.23,False,Thailand
CUST009534,Bronze,108.71,True,Indonesia
CUST014591,Bronze,117.46,True,Vietnam
CUST010492,Gold,217.14,True,Vietnam
CUST014589,Platinum,288.43,True,Philippines
CUST011456,Silver,111.63,False,Vietnam
CUST017873,Silver,89.52,False,Thailand
CUST014918,Platinum,211.87,True,Thailand
CUST000302,Platinum,463.58,True,India
CUST003985,Bronze,65.49,True,Indonesia
CUST016950,Platinum,553.87,True,Indonesia
CUST002191,Gold,319.82,False,Thailand
CUST001489,Bronze,71.01,False,Philippines
CUST007525,Silver,91.8,False,Indonesia
CUST015955,Bronze,183.13,False,Indonesia
CUST016709,Silver,311.81,False,Indonesia
CUST004521,Gold,148.81,True,Vietnam
CUST006715,Platinum,476.9,True,Vietnam
CUST016394,Bronze,37.61,True,Thailand
CUST012797,Bronze,38.93,False,Indonesia
CUST002475,Bronze,83.08,True,India
CUST015505,Silver,140.87,True,India
CUST002387,Silver,148.14,True,Singapore
CUST005286,Bronze,69.8,False,Thailand
CUST005990,Bronze,89.99,False,Thailand
CUST014650,Bronze,177.71,False,Indonesia
CUST011319,Bronze,71.81,False,Singapore
CUST001505,Platinum,543.85,True,Thailand
CUST005239,Bronze,112.06,False,Indonesia
CUST000137,Silver,172.33,True,Indonesia
CUST006438,Gold,278.11,False,Indonesia
CUST013498,Bronze,80.56,False,Indonesia
CUST000946,Silver,116.55,False,Thailand
CUST012150,Silver,63.78,True,Indonesia
CUST002258,Bronze,119.05,False,Singapore
CUST013719,Bronze,62.07,False,Indonesia
CUST010154,Bronze,57.62,False,Thailand
CUST004363,Bronze,71.25,False,Indonesia
CUST015122,Bronze,44.23,False,Vietnam
CUST013091,Gold,206.4,False,India
CUST016048,Silver,113.65,True,Vietnam
CUST005028,Bronze,84.96,False,Vietnam
CUST010176,Silver,129.68,False,Indonesia
CUST015053,Silver,151.93,True,Indonesia
CUST003624,Platinum,554.02,True,Thailand
CUST001948,Bronze,78.48,False,Singapore
CUST004191,Bronze,42.13,False,Indonesia
CUST013351,Silver,163.66,True,India
CUST012350,Silver,220.35,False,Philippines
CUST002911,Platinum,594.32,True,Vietnam
CUST003513,Gold,160.11,True,Vietnam
CUST013171,Bronze,104.36,False,Vietnam
CUST012379,Bronze,65.15,False,Thailand
CUST009235,Bronze,75.95,False,Indonesia
CUST011042,Gold,403.55,False,Philippines
CUST007682,Silver,100.74,True,India
CUST009682,Platinum,593.97,True,Thailand
CUST004836,Platinum,347.62,True,Vietnam
CUST010042,Silver,103.5,False,Singapore
CUST005054,Bronze,88.91,False,Vietnam
CUST015779,Bronze,70.68,False,Thailand
CUST007289,Bronze,53.79,False,Philippines
CUST007823,Silver,47.35,True,Indonesia
CUST001170,Gold,615.14,True,Vietnam
CUST010835,Bronze,51.96,False,India
CUST012302,Bronze,80.33,False,Singapore
CUST014447,Silver,148.68,False,Philippines
CUST015980,Platinum,505.93,True,Thailand
CUST000380,Silver,116.61,False,Thailand
CUST010846,Silver,293.12,True,India
CUST017454,Bronze,50.47,False,Singapore
CUST003057,Bronze,144.67,False,Indonesia
CUST003166,Bronze,44.22,False,Indonesia
CUST002509,Bronze,72.89,True,Indonesia
CUST009923,Bronze,193.5,False,Indonesia
CUST013359,Bronze,56.7,True,Thailand
CUST006991,Bronze,63.33,False,Singapore
CUST002179,Bronze,172.8,False,Indonesia
CUST000676,Silver,105.39,False,Singapore
CUST010106,Bronze,56.74,False,Philippines
CUST001839,Bronze,74.85,True,Indonesia
CUST017737,Silver,126.23,True,Thailand
CUST017320,Bronze,106.46,False,Singapore
CUST011361,Bronze,70.43,False,Philippines
CUST000754,Bronze,46.96,False,Indonesia
CUST011114,Gold,428.84,True,Philippines
CUST015079,Bronze,61.73,True,India
CUST011207,Silver,87.0,False,Thailand
CUST001653,Bronze,97.34,False,Singapore
CUST004536,Bronze,146.46,True,India
CUST013054,Bronze,56.67,False,India
CUST010645,Bronze,129.73,False,Indonesia
CUST008310,Bronze,62.43,False,Singapore
CUST016515,Platinum,436.17,False,Indonesia
CUST010976,Bronze,66.2,False,Singapore
CUST007560,Platinum,396.24,True,Vietnam
CUST008464,Platinum,885.82,True,Indonesia
CUST001968,Silver,153.77,False,Vietnam
CUST002256,Platinum,651.59,False,Vietnam
CUST008704,Bronze,75.48,False,India
CUST009844,Bronze,61.14,False,Indonesia
CUST014790,Silver,91.78,True,Indonesia
CUST001181,Gold,186.17,False,Indonesia
CUST016033,Bronze,69.85,True,Thailand
CUST013550,Silver,125.71,False,Thailand
CUST012517,Silver,92.01,True,Thailand
CUST007175,Silver,91.38,False,Indonesia
CUST016983,Platinum,392.43,True,Philippines
CUST014037,Platinum,798.85,True,Philippines
CUST011359,Gold,219.7,True,Singapore
CUST008656,Gold,146.86,True,Indonesia
CUST016303,Bronze,175.16,False,Indonesia
CUST004227,Gold,120.04,False,Philippines
CUST000764,Gold,480.87,True,Thailand
CUST002481,Bronze,59.54,False,Thailand
CUST010514,Gold,300.24,True,Thailand
CUST002059,Bronze,136.78,False,Indonesia
CUST003772,Bronze,82.73,False,India
CUST007873,Bronze,141.03,False,Indonesia
CUST001503,Silver,202.97,False,Philippines
CUST016883,Bronze,73.9,False,Thailand
CUST009754,Silver,130.63,True,Singapore
CUST010774,Silver,251.1,True,Indonesia
CUST013635,Silver,207.15,False,India
CUST004260,Bronze,106.2,False,Indonesia
CUST001897,Gold,260.22,True,Thailand
CUST003446,Silver,213.37,True,Vietnam
CUST012833,Platinum,248.62,True,Thailand
CUST009098,Bronze,57.72,False,India
CUST013140,Silver,123.49,False,Indonesia
CUST012532,Bronze,82.24,True,Thailand
CUST000811,Bronze,128.04,False,Indonesia
CUST007578,Gold,205.18,True,India
CUST003997,Silver,163.53,True,Singapore
CUST000665,Bronze,71.41,True,Singapore
CUST006583,Bronze,114.55,True,India
CUST007908,Platinum,521.02,True,Philippines
CUST010465,Bronze,95.44,False,Philippines
CUST008237,Gold,449.86,True,Thailand
CUST014928,Bronze,141.27,False,India
CUST009782,Bronze,40.89,False,Indonesia
CUST010369,Silver,85.57,True,Thailand
CUST006932,Silver,116.41,False,Indonesia
CUST007622,Silver,75.71,True,Philippines
CUST000668,Bronze,47.59,False,Thailand
CUST005603,Platinum,562.52,True,Indonesia
CUST015423,Silver,263.61,False,Philippines
CUST017674,Bronze,66.21,False,Thailand
CUST003750,Bronze,55.53,False,Indonesia
CUST004057,Gold,153.87,True,India
CUST017934,Platinum,382.84,True,Vietnam
CUST007987,Bronze,139.09,False,Thailand
CUST003046,Silver,115.98,True,India
CUST003994,Bronze,95.31,False,Thailand
CUST016606,Bronze,57.55,False,Singapore
CUST010825,Bronze,78.41,True,Vietnam
CUST000827,Silver,128.04,False,Indonesia
CUST002816,Bronze,91.32,True,Indonesia
CUST009665,Bronze,69.26,False,India
CUST011792,Silver,146.82,False,Singapore
CUST012308,Bronze,82.56,False,India
CUST001783,Silver,109.95,False,Vietnam
CUST008165,Bronze,94.26,False,India
CUST005637,Silver,282.13,True,Philippines
CUST013239,Bronze,212.85,False,Thailand
CUST010327,Bronze,79.07,False,Indonesia
CUST017503,Bronze,45.02,False,Philippines
CUST007215,Bronze,82.21,False,Singapore
CUST002079,Bronze,57.85,False,Vietnam
CUST001227,Silver,113.42,True,Thailand
CUST015797,Silver,275.07,False,Singapore
CUST003053,Platinum,997.84,True,Vietnam
CUST011690,Platinum,627.83,False,Thailand
CUST004987,Silver,201.67,False,Vietnam
CUST012009,Gold,224.74,True,Thailand
CUST005010,Gold,453.32,True,Thailand
CUST014271,Bronze,124.33,False,Vietnam
CUST000595,Silver,170.87,False,Philippines
CUST000833,Bronze,66.25,False,Singapore
CUST002487,Silver,149.96,False,India
CUST001724,Bronze,156.49,False,Thailand
CUST005977,Silver,102.79,False,Vietnam
CUST000992,Gold,294.38,False,Philippines
CUST008614,Silver,210.74,False,Indonesia
CUST010554,Silver,171.07,False,Indonesia
CUST013215,Silver,221.9,False,Indonesia
CUST007992,Bronze,57.8,False,Indonesia
CUST003450,Platinum,337.01,True,Philippines
CUST001067,Bronze,52.95,False,Thailand
CUST016506,Platinum,560.91,True,Singapore
CUST000385,Bronze,75.57,False,Thailand
CUST000252,Silver,206.32,True,India
CUST005348,Gold,181.61,False,Indonesia
CUST005062,Bronze,89.67,True,Indonesia
CUST007630,Bronze,73.92,True,India
CUST005732,Bronze,33.9,False,Thailand
CUST010002,Platinum,677.62,True,Indonesia
CUST005958,Bronze,66.37,True,Thailand
CUST004460,Silver,494.65,True,Philippines
CUST011365,Gold,416.98,True,Singapore
CUST014698,Bronze,40.08,True,Indonesia
CUST004697,Silver,133.66,False,Thailand
CUST014732,Silver,311.79,True,Vietnam
CUST009361,Bronze,71.36,True,Indonesia
CUST001427,Silver,125.59,False,Thailand
CUST012561,Silver,235.61,True,India
CUST001318,Bronze,55.24,False,India
CUST008539,Bronze,49.53,False,Indonesia
CUST016519,Platinum,378.91,True,Indonesia
CUST011755,Bronze,51.12,False,India
CUST016442,Bronze,90.1,False,Thailand
CUST015246,Bronze,92.7,False,Vietnam
CUST015141,Silver,144.62,True,India
CUST015862,Bronze,82.73,False,Vietnam
CUST000315,Bronze,51.9,False,Philippines
CUST014129,Silver,155.08,True,Indonesia
CUST003419,Bronze,39.79,True,Vietnam
CUST000348,Platinum,771.13,True,Thailand
CUST006244,Silver,124.37,False,Philippines
CUST004975,Platinum,477.41,True,Vietnam
CUST007575,Platinum,323.32,True,Thailand
CUST002980,Gold,209.96,False,Indonesia
CUST012446,Platinum,458.06,True,India
CUST009811,Silver,52.18,True,Indonesia
CUST005310,Silver,254.59,False,Vietnam
CUST014188,Bronze,44.06,True,Philippines
CUST017789,Gold,166.55,False,Vietnam
CUST013155,Silver,98.86,True,Singapore
CUST001741,Bronze,106.26,True,Vietnam
CUST010116,Silver,145.99,False,Thailand
CUST012168,Gold,583.58,False,Vietnam
CUST000726,Silver,77.39,True,India
CUST003522,Bronze,59.98,False,Thailand
CUST003474,Bronze,62.51,False,Indonesia
CUST001169,Bronze,66.64,False,Indonesia
CUST014151,Bronze,56.98,False,Singapore
CUST007334,Platinum,540.22,True,Vietnam
CUST014358,Gold,270.08,True,Thailand
CUST013172,Bronze,66.19,False,Indonesia
CUST008684,Bronze,134.89,False,India
CUST015662,Bronze,144.56,False,Thailand
CUST005294,Gold,170.8,False,Vietnam
CUST015861,Bronze,120.76,False,India
CUST009303,Bronze,69.85,False,Thailand
CUST017171,Bronze,63.38,False,India
CUST002695,Bronze,39.6,False,Thailand
CUST005004,Bronze,91.06,False,India
CUST000265,Silver,170.36,False,Thailand
CUST004193,Bronze,142.71,False,Vietnam
CUST009021,Bronze,92.81,False,Thailand
CUST001000,Silver,195.56,True,India
CUST010331,Platinum,383.03,True,Indonesia
CUST012097,Silver,113.11,True,India
CUST017563,Bronze,78.05,False,Thailand
CUST013272,Bronze,150.96,False,Indonesia
CUST003351,Bronze,132.72,False,Indonesia
CUST011462,Bronze,144.98,False,Indonesia
CUST011523,Bronze,87.82,False,Philippines
CUST006108,Bronze,142.41,False,Thailand
CUST017649,Bronze,83.77,True,Indonesia
CUST013920,Silver,103.76,False,Thailand
CUST004181,Bronze,53.29,False,Singapore
CUST017677,Bronze,102.44,False,Indonesia
CUST002571,Silver,106.68,False,Thailand
CUST007991,Bronze,60.05,False,Singapore
CUST004851,Bronze,55.88,False,Thailand
CUST003643,Bronze,100.73,True,Singapore
CUST014742,Bronze,87.65,False,Thailand
CUST008444,Platinum,444.45,True,Indonesia
CUST017000,Bronze,58.7,False,India
CUST008343,Bronze,65.43,False,Singapore
CUST007110,Bronze,190.4,False,Philippines
CUST003706,Gold,476.7,True,Singapore
CUST007262,Bronze,58.22,False,Philippines
CUST017032,Platinum,319.36,True,Indonesia
CUST002186,Bronze,49.24,False,Thailand
CUST008401,Silver,179.69,True,Thailand
CUST008972,Bronze,57.08,False,India
CUST017484,Bronze,54.37,False,Thailand
CUST008299,Bronze,84.78,False,Vietnam
CUST010966,Silver,115.75,True,Indonesia
CUST014942,Bronze,197.04,False,Philippines
CUST012749,Bronze,89.66,True,Indonesia
CUST002804,Silver,204.27,True,Singapore
CUST013146,Silver,329.27,True,Philippines
CUST017537,Bronze,68.46,False,India
CUST007444,Silver,225.0,False,Indonesia
CUST013586,Bronze,59.98,False,Indonesia
CUST004757,Bronze,82.27,True,Philippines
CUST000708,Silver,183.81,True,Thailand
CUST001342,Bronze,97.15,True,Vietnam
CUST013233,Platinum,418.25,True,Thailand
CUST009308,Bronze,72.18,False,Vietnam
CUST015792,Platinum,567.55,True,Vietnam
CUST009291,Silver,187.59,False,Philippines
CUST016882,Gold,350.89,True,India
CUST000034,Gold,274.36,True,Singapore
CUST006756,Platinum,621.11,True,Indonesia
CUST014346,Bronze,116.46,False,Vietnam
CUST010898,Bronze,62.61,True,Vietnam
CUST007960,Gold,475.66,True,India
CUST014847,Gold,265.7,False,Vietnam
CUST006265,Bronze,69.54,True,India
CUST006107,Bronze,64.91,False,Singapore
CUST002719,Silver,144.6,False,India
CUST013472,Platinum,312.68,True,Philippines
CUST016423,Silver,152.26,True,Thailand
CUST004081,Gold,242.55,True,Philippines
CUST008760,Bronze,102.49,True,Indonesia
CUST006701,Silver,212.94,True,Indonesia
CUST015210,Silver,168.22,False,Thailand
CUST004249,Silver,122.06,False,Thailand
CUST005231,Bronze,108.53,True,Indonesia
CUST015454,Bronze,54.58,False,Indonesia
CUST010134,Gold,289.9,True,Philippines
CUST014947,Bronze,65.49,False,India
CUST016104,Silver,272.44,False,Vietnam
CUST001824,Bronze,103.59,False,Vietnam
CUST003444,Bronze,93.04,True,Indonesia
CUST013480,Bronze,54.1,False,Vietnam
CUST005104,Silver,249.23,False,Thailand
CUST017568,Silver,96.97,True,Indonesia
CUST013663,Bronze,127.45,True,Vietnam
CUST008467,Bronze,82.71,False,Thailand
CUST011266,Bronze,55.43,False,Vietnam
CUST011321,Bronze,149.26,False,Vietnam
CUST010931,Bronze,88.07,False,Philippines
CUST008414,Bronze,64.36,False,Indonesia
CUST009034,Platinum,357.65,True,Philippines
CUST011526,Bronze,95.49,True,Philippines
CUST001416,Bronze,68.56,True,India
CUST003722,Silver,246.51,False,Indonesia
CUST000058,Bronze,57.42,False,Vietnam
CUST013866,Silver,220.29,True,Vietnam
CUST001412,Gold,277.27,False,Vietnam
CUST016491,Silver,258.9,False,Thailand
CUST008248,Platinum,193.54,False,Vietnam
CUST004863,Silver,106.63,False,Thailand
CUST011085,Gold,125.73,True,Philippines
CUST009431,Silver,232.97,False,Singapore
CUST013223,Silver,129.77,False,Vietnam
CUST008438,Bronze,52.83,False,Philippines
CUST012982,Platinum,1080.46,True,Vietnam
CUST011856,Gold,424.98,True,Vietnam
CUST010657,Silver,223.89,False,Philippines
CUST010251,Bronze,71.83,False,Indonesia
CUST000508,Bronze,99.2,False,Indonesia
CUST015411,Gold,530.87,True,Philippines
CUST011971,Gold,103.25,False,Indonesia
CUST003290,Bronze,100.8,False,Indonesia
CUST006540,Silver,240.64,False,Indonesia
CUST015765,Gold,199.74,True,Thailand
CUST014606,Bronze,52.99,False,Indonesia
CUST011322,Platinum,740.28,True,Thailand
CUST011013,Gold,232.97,True,Indonesia
CUST004784,Bronze,95.27,False,Indonesia
CUST016468,Gold,209.02,False,India
CUST006234,Silver,98.5,True,Thailand
CUST012002,Bronze,66.2,True,Philippines
CUST017472,Gold,214.33,False,Vietnam
CUST014251,Silver,228.72,False,India
CUST000176,Platinum,582.58,True,Thailand
CUST001594,Platinum,419.76,True,Thailand
CUST006328,Platinum,551.45,True,India
CUST007505,Bronze,142.95,False,Vietnam
CUST006919,Gold,404.62,True,Thailand
CUST015691,Bronze,68.08,True,Thailand
CUST000705,Bronze,93.21,False,Philippines
CUST013197,Silver,114.24,True,Indonesia
CUST002779,Silver,203.93,True,Vietnam
CUST004406,Bronze,123.82,False,India
CUST017476,Platinum,428.22,False,Philippines
CUST005869,Bronze,106.46,False,Vietnam
CUST016719,Gold,242.38,True,Indonesia
CUST005350,Gold,296.71,True,India
CUST010887,Platinum,190.06,True,Vietnam
CUST014740,Gold,231.1,True,Vietnam
CUST015627,Silver,108.41,True,Thailand
CUST005094,Silver,167.61,True,Thailand
CUST011310,Platinum,422.81,True,Indonesia
CUST004417,Bronze,72.74,False,India
CUST004816,Gold,156.98,False,Indonesia
CUST016687,Gold,261.66,True,Indonesia
CUST008802,Gold,419.27,True,Philippines
CUST016644,Gold,325.88,True,India
CUST011424,Bronze,118.76,True,Indonesia
CUST013201,Bronze,90.59,False,Thailand
CUST012315,Silver,170.38,False,Thailand
CUST011622,Platinum,386.32,True,Indonesia
CUST013986,Silver,156.06,True,Philippines
CUST016188,Silver,128.73,True,Philippines
CUST009501,Silver,88.33,False,India
CUST009144,Silver,143.86,True,Indonesia
CUST013546,Silver,307.62,False,Indonesia
CUST017626,Bronze,81.45,False,Thailand
CUST001648,Silver,114.84,False,Thailand
CUST011744,Silver,152.77,False,Indonesia
CUST007067,Platinum,485.71,True,Philippines
CUST005922,Silver,199.99,False,Singapore
CUST004179,Platinum,589.48,True,Singapore
CUST003040,Gold,382.08,False,India
CUST006054,Silver,165.0,True,Indonesia
CUST002319,Platinum,389.66,True,Thailand
CUST008422,Silver,433.57,False,India
CUST012005,Silver,225.47,True,Indonesia
CUST012080,Silver,123.98,False,Thailand
CUST003594,Silver,106.56,False,Indonesia
CUST008617,Silver,121.32,False,Indonesia
CUST010365,Bronze,40.99,True,Vietnam
CUST017458,Silver,170.68,False,Indonesia
CUST002482,Silver,143.23,False,Singapore
CUST015674,Bronze,146.31,False,Indonesia
CUST000755,Gold,195.25,False,Thailand
CUST013772,Bronze,73.74,False,Thailand
CUST012674,Bronze,145.74,False,Vietnam
CUST000921,Platinum,262.7,False,Indonesia
CUST012055,Bronze,125.5,False,Indonesia
CUST002479,Gold,389.76,True,Singapore
CUST014087,Bronze,67.29,True,Vietnam
CUST002882,Silver,99.91,False,Philippines
CUST014344,Bronze,57.02,True,Indonesia
CUST009074,Bronze,54.57,False,Indonesia
CUST016598,Silver,110.32,False,Vietnam
CUST008819,Silver,118.5,False,Vietnam
CUST014486,Silver,152.28,False,Vietnam
CUST014028,Bronze,56.5,False,Philippines
CUST006157,Bronze,204.28,False,Vietnam
CUST006623,Bronze,45.61,False,Indonesia
CUST010812,Bronze,119.42,False,Vietnam
CUST007016,Bronze,162.77,False,Vietnam
CUST013387,Silver,254.36,False,Vietnam
CUST009886,Platinum,591.16,True,Philippines
CUST017158,Bronze,43.34,False,Vietnam
CUST010230,Bronze,94.73,True,Vietnam
CUST011945,Silver,212.42,True,Thailand
CUST005764,Gold,360.77,False,Vietnam
CUST017289,Silver,245.9,False,Indonesia
CUST009219,Platinum,448.96,True,Thailand
CUST017369,Bronze,152.81,True,Philippines
CUST001184,Bronze,26.98,False,Indonesia
CUST015891,Silver,305.39,False,Philippines
CUST015042,Bronze,42.91,False,Philippines
CUST005317,Gold,300.05,True,Indonesia
CUST006678,Platinum,629.62,True,India
CUST006195,Bronze,59.67,True,Indonesia
CUST008223,Gold,313.11,True,India
CUST004707,Silver,149.41,True,Philippines
CUST007631,Platinum,544.08,True,Thailand
CUST011142,Gold,306.93,True,Thailand
CUST004892,Platinum,362.94,True,Singapore
CUST016551,Silver,291.05,False,Thailand
CUST012429,Bronze,116.83,False,Philippines
CUST015117,Bronze,94.84,True,Vietnam
CUST002099,Gold,275.29,False,Indonesia
CUST009483,Platinum,280.19,True,Philippines
CUST017488,Silver,252.95,False,Vietnam
CUST012792,Platinum,280.12,True,Thailand
CUST007228,Silver,174.48,True,India
CUST002784,Silver,262.72,False,Thailand
CUST011195,Silver,132.82,False,Indonesia
CUST007221,Bronze,49.77,False,India
CUST017262,Silver,131.36,True,Indonesia
CUST003285,Bronze,84.0,True,Thailand
CUST001864,Bronze,49.69,False,Thailand
CUST015224,Gold,293.54,True,Thailand
CUST001851,Bronze,59.17,False,Philippines
CUST003028,Bronze,68.58,False,Vietnam
CUST000945,Bronze,81.76,True,Thailand
CUST011094,Bronze,179.09,False,Vietnam
CUST007900,Silver,92.61,False,Vietnam
CUST008297,Bronze,58.18,False,Thailand
CUST011263,Bronze,92.66,False,India
CUST007572,Bronze,87.38,True,Thailand
CUST007232,Silver,117.08,True,Thailand
CUST010378,Bronze,39.17,False,Thailand
CUST013500,Bronze,117.28,False,Vietnam
CUST003914,Bronze,77.92,False,Indonesia
CUST001382,Bronze,109.64,False,Indonesia
CUST002692,Bronze,94.14,False,Vietnam
CUST017129,Bronze,46.8,False,Vietnam
CUST001280,Gold,344.89,True,Philippines
CUST004205,Silver,98.2,True,Philippines
CUST011632,Bronze,58.13,False,Vietnam
CUST006727,Bronze,67.23,False,Thailand
CUST014343,Bronze,49.39,False,India
CUST013616,Bronze,32.14,False,Singapore
CUST013705,Bronze,53.03,False,India
CUST002884,Bronze,66.65,False,Vietnam
CUST008295,Silver,164.93,False,Indonesia
CUST008441,Silver,153.06,False,Philippines
CUST004630,Silver,247.03,False,Philippines
CUST013425,Bronze,88.2,True,India
CUST001787,Gold,351.24,True,Vietnam
CUST004368,Bronze,63.22,False,Indonesia
CUST010982,Bronze,95.64,True,Indonesia
CUST017595,Bronze,132.97,False,India
CUST009371,Bronze,94.37,False,Thailand
CUST014280,Bronze,99.07,False,Indonesia
CUST012726,Silver,150.38,False,Philippines
CUST013081,Platinum,1137.18,True,Thailand
CUST008537,Bronze,57.85,False,India
CUST013565,Gold,338.42,False,Singapore
CUST011136,Bronze,236.74,False,India
CUST010789,Bronze,74.71,False,Indonesia
CUST008269,Bronze,103.26,True,Thailand
CUST016021,Bronze,87.27,False,Indonesia
CUST008567,Bronze,60.44,False,Vietnam
CUST002899,Bronze,113.99,False,Vietnam
CUST014604,Bronze,47.49,False,Philippines
CUST008558,Bronze,67.17,False,India
CUST015898,Bronze,49.12,False,India
CUST007366,Platinum,333.91,True,Indonesia
CUST008923,Platinum,525.05,True,Vietnam
CUST014570,Bronze,54.63,False,Vietnam
CUST003451,Bronze,99.9,False,Philippines
CUST001022,Silver,104.78,True,Indonesia
CUST010717,Bronze,118.62,False,Indonesia
CUST011994,Bronze,81.29,False,Indonesia
CUST000106,Silver,121.08,True,Thailand
CUST010995,Bronze,100.91,False,Thailand
CUST009790,Bronze,168.0,False,Vietnam
CUST011223,Silver,102.3,False,Indonesia
CUST014934,Bronze,143.7,False,Philippines
CUST001733,Gold,151.47,True,Thailand
CUST017766,Silver,179.14,True,Philippines
CUST015218,Bronze,132.81,False,Singapore
CUST013701,Silver,156.5,False,Vietnam
CUST010147,Platinum,512.92,True,Thailand
CUST010262,Gold,225.84,True,Thailand
CUST011961,Bronze,93.12,False,Singapore
CUST011445,Platinum,567.35,False,Philippines
CUST017205,Bronze,72.55,False,Philippines
CUST002892,Bronze,55.99,False,Thailand
CUST017657,Platinum,764.71,True,Indonesia
CUST013843,Silver,196.38,True,Thailand
CUST005871,Bronze,114.39,False,Singapore
CUST000490,Bronze,106.18,False,India
CUST013181,Silver,138.14,False,Indonesia
CUST008302,Gold,152.86,True,Singapore
CUST002219,Bronze,68.07,False,Vietnam
CUST002880,Bronze,60.68,False,Philippines
CUST012104,Bronze,64.13,False,Vietnam
CUST015833,Bronze,57.94,False,Vietnam
CUST009787,Bronze,89.33,False,Indonesia
CUST012471,Gold,536.22,False,Singapore
CUST006786,Silver,170.74,False,Vietnam
CUST000823,Gold,280.95,True,Vietnam
CUST012917,Bronze,69.87,True,Thailand
CUST009065,Bronze,115.25,False,Indonesia
CUST006146,Silver,92.47,False,Indonesia
CUST007257,Bronze,60.41,False,Thailand
CUST006660,Silver,172.36,False,Vietnam
CUST007025,Bronze,105.46,True,Vietnam
CUST016402,Platinum,303.74,True,Singapore
CUST001955,Silver,214.7,False,India
CUST012172,Silver,115.24,False,Vietnam
CUST003902,Silver,125.65,False,Vietnam
CUST017664,Bronze,84.48,False,Thailand
CUST009697,Bronze,141.61,False,Thailand
CUST003751,Gold,474.32,True,Indonesia
CUST005880,Bronze,95.01,False,Philippines
CUST014594,Silver,126.65,True,Vietnam
CUST000940,Bronze,85.43,True,Thailand
CUST013342,Bronze,68.09,True,Philippines
CUST012417,Silver,234.07,False,Thailand
CUST013502,Bronze,59.07,False,Indonesia
CUST010855,Bronze,137.02,False,Indonesia
CUST005347,Silver,145.27,False,Indonesia
CUST005215,Silver,309.68,True,Thailand
CUST012865,Platinum,660.12,True,India
CUST000700,Bronze,73.74,False,Singapore
CUST002111,Bronze,60.95,False,Vietnam
CUST005993,Bronze,75.18,False,Indonesia
CUST015851,Bronze,99.64,False,Indonesia
CUST013570,Silver,171.95,True,Thailand
CUST012788,Bronze,73.83,False,Singapore
CUST008500,Bronze,69.6,True,Vietnam
CUST008563,Silver,134.17,False,Singapore
CUST013596,Bronze,110.19,False,Indonesia
CUST007346,Gold,256.0,True,Vietnam
CUST014448,Silver,125.68,True,Philippines
CUST006043,Gold,231.11,False,Thailand
CUST003725,Gold,243.43,True,Vietnam
CUST014109,Bronze,54.47,False,India
CUST016244,Bronze,54.42,False,Philippines
CUST011320,Bronze,126.8,True,Singapore
CUST014655,Bronze,43.71,True,Singapore
CUST008513,Platinum,460.13,True,India
CUST005248,Platinum,409.55,True,India
CUST010371,Silver,106.77,True,Vietnam
CUST006134,Bronze,107.68,False,Vietnam
CUST008641,Bronze,59.58,False,Indonesia
CUST012956,Platinum,474.16,True,Thailand
CUST001729,Bronze,121.09,False,Philippines
CUST013008,Bronze,76.93,True,India
CUST013959,Gold,310.63,True,Philippines
CUST005304,Silver,152.78,False,Thailand
CUST000964,Bronze,76.4,False,Philippines
CUST011444,Platinum,670.72,True,Philippines
CUST009199,Bronze,142.7,True,India
CUST014958,Silver,163.84,False,Indonesia
CUST008116,Bronze,158.31,True,Thailand
CUST014624,Gold,221.13,True,Thailand
CUST005842,Bronze,119.8,False,India
CUST003022,Gold,140.12,True,Vietnam
CUST010023,Silver,73.37,False,Singapore
CUST014029,Gold,177.95,True,Vietnam
CUST010715,Platinum,416.75,True,Indonesia
CUST004921,Bronze,120.06,True,Indonesia
CUST002114,Bronze,82.43,False,Indonesia
CUST014564,Platinum,807.81,True,Vietnam
CUST011168,Silver,154.98,True,India
CUST001095,Silver,91.22,False,Vietnam
CUST003118,Silver,208.49,True,Thailand
CUST013128,Bronze,99.6,True,Singapore
CUST003964,Bronze,53.91,False,India
CUST012853,Bronze,39.04,False,India
CUST008170,Gold,379.31,True,Vietnam
CUST006376,Bronze,91.7,False,Singapore
CUST003518,Bronze,92.41,False,Philippines
CUST009270,Bronze,127.52,False,Thailand
CUST001055,Bronze,105.85,False,India
CUST005963,Silver,211.03,True,Thailand
CUST006489,Bronze,112.66,True,Thailand
CUST017391,Silver,283.15,False,Vietnam
CUST016450,Bronze,101.32,True,Thailand
CUST009683,Bronze,93.76,False,Indonesia
CUST016194,Bronze,111.1,True,Vietnam
CUST012361,Bronze,71.39,False,Philippines
CUST006324,Platinum,702.98,False,India
CUST005885,Gold,192.48,True,Thailand
CUST016413,Gold,187.07,True,India
CUST006784,Gold,214.92,True,Singapore
CUST010114,Silver,115.86,True,Philippines
CUST002809,Bronze,89.1,False,Vietnam
CUST005218,Silver,207.48,False,Vietnam
CUST008995,Silver,183.7,False,India
CUST002037,Gold,216.1,False,Thailand
CUST005950,Bronze,54.11,False,Indonesia
CUST001816,Bronze,78.47,True,Vietnam
CUST005327,Silver,168.88,True,India
CUST008104,Gold,273.03,False,Vietnam
CUST008636,Gold,894.66,True,Thailand
CUST016125,Gold,277.61,True,Thailand
CUST005024,Silver,155.79,False,Thailand
CUST016019,Silver,84.39,False,Singapore
CUST014959,Bronze,73.2,False,Philippines
CUST011803,Platinum,433.24,True,Indonesia
CUST002136,Bronze,65.72,True,India
CUST005886,Silver,231.41,False,India
CUST014876,Gold,291.58,True,Thailand
CUST009729,Silver,97.85,True,Thailand
CUST010359,Platinum,991.6,False,Singapore
CUST009316,Platinum,295.08,True,Philippines
CUST014607,Bronze,138.57,False,India
CUST008463,Bronze,95.45,False,India
CUST011245,Bronze,121.03,False,Vietnam
CUST014692,Bronze,60.44,False,Singapore
CUST009381,Bronze,37.27,False,Indonesia
CUST013183,Bronze,87.41,False,Thailand
CUST016737,Silver,202.02,True,Philippines
CUST003458,Bronze,76.56,False,Philippines
CUST006313,Silver,219.13,False,Singapore
CUST003685,Silver,43.86,False,Vietnam
CUST015965,Silver,225.08,True,India
CUST011460,Bronze,73.36,False,Vietnam
CUST015109,Bronze,157.42,False,Philippines
CUST016395,Silver,99.22,False,Indonesia
CUST001031,Bronze,194.65,False,Singapore
CUST009087,Silver,188.81,True,Vietnam
CUST000586,Bronze,93.24,False,Singapore
CUST008761,Bronze,63.13,False,Thailand
CUST001313,Silver,124.27,True,India
CUST006402,Bronze,63.28,True,Vietnam
CUST009993,Platinum,447.74,False,Philippines
CUST006649,Gold,211.28,True,India
CUST015533,Platinum,626.29,True,Philippines
CUST006419,Gold,322.55,False,Vietnam
CUST003078,Gold,210.5,True,Thailand
CUST012567,Gold,421.72,True,Thailand
CUST016811,Bronze,60.88,False,Indonesia
CUST008565,Gold,308.32,True,Singapore
CUST002002,Bronze,149.44,True,Philippines
CUST004288,Gold,265.23,False,Philippines
CUST010317,Silver,115.87,False,Thailand
CUST000685,Silver,50.91,False,India
CUST009505,Bronze,58.64,False,Indonesia
CUST015405,Bronze,91.41,False,Singapore
CUST000356,Silver,118.51,False,Thailand
CUST002290,Silver,294.64,True,India
CUST001737,Silver,156.04,True,Indonesia
CUST007808,Bronze,53.63,False,Vietnam
CUST012226,Silver,155.48,True,India
CUST005553,Gold,430.99,False,Singapore
CUST014432,Gold,288.53,True,Vietnam
CUST006469,Gold,355.1,True,Philippines
CUST016579,Gold,188.4,True,Philippines
CUST001335,Silver,93.11,False,Thailand
CUST005433,Silver,161.8,True,Thailand
CUST009204,Bronze,80.17,True,Vietnam
CUST014854,Bronze,50.25,False,Philippines
CUST014545,Bronze,87.09,False,Vietnam
CUST004345,Bronze,57.74,True,Philippines
CUST016889,Silver,175.17,False,Thailand
CUST007075,Bronze,109.66,False,Philippines
CUST016829,Bronze,130.88,False,Philippines
CUST010661,Platinum,568.38,True,Philippines
CUST008776,Silver,183.48,True,Singapore
CUST012337,Bronze,119.69,False,India
CUST004510,Bronze,53.17,False,India
CUST017144,Platinum,280.87,True,Philippines
CUST017598,Platinum,286.94,True,Thailand
CUST010728,Platinum,407.81,True,Thailand
CUST016171,Bronze,90.01,False,Indonesia
CUST007871,Bronze,138.12,False,Vietnam
CUST006180,Bronze,50.7,False,Vietnam
CUST015524,Bronze,127.63,False,Indonesia
CUST001722,Gold,452.96,True,Singapore
CUST001641,Bronze,32.48,False,Vietnam
CUST001846,Bronze,59.31,False,Philippines
CUST009954,Platinum,761.0,True,Philippines
CUST009689,Gold,347.04,False,Indonesia
CUST000891,Bronze,41.52,False,Vietnam
CUST015755,Bronze,78.48,False,Thailand
CUST007775,Silver,141.3,False,Thailand
CUST001469,Platinum,597.58,False,Vietnam
CUST011925,Silver,76.98,False,Vietnam
CUST006061,Bronze,66.95,False,Philippines
CUST016092,Bronze,179.15,False,Philippines
CUST007088,Bronze,147.88,False,India
CUST007893,Gold,638.91,True,Thailand
CUST004832,Bronze,52.1,True,Vietnam
CUST003171,Bronze,50.37,False,Indonesia
CUST009660,Bronze,103.22,False,Indonesia
CUST001099,Silver,194.28,False,Thailand
CUST017968,Bronze,63.95,False,India
CUST003448,Platinum,328.05,True,Thailand
CUST008255,Bronze,78.08,False,Thailand
CUST004752,Bronze,55.99,True,Philippines
CUST006631,Gold,386.98,True,Indonesia
CUST014385,Silver,89.92,True,Thailand
CUST004614,Platinum,720.0,True,Thailand
CUST012127,Bronze,124.61,False,Philippines
CUST016771,Gold,285.31,True,India
CUST013390,Bronze,90.39,False,Indonesia
CUST006939,Silver,208.12,False,Philippines
CUST004587,Silver,237.75,False,Vietnam
CUST015386,Bronze,78.74,False,Thailand
CUST004097,Gold,205.2,True,Thailand
CUST013065,Platinum,539.81,True,Indonesia
CUST015925,Silver,240.89,True,Vietnam
CUST005596,Gold,473.54,True,Indonesia
CUST007039,Silver,149.89,False,Thailand
CUST001341,Gold,381.86,False,Philippines
CUST008124,Gold,307.02,False,Vietnam
CUST005018,Bronze,95.1,False,Thailand
CUST017978,Silver,213.22,False,Thailand
CUST016951,Gold,360.16,True,Indonesia
CUST002694,Gold,281.58,True,Singapore
CUST014752,Platinum,604.16,True,Philippines
CUST015717,Bronze,69.33,False,Thailand
CUST005888,Platinum,605.11,True,Vietnam
CUST000406,Silver,155.79,False,Philippines
CUST013038,Bronze,120.73,False,Thailand
CUST012913,Bronze,77.35,False,Philippines
CUST013641,Bronze,159.56,True,Vietnam
CUST003811,Platinum,346.01,True,Vietnam
CUST003123,Silver,299.03,False,India
CUST005711,Bronze,96.5,False,Indonesia
CUST014771,Silver,156.63,True,Philippines
CUST004394,Bronze,112.7,False,Thailand
CUST017775,Silver,158.18,False,Indonesia
CUST001374,Bronze,89.39,False,Philippines
CUST013750,Bronze,217.89,False,Philippines
CUST010362,Gold,240.34,True,Indonesia
CUST014453,Bronze,89.81,False,Indonesia
CUST017201,Gold,212.68,True,Indonesia
CUST001176,Bronze,56.97,False,Thailand
CUST005671,Platinum,212.41,True,India
CUST005223,Gold,214.24,True,Thailand
CUST010959,Platinum,371.03,True,Indonesia
CUST008213,Bronze,84.02,False,Thailand
CUST004145,Bronze,47.55,False,Philippines
CUST010770,Bronze,114.08,True,Thailand
CUST003963,Bronze,41.39,False,Singapore
CUST016569,Bronze,95.76,False,Vietnam
CUST006388,Bronze,132.06,False,Indonesia
CUST006761,Bronze,51.34,False,Singapore
CUST014873,Platinum,382.59,True,Philippines
CUST002603,Bronze,114.26,True,Thailand
CUST006358,Bronze,58.86,True,Singapore
CUST015235,Bronze,76.98,False,India
CUST015910,Bronze,67.36,False,Singapore
CUST002563,Silver,230.15,True,Indonesia
CUST015153,Gold,246.12,False,Indonesia
CUST003192,Silver,115.68,True,India
CUST012501,Bronze,54.43,True,India
CUST004808,Platinum,454.38,True,Thailand
CUST002176,Bronze,175.53,True,Philippines
CUST010162,Bronze,105.64,True,Vietnam
CUST017548,Silver,229.85,False,Indonesia
CUST007207,Gold,357.79,False,Singapore
CUST003812,Platinum,446.36,True,Singapore
CUST009333,Silver,107.34,False,Singapore
CUST003287,Silver,193.55,True,Thailand
CUST015545,Silver,132.94,True,Indonesia
CUST006595,Bronze,82.37,True,Indonesia
CUST009436,Bronze,65.55,False,Thailand
CUST013975,Bronze,55.01,True,Singapore
CUST007763,Bronze,90.33,False,Philippines
CUST011384,Silver,243.21,False,Indonesia
CUST015551,Gold,231.82,True,Singapore
CUST002006,Bronze,53.93,False,India
CUST013583,Silver,202.08,False,Thailand
CUST010829,Bronze,97.58,False,Philippines
CUST002386,Bronze,62.71,False,Vietnam
CUST010758,Bronze,38.26,False,Vietnam
CUST003815,Bronze,107.66,False,Indonesia
CUST012704,Platinum,790.59,True,Thailand
CUST002702,Bronze,195.23,False,Singapore
CUST017698,Bronze,109.59,False,Vietnam
CUST015731,Bronze,89.09,False,Indonesia
CUST000590,Bronze,71.67,False,Thailand
CUST010025,Bronze,108.59,False,Thailand
CUST017652,Silver,117.4,False,Thailand
CUST003013,Bronze,50.73,False,Indonesia
CUST006587,Bronze,70.51,False,Indonesia
CUST015256,Bronze,86.21,False,India
CUST004203,Silver,160.35,True,Singapore
CUST017121,Bronze,117.21,False,India
CUST012293,Gold,282.66,True,Philippines
CUST003610,Platinum,865.55,False,Vietnam
CUST006547,Bronze,63.1,False,Indonesia
CUST008061,Bronze,82.97,False,Vietnam
CUST001310,Bronze,120.47,False,Thailand
CUST010961,Bronze,90.44,False,Philippines
CUST011646,Bronze,91.36,False,Philippines
CUST000130,Platinum,390.34,True,Indonesia
CUST000622,Silver,274.22,True,Indonesia
CUST000720,Bronze,46.11,False,India
CUST003261,Bronze,66.65,True,Vietnam
CUST001861,Bronze,40.54,True,Philippines
CUST001233,Silver,111.22,True,Thailand
CUST009020,Bronze,154.58,False,Indonesia
CUST000299,Bronze,106.65,False,Philippines
CUST000246,Gold,165.92,True,Philippines
CUST002760,Bronze,109.64,False,Philippines
CUST012852,Platinum,432.38,True,Indonesia
CUST014697,Silver,124.26,True,India
CUST004248,Platinum,464.16,True,India
CUST015631,Bronze,73.29,False,Indonesia
CUST003904,Bronze,59.09,False,Indonesia
CUST016428,Gold,298.62,True,Indonesia
CUST017809,Silver,115.68,False,India
CUST001446,Silver,238.08,True,India
CUST003514,Platinum,522.32,True,Philippines
CUST000398,Silver,252.26,False,Philippines
CUST003136,Bronze,120.95,False,Indonesia
CUST011300,Silver,177.72,False,India
CUST013055,Bronze,141.49,False,Singapore
CUST002546,Bronze,53.08,True,Thailand
CUST014270,Silver,129.93,False,Vietnam
CUST004331,Platinum,311.86,True,Philippines
CUST015069,Platinum,318.19,True,Vietnam
CUST011158,Bronze,69.51,False,Philippines
CUST016904,Platinum,318.44,True,Vietnam
CUST014658,Silver,397.97,True,Philippines
CUST002029,Silver,214.34,False,India
CUST007793,Gold,250.02,True,Indonesia
CUST005422,Bronze,91.53,False,Vietnam
CUST008548,Silver,339.46,True,Indonesia
CUST002551,Silver,119.68,False,Philippines
CUST006628,Platinum,486.76,True,Vietnam
CUST006163,Bronze,64.71,False,India
CUST000680,Bronze,85.28,False,Thailand
CUST008583,Gold,453.38,True,Vietnam
CUST004698,Silver,239.45,False,India
CUST010810,Silver,273.73,False,Thailand
CUST002409,Silver,61.83,False,Thailand
CUST017064,Bronze,65.36,False,Thailand
CUST003604,Bronze,45.64,False,Indonesia
CUST002541,Platinum,474.81,True,Thailand
CUST001092,Bronze,94.34,True,Singapore
CUST015321,Bronze,44.98,False,Philippines
CUST015082,Bronze,70.77,False,Indonesia
CUST009271,Bronze,48.94,True,India
CUST000044,Bronze,93.62,False,Indonesia
CUST005241,Bronze,54.94,False,India
CUST011392,Gold,178.76,True,Vietnam
CUST000366,Platinum,923.19,True,Philippines
CUST004473,Bronze,48.29,True,Vietnam
CUST015944,Bronze,124.09,True,Thailand
CUST014986,Silver,72.12,False,Philippines
CUST007077,Gold,177.84,False,India
CUST016826,Bronze,130.65,False,Vietnam
CUST015478,Platinum,417.32,True,Vietnam
CUST004948,Platinum,573.75,True,Philippines
CUST011354,Bronze,91.78,False,Indonesia
CUST008598,Silver,111.19,False,Indonesia
CUST010428,Silver,145.91,False,India
CUST001890,Gold,391.05,True,Indonesia
CUST001618,Bronze,43.65,True,Vietnam
CUST015802,Bronze,47.03,False,Philippines
CUST005894,Platinum,290.5,True,Philippines
CUST016124,Silver,176.25,True,Vietnam
CUST016473,Silver,195.95,True,India
CUST016911,Platinum,496.86,True,Singapore
CUST016860,Silver,204.14,False,Indonesia
CUST009487,Bronze,38.71,True,Indonesia
CUST013764,Bronze,98.78,False,Indonesia
CUST007083,Bronze,46.03,True,Singapore
CUST010609,Bronze,79.69,False,Philippines
CUST016992,Bronze,65.39,False,Thailand
CUST011111,Bronze,40.73,False,India
CUST011226,Bronze,90.85,False,Singapore
CUST017729,Silver,109.16,True,Thailand
CUST012427,Bronze,75.65,False,Vietnam
CUST010004,Bronze,136.86,False,Singapore
CUST004090,Bronze,66.38,True,Indonesia
CUST010318,Silver,271.98,True,Thailand
CUST001473,Bronze,107.11,False,Thailand
CUST012143,Bronze,76.15,True,Vietnam
CUST002951,Bronze,123.01,False,Thailand
CUST008083,Platinum,344.4,True,Vietnam
CUST005149,Silver,129.91,False,India
CUST016508,Bronze,55.06,False,Thailand
CUST014514,Bronze,57.17,False,India
CUST001370,Bronze,43.97,True,Indonesia
CUST004522,Silver,132.92,False,Vietnam
CUST015826,Bronze,254.49,False,India
CUST003543,Bronze,88.88,False,Indonesia
CUST016521,Bronze,90.01,False,Singapore
CUST016932,Platinum,297.54,True,India
CUST005071,Bronze,57.36,False,Philippines
CUST010297,Bronze,56.2,False,Indonesia
CUST010163,Gold,314.06,True,India
CUST016465,Bronze,83.16,True,India
CUST014297,Silver,245.76,True,India
CUST010801,Bronze,53.4,False,Philippines
CUST007894,Gold,387.18,True,India
CUST014609,Gold,356.53,True,Philippines
CUST016099,Bronze,56.19,False,Philippines
CUST003236,Bronze,45.37,False,Thailand
CUST013745,Bronze,85.26,False,Vietnam
CUST015064,Bronze,129.55,True,Thailand
CUST005207,Bronze,59.65,False,Indonesia
CUST010650,Platinum,821.11,True,Thailand
CUST005051,Silver,158.74,False,Thailand
CUST006749,Bronze,68.74,True,Thailand
CUST011768,Bronze,123.28,False,Vietnam
CUST009620,Bronze,95.23,False,Singapore
CUST008689,Gold,197.05,False,Vietnam
CUST016843,Platinum,964.65,True,Singapore
CUST003182,Bronze,29.48,False,Thailand
CUST013868,Bronze,112.87,True,Vietnam
CUST009908,Bronze,171.15,False,Indonesia
CUST013317,Silver,226.01,False,India
CUST007261,Silver,170.63,True,Thailand
CUST014463,Bronze,40.42,False,Indonesia
CUST017307,Bronze,69.38,False,Vietnam
CUST015260,Silver,102.58,False,Indonesia
CUST015338,Silver,108.83,True,Singapore
CUST017218,Bronze,64.93,False,Philippines
CUST014691,Silver,140.5,True,Vietnam
CUST017349,Bronze,67.14,False,Indonesia
CUST001188,Bronze,105.9,False,Philippines
CUST002105,Bronze,98.24,False,Vietnam
CUST007537,Bronze,138.63,False,India
CUST008380,Bronze,85.8,False,Thailand
CUST013944,Silver,100.42,False,Vietnam
CUST001840,Bronze,78.92,False,Indonesia
CUST012133,Silver,169.88,True,Vietnam
CUST011920,Bronze,88.82,False,Vietnam
CUST007515,Bronze,46.68,False,Indonesia
CUST017802,Silver,131.07,False,Philippines
CUST016154,Bronze,64.29,False,Thailand
CUST005392,Silver,174.4,False,Philippines
CUST017261,Gold,571.68,True,Singapore
CUST008859,Bronze,52.58,False,India
CUST015099,Bronze,44.93,False,Vietnam
CUST011272,Bronze,64.53,False,Thailand
CUST005016,Silver,101.03,False,Singapore
CUST003846,Bronze,84.55,True,Philippines
CUST005984,Bronze,47.43,False,Vietnam
CUST017350,Bronze,72.73,True,Singapore
CUST015901,Bronze,66.0,False,Philippines
CUST000890,Gold,431.14,True,Thailand
CUST007333,Silver,250.13,False,Vietnam
CUST004897,Silver,131.15,True,Thailand
CUST010865,Silver,95.49,True,Thailand
CUST009879,Platinum,380.25,True,Vietnam
CUST000915,Bronze,52.52,True,India
CUST004908,Bronze,65.85,False,Vietnam
CUST015871,Bronze,100.23,False,Indonesia
CUST000934,Bronze,76.6,True,Thailand
CUST014664,Gold,315.18,True,Indonesia
CUST008663,Gold,326.42,True,Philippines
CUST017770,Bronze,82.98,False,Indonesia
CUST000995,Gold,481.61,True,India
CUST006089,Platinum,424.64,True,Philippines
CUST008998,Bronze,40.26,False,Philippines
CUST001970,Bronze,80.1,False,Philippines
CUST006818,Bronze,64.44,False,Philippines
CUST003866,Silver,135.28,True,India
CUST016166,Platinum,379.65,True,Thailand
CUST001854,Platinum,629.29,False,India
CUST003959,Bronze,118.18,False,Indonesia
CUST005146,Bronze,108.23,False,Philippines
CUST010268,Platinum,537.04,False,Vietnam
CUST013681,Gold,302.99,True,Indonesia
CUST012078,Silver,163.87,False,Philippines
CUST010783,Gold,393.7,True,Philippines
CUST006641,Bronze,87.95,False,Thailand
CUST005464,Bronze,102.82,False,Thailand
CUST002965,Bronze,73.93,False,Thailand
CUST001381,Platinum,553.95,True,Thailand
CUST007132,Platinum,741.2,True,India
CUST006555,Bronze,106.03,False,Philippines
CUST008535,Bronze,258.92,False,Indonesia
CUST001051,Bronze,120.83,False,Indonesia
CUST000108,Bronze,88.88,False,Indonesia
CUST016177,Silver,118.9,True,Philippines
CUST000718,Gold,117.31,False,Philippines
CUST012600,Gold,128.23,False,Thailand
CUST017160,Bronze,68.12,False,Vietnam
CUST013166,Bronze,140.88,False,Thailand
CUST002517,Gold,200.52,True,Thailand
CUST017651,Silver,108.13,True,Vietnam
CUST003567,Silver,126.15,True,Vietnam
CUST010894,Bronze,114.91,False,India
CUST004144,Bronze,95.94,True,Philippines
CUST013477,Silver,117.78,True,Indonesia
CUST001754,Gold,383.67,True,Singapore
CUST003075,Platinum,720.83,True,Vietnam
CUST017063,Bronze,86.79,False,Philippines
CUST010669,Gold,277.99,True,Philippines
CUST012756,Bronze,75.85,False,Singapore
CUST002096,Bronze,64.15,False,Thailand
CUST006802,Bronze,65.83,True,Philippines
CUST012682,Platinum,433.35,True,Vietnam
CUST009426,Gold,345.33,True,Vietnam
CUST009623,Bronze,75.22,False,Thailand
CUST002996,Bronze,127.41,False,Philippines
CUST014667,Gold,544.14,False,Thailand
CUST009657,Silver,408.04,False,Philippines
CUST003665,Bronze,165.73,True,Singapore
CUST009007,Silver,156.19,False,Philippines
CUST012521,Platinum,471.26,True,Indonesia
CUST012443,Gold,185.34,True,India
CUST013087,Gold,297.42,True,Vietnam
CUST006255,Silver,89.03,False,India
CUST011034,Platinum,626.33,True,India
CUST007570,Silver,206.19,True,Thailand
CUST009821,Bronze,96.99,True,Indonesia
CUST006946,Bronze,154.56,True,India
CUST015994,Silver,111.09,True,Indonesia
CUST000054,Bronze,80.8,False,Singapore
CUST011362,Gold,266.01,True,Singapore
CUST005947,Silver,231.37,True,Indonesia
CUST015191,Bronze,86.43,False,India
CUST016351,Bronze,88.17,False,Indonesia
CUST001871,Silver,92.93,True,Thailand
CUST006024,Bronze,109.81,False,Philippines
CUST017036,Gold,560.18,False,India
CUST006192,Silver,84.22,True,Thailand
CUST005533,Bronze,49.57,False,Vietnam
CUST014743,Bronze,42.28,False,Thailand
CUST002474,Bronze,214.8,False,Thailand
CUST000733,Silver,136.91,True,Vietnam
CUST003799,Silver,123.97,True,Vietnam
CUST017222,Bronze,63.66,False,Singapore
CUST011427,Platinum,581.73,True,Indonesia
CUST009372,Silver,88.46,True,Thailand
CUST011132,Platinum,686.1,True,Philippines
CUST005552,Silver,134.17,False,Indonesia
CUST010891,Bronze,58.36,True,Vietnam
CUST002675,Gold,319.42,True,Indonesia
CUST017159,Silver,203.82,True,Indonesia
CUST008552,Silver,108.43,True,Thailand
CUST011919,Silver,177.25,False,Thailand
CUST005755,Bronze,95.39,False,Philippines
CUST003662,Bronze,155.12,True,Vietnam
CUST006010,Platinum,377.15,False,Indonesia
CUST009167,Silver,241.0,False,Indonesia
CUST009885,Gold,232.26,True,Philippines
CUST003628,Platinum,746.41,True,Philippines
CUST005811,Silver,79.15,False,Singapore
CUST013507,Bronze,118.55,False,Vietnam
CUST011324,Bronze,81.34,True,Vietnam
CUST004978,Bronze,62.82,False,Indonesia
CUST010285,Silver,311.01,True,Vietnam
CUST008510,Bronze,111.34,False,India
CUST014043,Platinum,657.16,True,Indonesia
CUST008536,Bronze,62.92,False,Vietnam
CUST001246,Bronze,58.5,False,Thailand
CUST012528,Silver,147.06,True,India
CUST005170,Bronze,275.68,False,Indonesia
CUST005332,Silver,139.55,True,Thailand
CUST000138,Silver,140.85,True,Singapore
CUST000592,Bronze,129.44,False,Philippines
CUST014874,Bronze,78.64,False,Thailand
CUST004999,Bronze,75.08,False,Singapore
CUST005597,Silver,152.83,False,Vietnam
CUST016329,Silver,144.58,True,Thailand
CUST015433,Silver,138.67,True,India
CUST017750,Silver,164.94,False,India
CUST004183,Bronze,106.61,False,Vietnam
CUST014467,Bronze,54.76,True,Singapore
CUST000649,Bronze,67.67,False,Indonesia
CUST010215,Bronze,68.67,False,Philippines
CUST006329,Bronze,67.97,False,Indonesia
CUST009924,Silver,320.39,True,Indonesia
CUST009700,Bronze,207.31,False,Thailand
CUST005243,Silver,213.37,False,Thailand
CUST014714,Platinum,454.77,True,Vietnam
CUST014006,Bronze,84.83,True,Vietnam
CUST011372,Bronze,53.29,False,Philippines
CUST013211,Bronze,100.66,False,India
CUST007790,Bronze,71.83,True,India
CUST011578,Bronze,85.46,True,Indonesia
CUST000047,Gold,377.68,True,Philippines
CUST011463,Silver,110.34,True,Indonesia
CUST016409,Silver,161.33,False,Philippines
CUST010462,Silver,136.01,False,Vietnam
CUST008991,Silver,256.27,True,Thailand
CUST013838,Silver,137.51,True,Singapore
CUST003272,Silver,162.19,True,India
CUST006139,Bronze,102.3,False,Singapore
CUST002656,Silver,160.95,False,Vietnam
CUST004273,Silver,232.6,False,Indonesia
CUST005365,Gold,206.57,True,Thailand
CUST004573,Bronze,133.19,False,Philippines
CUST012259,Bronze,58.22,True,Vietnam
CUST002842,Platinum,413.89,True,Thailand
CUST014830,Silver,143.25,False,Philippines
CUST012954,Silver,149.86,True,Philippines
CUST015272,Silver,57.01,False,Indonesia
CUST014622,Silver,105.2,True,India
CUST009915,Bronze,91.84,False,Indonesia
CUST003128,Bronze,93.13,False,Thailand
CUST001056,Bronze,100.25,False,Indonesia
CUST005518,Silver,125.09,True,Thailand
CUST012037,Silver,108.45,False,Singapore
CUST015313,Gold,364.22,True,India
CUST004843,Bronze,63.1,True,Thailand
CUST006766,Bronze,90.28,False,Indonesia
CUST012473,Bronze,94.04,False,India
CUST007363,Bronze,150.18,False,Indonesia
CUST013094,Gold,260.88,False,Thailand
CUST001673,Bronze,48.65,False,Vietnam
CUST004586,Silver,243.81,False,Thailand
CUST015586,Bronze,52.92,False,Thailand
CUST008198,Silver,68.56,True,Thailand
CUST000893,Silver,93.6,True,Indonesia
CUST007496,Platinum,941.3,True,Thailand
CUST011105,Bronze,108.62,False,Indonesia
CUST015439,Platinum,320.42,False,Thailand
CUST010721,Bronze,107.71,False,India
CUST013948,Bronze,83.88,False,India
CUST010840,Gold,232.26,True,Thailand
CUST011107,Bronze,51.86,True,Indonesia
CUST016237,Bronze,119.49,False,Thailand
CUST001084,Bronze,96.26,False,Indonesia
CUST014528,Gold,490.87,True,Vietnam
CUST017951,Gold,94.41,True,Philippines
CUST017838,Bronze,134.02,False,India
CUST001728,Bronze,115.13,False,India
CUST013420,Gold,224.58,False,Thailand
CUST009122,Bronze,43.82,False,Indonesia
CUST005494,Bronze,80.91,False,Thailand
CUST017323,Bronze,83.97,False,Thailand
CUST002774,Gold,401.89,False,Thailand
CUST007269,Platinum,379.04,True,Vietnam
CUST014584,Bronze,34.12,False,India
CUST013911,Bronze,37.51,False,India
CUST016582,Silver,90.16,True,Vietnam
CUST016160,Silver,388.09,False,India
CUST013895,Bronze,123.21,True,India
CUST002743,Gold,423.43,True,India
CUST017605,Bronze,151.84,True,Indonesia
CUST014902,Bronze,67.48,False,India
CUST013236,Gold,567.08,True,Thailand
CUST006109,Bronze,63.53,True,Thailand
CUST008508,Silver,165.95,False,Indonesia
CUST014357,Bronze,133.45,False,Vietnam
CUST017485,Gold,211.37,True,India
CUST002998,Bronze,162.72,False,Indonesia
CUST012615,Silver,169.37,False,Indonesia
CUST007853,Bronze,63.05,False,Singapore
CUST003730,Silver,101.13,False,Singapore
CUST015768,Platinum,270.82,True,Singapore
CUST012441,Bronze,38.62,False,Vietnam
CUST016708,Silver,246.59,False,Vietnam
CUST005749,Gold,146.36,True,Philippines
CUST008739,Bronze,41.57,False,Philippines
CUST002215,Bronze,77.33,False,India
CUST003187,Bronze,65.21,False,Vietnam
CUST013310,Silver,73.84,True,Vietnam
CUST001552,Silver,125.97,True,Philippines
CUST002192,Silver,247.65,False,Indonesia
CUST012374,Bronze,66.98,False,India
CUST012968,Gold,451.87,True,Indonesia
CUST013685,Bronze,123.96,False,Vietnam
CUST003087,Silver,56.05,True,Vietnam
CUST014913,Bronze,65.53,False,Vietnam
CUST011740,Bronze,76.15,False,Philippines
CUST001576,Bronze,82.75,False,Singapore
CUST008687,Bronze,112.04,True,Thailand
CUST010096,Bronze,71.39,False,Thailand
CUST000583,Gold,236.3,True,Singapore
CUST008637,Bronze,70.31,False,Indonesia
CUST016935,Bronze,39.25,True,Philippines
CUST011391,Bronze,101.73,False,Indonesia
CUST003500,Bronze,93.32,False,Philippines
CUST004320,Bronze,51.51,False,India
CUST000307,Silver,129.95,False,India
CUST001935,Silver,235.33,True,Singapore
CUST010188,Bronze,53.37,False,Thailand
CUST007192,Silver,195.79,False,Singapore
CUST007944,Bronze,103.82,False,Vietnam
CUST015999,Bronze,110.19,False,India
CUST010491,Bronze,123.06,False,Singapore
CUST016835,Bronze,136.91,False,India
CUST001258,Bronze,115.95,True,Indonesia
CUST013712,Gold,182.17,False,Vietnam
CUST011418,Bronze,109.01,False,Vietnam
CUST011616,Bronze,78.69,False,Indonesia
CUST012899,Silver,122.12,True,Indonesia
CUST007229,Bronze,105.35,False,Thailand
CUST003957,Bronze,123.67,False,Thailand
CUST002995,Silver,116.65,True,Philippines
CUST000666,Gold,474.41,True,Thailand
CUST017881,Platinum,471.08,True,India
CUST014845,Bronze,54.16,False,Thailand
CUST010682,Gold,387.36,True,Singapore
CUST010001,Bronze,60.67,False,Thailand
CUST009105,Bronze,74.92,False,Thailand
CUST000782,Platinum,673.3,False,India
CUST000277,Bronze,59.84,False,Vietnam
CUST010347,Silver,440.54,False,Indonesia
CUST009530,Bronze,45.9,False,Philippines
CUST011221,Bronze,37.33,False,India
CUST000211,Bronze,88.5,False,Vietnam
CUST000970,Gold,440.25,False,Thailand
CUST006038,Bronze,67.96,False,Thailand
CUST000829,Silver,113.0,False,Philippines
CUST009006,Gold,203.34,True,Indonesia
CUST000834,Silver,331.46,True,Thailand
CUST011385,Silver,64.47,True,Thailand
CUST002000,Platinum,550.36,True,Thailand
CUST011193,Silver,112.16,True,India
CUST006987,Silver,148.1,True,India
CUST008969,Silver,218.62,False,Indonesia
CUST000079,Bronze,72.21,False,Thailand
CUST005417,Bronze,26.6,False,Vietnam
CUST000099,Bronze,51.7,False,Vietnam
CUST015050,Platinum,540.97,True,Philippines
CUST009354,Bronze,114.09,False,Thailand
CUST001753,Bronze,61.64,False,Thailand
CUST007013,Bronze,51.49,False,Vietnam
CUST007889,Silver,167.99,False,Philippines
CUST015070,Gold,297.22,False,Thailand
CUST014706,Silver,310.27,False,Indonesia
CUST002650,Bronze,109.79,False,Thailand
CUST000648,Gold,189.55,False,India
CUST012784,Silver,163.11,True,Thailand
CUST016449,Bronze,106.2,True,India
CUST014793,Silver,275.31,False,Philippines
CUST007716,Bronze,77.87,False,Vietnam
CUST009582,Bronze,87.83,False,Vietnam
CUST005973,Bronze,134.86,True,India
CUST012502,Bronze,205.11,False,Thailand
CUST008220,Silver,207.9,True,Singapore
CUST012061,Silver,329.05,False,Thailand
CUST013253,Bronze,132.43,False,Vietnam
CUST014889,Bronze,61.64,False,Philippines
CUST008341,Silver,99.52,True,Vietnam
CUST012250,Bronze,70.0,False,Vietnam
CUST007998,Gold,209.52,False,Singapore
CUST010151,Bronze,62.51,False,Philippines
CUST016971,Gold,354.86,True,Philippines
CUST011765,Gold,760.63,True,Singapore
CUST012845,Silver,191.41,False,Philippines
CUST000959,Platinum,540.11,True,Vietnam
CUST002323,Bronze,134.05,False,Indonesia
CUST004098,Gold,465.72,True,India
CUST002953,Silver,228.33,True,Thailand
CUST013515,Gold,332.52,True,India
CUST010589,Silver,241.78,False,Singapore
CUST015661,Platinum,853.55,True,Singapore
CUST004384,Bronze,126.56,False,India
CUST006760,Bronze,145.39,False,Vietnam
CUST016667,Gold,178.55,True,Indonesia
CUST002424,Gold,234.98,False,India
CUST017679,Bronze,53.02,False,Vietnam
CUST008870,Gold,393.36,False,Singapore
CUST001680,Silver,111.33,True,Vietnam
CUST004528,Silver,146.72,False,Philippines
CUST011004,Silver,116.08,False,Philippines
CUST009444,Silver,213.79,False,Vietnam
CUST007128,Silver,132.35,False,Indonesia
CUST008166,Silver,130.18,False,Philippines
CUST008841,Gold,183.68,True,Indonesia
CUST014802,Silver,86.37,True,India
CUST013519,Bronze,67.69,False,Thailand
CUST008031,Bronze,57.83,False,Vietnam
CUST010677,Bronze,116.14,False,Vietnam
CUST013356,Bronze,122.42,False,Thailand
CUST004099,Bronze,45.2,False,Thailand
CUST005727,Bronze,33.99,False,Indonesia
CUST011963,Bronze,55.76,True,Singapore
CUST017207,Silver,111.26,True,Philippines
CUST006833,Gold,216.19,True,Singapore
CUST013070,Bronze,56.35,False,Thailand
CUST010437,Bronze,35.26,True,Indonesia
CUST008526,Gold,356.38,True,Indonesia
CUST013134,Bronze,81.38,True,Thailand
CUST017409,Bronze,55.57,False,Singapore
CUST008706,Silver,102.05,False,Singapore
CUST017370,Bronze,103.68,False,Indonesia
CUST014817,Bronze,69.04,False,Thailand
CUST013890,Bronze,44.43,False,Philippines
CUST001654,Bronze,87.82,True,Singapore
CUST010608,Gold,204.11,True,Indonesia
CUST015290,Silver,86.98,False,Thailand
CUST006351,Silver,146.76,False,Vietnam
CUST016308,Bronze,61.4,True,Philippines
CUST017310,Silver,172.78,True,Thailand
CUST002355,Bronze,63.84,False,Philippines
CUST016752,Platinum,161.5,True,Philippines
CUST002121,Bronze,48.62,False,Thailand
CUST012657,Bronze,72.56,False,Indonesia
CUST004278,Silver,133.69,True,Thailand
CUST001409,Gold,229.52,True,India
CUST015460,Bronze,66.15,True,Thailand
CUST008992,Bronze,63.58,False,Thailand
CUST009185,Bronze,95.51,True,Vietnam
CUST005271,Bronze,91.15,False,Singapore
CUST012544,Silver,134.22,True,Indonesia
CUST002632,Bronze,49.59,False,Philippines
CUST008039,Bronze,59.47,False,Indonesia
CUST016332,Bronze,143.09,False,Indonesia
CUST013836,Silver,222.26,False,Singapore
CUST011483,Bronze,145.29,True,Indonesia
CUST009795,Silver,175.74,False,Indonesia
CUST017166,Silver,133.82,True,India
CUST011395,Platinum,816.05,True,India
CUST010051,Bronze,87.34,True,Thailand
CUST010436,Bronze,54.28,True,India
CUST016874,Bronze,69.42,False,Philippines
CUST017765,Platinum,837.85,False,Vietnam
CUST002449,Gold,274.56,True,Thailand
CUST007925,Bronze,93.59,False,Indonesia
CUST010662,Gold,204.37,True,Indonesia
CUST008021,Bronze,68.82,False,Philippines
CUST001796,Bronze,79.6,False,Singapore
CUST002412,Silver,141.83,False,Indonesia
CUST013244,Gold,274.03,False,Vietnam
CUST011237,Bronze,105.76,True,Vietnam
CUST004710,Gold,252.04,False,India
CUST011016,Silver,225.88,False,India
CUST005683,Silver,80.83,False,Thailand
CUST007887,Silver,120.96,True,Indonesia
CUST009670,Bronze,75.26,True,Indonesia
CUST009812,Bronze,43.11,False,Thailand
CUST008914,Silver,142.05,True,Philippines
CUST007870,Silver,156.84,True,Singapore
CUST012609,Bronze,164.32,False,Indonesia
CUST004185,Silver,184.84,False,Thailand
CUST000324,Gold,263.46,False,Singapore
CUST005630,Silver,98.59,True,India
CUST012735,Bronze,33.03,True,Vietnam
CUST009022,Gold,265.68,True,Vietnam
CUST001605,Bronze,48.78,False,Thailand
CUST007474,Bronze,132.73,False,India
CUST013584,Gold,227.62,True,India
CUST006751,Bronze,110.78,False,Indonesia
CUST012039,Silver,122.99,False,Thailand
CUST009110,Silver,235.91,True,Vietnam
CUST017715,Bronze,46.4,False,Thailand
CUST009217,Bronze,90.88,False,India
CUST008253,Bronze,54.03,False,Thailand
CUST002150,Bronze,119.31,False,Indonesia
CUST015484,Gold,466.19,True,Philippines
CUST006249,Bronze,112.67,False,Thailand
CUST003745,Bronze,96.8,False,Philippines
CUST011935,Gold,278.01,True,Thailand
CUST002350,Gold,204.17,True,Thailand
CUST010689,Gold,305.1,False,Vietnam
CUST016972,Bronze,111.98,False,Thailand
CUST011051,Bronze,65.17,False,Vietnam
CUST016145,Bronze,57.16,True,India
CUST016888,Gold,349.55,True,Indonesia
CUST000316,Bronze,69.23,False,Singapore
CUST014853,Gold,270.14,True,Vietnam
CUST017319,Silver,152.27,False,India
CUST013013,Bronze,71.81,False,India
CUST001769,Silver,101.42,False,Indonesia
CUST009856,Silver,116.27,True,India
CUST014308,Bronze,84.54,True,Thailand
CUST002199,Silver,140.84,False,India
CUST000005,Platinum,476.04,True,Singapore
CUST000488,Bronze,161.01,False,India
CUST005698,Gold,499.3,False,Vietnam
CUST009068,Bronze,99.81,False,Thailand
CUST008191,Silver,88.58,False,Indonesia
CUST004327,Bronze,33.91,False,Thailand
CUST013708,Silver,128.7,False,Philippines
CUST008145,Bronze,51.88,False,Singapore
CUST014470,Bronze,86.64,True,India
CUST009765,Gold,324.4,False,Thailand
CUST001557,Silver,70.15,False,Philippines
CUST013731,Bronze,97.31,False,Thailand
CUST001847,Bronze,49.02,False,Thailand
CUST009920,Platinum,363.38,True,Singapore
CUST007299,Silver,106.9,True,Thailand
CUST003993,Bronze,98.79,True,Indonesia
CUST016600,Platinum,656.76,True,Vietnam
CUST010140,Bronze,37.09,False,Vietnam
CUST007700,Gold,168.66,False,Indonesia
CUST004136,Bronze,105.27,False,Thailand
CUST002823,Bronze,65.16,False,Indonesia
CUST003906,Platinum,273.75,True,India
CUST004060,Silver,202.45,False,Thailand
CUST011968,Bronze,132.29,False,India
CUST004035,Bronze,61.19,False,India
CUST007624,Gold,390.88,False,Vietnam
CUST016584,Silver,103.24,False,India
CUST003363,Silver,182.1,False,Philippines
CUST017092,Bronze,43.07,False,Thailand
CUST013434,Gold,333.68,True,Vietnam
CUST011066,Gold,176.94,False,Vietnam
CUST004302,Bronze,148.62,False,India
CUST016152,Bronze,41.8,True,Singapore
CUST001612,Silver,78.92,True,Philippines
CUST011707,Gold,268.26,False,India
CUST004619,Silver,62.25,False,Vietnam
CUST017384,Bronze,137.17,False,Vietnam
CUST003654,Bronze,79.03,False,Thailand
CUST000231,Bronze,48.53,False,Vietnam
CUST017643,Bronze,44.09,True,Thailand
CUST005940,Bronze,76.04,False,India
CUST006416,Bronze,54.76,False,Thailand
CUST011570,Gold,160.95,True,Vietnam
CUST003713,Bronze,47.83,True,Indonesia
CUST003784,Platinum,493.46,False,India
CUST009958,Silver,99.59,False,Thailand
CUST004403,Gold,150.09,True,India
CUST007392,Bronze,71.91,False,India
CUST017952,Bronze,79.63,False,Thailand
CUST017015,Bronze,67.08,False,Vietnam
CUST009992,Silver,107.27,False,Thailand
CUST004932,Bronze,91.85,False,Thailand
CUST005490,Bronze,163.84,False,Singapore
CUST015158,Bronze,62.98,False,India
CUST001736,Silver,115.95,False,Vietnam
CUST014754,Gold,173.84,True,Philippines
CUST006147,Bronze,142.91,True,Indonesia
CUST003559,Bronze,68.13,False,Thailand
CUST003797,Silver,130.88,True,Philippines
CUST007238,Bronze,81.35,False,India
CUST001714,Bronze,112.65,True,Indonesia
CUST013557,Silver,114.23,False,Indonesia
CUST007224,Bronze,73.98,False,Thailand
CUST002796,Silver,206.36,True,Thailand
CUST000898,Gold,132.51,True,Thailand
CUST008851,Gold,324.11,False,India
CUST009943,Bronze,95.46,False,India
CUST013122,Silver,203.65,True,Indonesia
CUST003316,Silver,187.19,True,Indonesia
CUST013704,Silver,272.9,True,Thailand
CUST007751,Bronze,58.07,False,Thailand
CUST014409,Gold,222.68,True,Vietnam
CUST002009,Bronze,84.58,False,Thailand
CUST002107,Silver,121.07,False,India
CUST017325,Silver,232.93,True,Philippines
CUST000663,Gold,369.89,True,India
CUST009591,Silver,120.63,True,Indonesia
CUST007380,Silver,80.33,False,Thailand
CUST012329,Bronze,95.48,True,Thailand
CUST014239,Gold,182.54,True,Indonesia
CUST010941,Bronze,82.07,False,Vietnam
CUST000417,Bronze,125.52,False,Vietnam
CUST005706,Bronze,55.99,False,India
CUST015356,Silver,184.75,True,Singapore
CUST013177,Platinum,309.58,False,Indonesia
CUST011447,Bronze,66.59,False,Thailand
CUST009317,Bronze,91.52,False,Singapore
CUST005103,Platinum,689.79,True,Thailand
CUST006111,Silver,126.86,True,Thailand
CUST006046,Silver,193.81,True,Vietnam
CUST017372,Bronze,79.08,False,Singapore
CUST014705,Bronze,105.99,False,Indonesia
CUST002618,Bronze,80.38,False,Thailand
CUST009417,Gold,182.03,True,Indonesia
CUST008185,Silver,223.09,True,Philippines
CUST001745,Bronze,60.71,False,Thailand
CUST007671,Platinum,219.1,True,Indonesia
CUST015003,Bronze,55.57,False,India
CUST016345,Bronze,49.81,True,Thailand
CUST016292,Gold,337.15,True,Indonesia
CUST002867,Gold,390.83,False,Indonesia
CUST001959,Platinum,274.21,True,Philippines
CUST003496,Gold,360.47,True,Thailand
CUST011662,Silver,104.7,False,Singapore
CUST002153,Gold,214.0,True,Indonesia
CUST008151,Gold,581.46,False,Singapore
CUST015754,Gold,325.52,True,Indonesia
CUST015676,Gold,245.92,False,Thailand
CUST010212,Gold,238.96,True,Vietnam
CUST003262,Bronze,90.6,False,Philippines
CUST001042,Bronze,68.62,False,Indonesia
CUST004664,Bronze,54.37,False,Philippines
CUST011135,Silver,281.95,False,Thailand
CUST003360,Silver,222.36,False,Thailand
CUST007295,Silver,173.4,False,Vietnam
CUST000730,Gold,234.77,False,Philippines
CUST004852,Bronze,63.19,False,Indonesia
CUST009344,Bronze,29.07,False,Philippines
CUST003505,Bronze,130.09,False,Philippines
CUST017616,Silver,221.7,True,Indonesia
CUST013817,Silver,150.56,False,Vietnam
CUST014769,Silver,146.73,True,India
CUST017430,Silver,110.3,True,Vietnam
CUST008014,Bronze,60.31,False,Singapore
CUST017329,Gold,207.9,True,Vietnam
CUST017332,Silver,94.97,False,Indonesia
CUST005033,Bronze,128.97,False,Philippines
CUST003423,Platinum,330.55,True,Vietnam
CUST000738,Bronze,153.01,False,Philippines
CUST008125,Bronze,60.73,False,Thailand
CUST011040,Gold,249.98,False,Indonesia
CUST008924,Bronze,110.43,False,Philippines
CUST009088,Silver,213.56,False,India
CUST014220,Silver,177.44,False,Indonesia
CUST007451,Silver,158.87,True,Singapore
CUST010921,Bronze,64.63,False,Indonesia
CUST005955,Bronze,109.13,False,Vietnam
CUST006441,Bronze,41.27,False,Singapore
CUST010280,Silver,229.35,True,India
CUST014478,Bronze,35.67,False,Indonesia
CUST010087,Bronze,79.84,False,Indonesia
CUST009796,Silver,144.4,False,Indonesia
CUST010453,Gold,236.31,False,Vietnam
CUST011180,Platinum,362.35,False,Philippines
CUST011979,Gold,356.76,True,Indonesia
CUST000346,Bronze,124.73,True,Vietnam
CUST011000,Bronze,156.24,True,India
CUST014423,Platinum,219.03,True,Vietnam
CUST000178,Bronze,151.98,False,Indonesia
CUST000745,Bronze,66.88,False,Singapore
CUST017392,Silver,156.98,True,India
CUST010279,Bronze,88.24,False,Indonesia
CUST009513,Silver,61.59,False,Singapore
CUST015252,Silver,183.96,False,Singapore
CUST001464,Bronze,72.01,False,Singapore
CUST007796,Platinum,961.3,True,Indonesia
CUST002678,Bronze,148.38,False,Indonesia
CUST014052,Bronze,137.57,False,Indonesia
CUST015377,Bronze,71.1,False,Thailand
CUST016797,Bronze,77.79,False,Indonesia
CUST014979,Platinum,484.67,True,Indonesia
CUST008480,Gold,184.7,False,India
CUST009977,Platinum,326.32,True,Thailand
CUST008206,Bronze,64.1,True,Thailand
CUST014048,Silver,124.62,True,Philippines
CUST012399,Gold,454.11,True,Singapore
CUST010127,Bronze,43.49,False,Vietnam
CUST008667,Bronze,76.88,False,Philippines
CUST008214,Bronze,72.31,False,India
CUST000687,Silver,238.78,False,India
CUST004268,Bronze,51.35,False,Indonesia
CUST006689,Bronze,40.76,False,Philippines
CUST013208,Silver,74.34,True,India
CUST013450,Bronze,151.79,False,India
CUST003147,Silver,193.84,False,India
CUST010997,Silver,177.67,True,Philippines
CUST001047,Platinum,355.53,True,Philippines
CUST013915,Silver,107.32,False,Thailand
CUST015440,Bronze,27.65,False,Vietnam
CUST012677,Platinum,336.27,False,Indonesia
CUST013143,Bronze,76.66,False,Thailand
CUST014701,Silver,304.82,True,Thailand
CUST003394,Silver,112.56,True,Thailand
CUST015077,Gold,236.99,False,Thailand
CUST014290,Bronze,77.03,True,Vietnam
CUST011550,Bronze,80.65,True,Vietnam
CUST011509,Bronze,124.31,True,Philippines
CUST006529,Bronze,45.22,False,Philippines
CUST011992,Gold,333.92,False,Philippines
CUST012126,Platinum,776.74,True,India
CUST005089,Bronze,72.76,False,India
CUST009999,Bronze,75.19,False,Thailand
CUST016783,Bronze,34.16,False,Thailand
CUST010666,Bronze,101.11,True,Thailand
CUST017545,Silver,102.52,False,Philippines
CUST013516,Silver,112.85,False,Vietnam
CUST017782,Silver,110.01,True,Philippines
CUST017062,Bronze,57.87,False,Philippines
CUST002941,Bronze,53.94,False,Singapore
CUST004246,Platinum,371.05,False,Indonesia
CUST002993,Silver,161.89,False,Vietnam
CUST000807,Bronze,53.63,False,Vietnam
CUST007435,Silver,86.37,False,Singapore
CUST010603,Bronze,111.25,False,Indonesia
CUST001245,Gold,244.17,False,Indonesia
CUST010602,Bronze,108.5,False,Vietnam
CUST009745,Bronze,85.72,False,Vietnam
CUST010358,Silver,198.8,True,Indonesia
CUST004084,Bronze,198.23,False,India
CUST013170,Platinum,332.38,True,India
CUST015591,Platinum,227.34,True,Singapore
CUST014209,Gold,351.12,True,Indonesia
CUST013988,Bronze,81.77,False,Thailand
CUST017872,Platinum,612.54,True,Singapore
CUST014044,Bronze,78.02,False,Singapore
CUST013904,Platinum,448.69,True,Indonesia
CUST001634,Platinum,457.67,False,Thailand
CUST006482,Silver,111.07,False,Singapore
CUST002608,Bronze,158.71,False,Thailand
CUST006537,Silver,130.35,True,Indonesia
CUST017114,Bronze,38.84,False,Indonesia
CUST017354,Gold,117.25,True,Vietnam
CUST001450,Silver,184.71,False,Thailand
CUST011657,Bronze,144.03,False,Thailand
CUST004336,Bronze,106.83,False,India
CUST011020,Platinum,594.62,True,Philippines
CUST007534,Gold,200.37,True,Singapore
CUST017658,Gold,391.14,False,Singapore
CUST006379,Bronze,81.35,False,Thailand
CUST011758,Bronze,58.29,True,Indonesia
CUST012745,Gold,277.0,True,Thailand
CUST012217,Silver,369.49,False,India
CUST009080,Gold,200.81,False,India
CUST001520,Bronze,66.93,False,Indonesia
CUST010048,Gold,216.19,True,India
CUST006385,Gold,372.52,False,Thailand
CUST001723,Silver,264.69,False,Indonesia
CUST005684,Silver,50.82,True,Vietnam
CUST003832,Bronze,129.21,False,Vietnam
CUST001561,Silver,119.76,False,Indonesia
CUST001441,Platinum,1083.51,False,Indonesia
CUST008568,Bronze,74.43,False,Indonesia
CUST017179,Bronze,98.58,False,Indonesia
CUST001149,Bronze,79.19,True,Indonesia
CUST013436,Silver,243.31,False,Thailand
CUST002091,Bronze,65.24,False,Thailand
CUST007942,Platinum,446.03,True,Philippines
CUST008245,Bronze,58.71,False,Vietnam
CUST011535,Platinum,510.94,True,Thailand
CUST007060,Bronze,52.21,False,Thailand
CUST014974,Platinum,312.22,True,Thailand
CUST014896,Bronze,143.62,False,Vietnam
CUST011831,Gold,168.28,True,Vietnam
CUST015487,Gold,312.93,True,Vietnam
CUST011875,Bronze,73.93,False,Vietnam
CUST007849,Silver,234.03,True,Thailand
CUST006225,Silver,99.07,False,Indonesia
CUST012550,Bronze,51.65,False,Thailand
CUST007745,Silver,157.72,False,Thailand
CUST007251,Gold,168.73,True,Philippines
CUST014035,Gold,274.63,False,Indonesia
CUST000629,Bronze,85.65,False,Thailand
CUST015509,Bronze,34.59,False,Indonesia
CUST010513,Bronze,122.26,True,Vietnam
CUST001404,Bronze,81.34,True,Vietnam
CUST000338,Bronze,75.45,False,Indonesia
CUST003572,Bronze,158.83,False,India
CUST016800,Bronze,62.81,False,Indonesia
CUST017467,Bronze,50.13,False,Thailand
CUST015316,Gold,316.82,True,Thailand
CUST007506,Gold,286.88,True,Philippines
CUST000682,Gold,237.01,False,Thailand
CUST015856,Bronze,75.38,False,India
CUST014552,Bronze,38.76,False,India
CUST017997,Silver,154.8,False,Indonesia
CUST009677,Silver,285.96,True,Thailand
CUST016965,Platinum,450.81,True,Vietnam
CUST005662,Bronze,58.76,False,Indonesia
CUST003962,Bronze,79.72,True,Thailand
CUST006781,Bronze,126.44,False,India
CUST008287,Silver,245.92,False,Vietnam
CUST014436,Platinum,738.26,True,Singapore
CUST011706,Bronze,71.53,False,Thailand
CUST006914,Bronze,42.61,False,India
CUST004693,Silver,67.68,False,Indonesia
CUST013251,Silver,187.54,True,India
CUST008696,Silver,117.46,True,Singapore
CUST017831,Bronze,86.25,False,Vietnam
CUST013587,Bronze,73.42,False,Philippines
CUST000016,Silver,142.04,True,Vietnam
CUST003557,Silver,100.52,True,Indonesia
CUST017124,Gold,324.85,True,Vietnam
CUST015137,Bronze,59.79,False,Indonesia
CUST006230,Bronze,64.63,False,Philippines
CUST001291,Bronze,52.59,True,Philippines
CUST003264,Bronze,85.51,False,Philippines
CUST012820,Bronze,33.6,False,Vietnam
CUST001191,Platinum,189.51,True,Thailand
CUST017180,Bronze,91.16,False,Philippines
CUST010643,Silver,126.79,True,Indonesia
CUST001049,Bronze,109.66,False,Thailand
CUST006238,Platinum,801.28,True,Indonesia
CUST012948,Bronze,95.46,False,Indonesia
CUST016081,Silver,170.21,False,India
CUST010763,Silver,153.06,True,Singapore
CUST009576,Silver,100.63,False,India
CUST016290,Platinum,293.79,True,India
CUST009011,Bronze,119.01,True,Philippines
CUST001992,Bronze,61.64,False,Philippines
CUST002043,Platinum,371.02,True,Vietnam
CUST010952,Bronze,38.43,False,Singapore
CUST015601,Silver,160.01,False,Indonesia
CUST011178,Bronze,202.02,False,Indonesia
CUST011332,Silver,301.34,False,India
CUST012644,Silver,177.51,False,Indonesia
CUST009130,Bronze,72.25,True,Indonesia
CUST015138,Bronze,51.26,True,Philippines
CUST005667,Silver,152.81,False,Vietnam
CUST012445,Bronze,245.22,False,Philippines
CUST017849,Gold,584.23,True,Thailand
CUST009775,Bronze,70.71,False,Philippines
CUST007270,Silver,198.36,False,Thailand
CUST004034,Platinum,366.82,True,Philippines
CUST016944,Bronze,158.64,False,Indonesia
CUST015420,Silver,93.96,True,Vietnam
CUST016221,Bronze,26.39,False,Philippines
CUST003932,Silver,156.06,False,Singapore
CUST000511,Silver,243.7,False,Vietnam
CUST017841,Silver,281.43,True,Thailand
CUST017941,Bronze,47.71,False,India
CUST016651,Bronze,126.0,False,India
CUST011303,Silver,108.18,False,Singapore
CUST005693,Silver,91.0,False,Thailand
CUST016499,Silver,124.86,False,Vietnam
CUST008805,Bronze,110.62,True,India
CUST009334,Bronze,133.58,False,India
CUST000420,Bronze,93.27,False,Philippines
CUST014316,Bronze,130.14,True,Singapore
CUST016340,Bronze,56.21,False,Vietnam
CUST006686,Silver,226.96,True,Vietnam
CUST012527,Silver,109.91,True,Vietnam
CUST014625,Silver,194.21,True,Singapore
CUST011255,Bronze,179.0,False,Singapore
CUST000817,Platinum,848.26,True,Philippines
CUST010579,Silver,162.19,False,Vietnam
CUST012945,Bronze,101.64,False,Thailand
CUST008654,Silver,179.66,True,Thailand
CUST013989,Silver,139.7,True,Singapore
CUST007316,Platinum,325.17,True,Vietnam
CUST010635,Bronze,106.47,False,Indonesia
CUST002132,Silver,99.34,True,Philippines
CUST017282,Bronze,100.07,False,Thailand
CUST013781,Bronze,82.3,False,Philippines
CUST010876,Bronze,69.21,False,Thailand
CUST017678,Gold,309.31,True,India
CUST003855,Bronze,62.8,False,Singapore
CUST008217,Silver,89.53,False,India
CUST011284,Bronze,134.76,False,Vietnam
CUST004356,Bronze,77.59,False,Thailand
CUST003540,Bronze,73.72,False,Singapore
CUST017929,Silver,324.07,False,Vietnam
CUST005180,Platinum,1313.67,False,Singapore
CUST017216,Bronze,183.71,False,Thailand
CUST007663,Bronze,47.05,False,Thailand
CUST006681,Bronze,87.3,False,Singapore
CUST017611,Bronze,98.57,False,Thailand
CUST007937,Silver,171.47,True,Singapore
CUST006149,Bronze,84.45,False,India
CUST011110,Platinum,379.62,True,Vietnam
CUST015300,Silver,297.62,True,Indonesia
CUST001807,Silver,269.16,False,Philippines
CUST015469,Bronze,38.81,False,Indonesia
CUST010652,Bronze,96.56,True,Indonesia
CUST001252,Gold,184.84,True,Vietnam
CUST006110,Silver,211.25,False,Vietnam
CUST011360,Gold,218.74,True,India
CUST017840,Platinum,423.5,True,Indonesia
CUST014198,Bronze,77.55,False,Thailand
CUST005823,Platinum,363.46,True,Thailand
CUST016642,Silver,143.6,False,Thailand
CUST007356,Bronze,54.78,False,Thailand
CUST018000,Bronze,55.17,True,Vietnam
CUST013042,Gold,357.45,True,Indonesia
CUST006128,Platinum,535.73,True,Vietnam
CUST005074,Platinum,469.71,True,Singapore
CUST009877,Bronze,101.91,True,Thailand
CUST009850,Platinum,493.87,True,Singapore
CUST008659,Bronze,109.09,False,Singapore
CUST004834,Bronze,115.44,False,Indonesia
CUST016399,Gold,163.03,True,Thailand
CUST007509,Silver,81.76,True,Thailand
CUST009551,Gold,281.45,True,Philippines
CUST004012,Gold,725.56,False,Thailand
CUST003708,Bronze,54.97,False,Thailand
CUST012011,Platinum,617.77,True,Vietnam
CUST008331,Bronze,92.9,False,Thailand
CUST008172,Silver,210.61,False,Vietnam
CUST007517,Bronze,88.07,False,Thailand
CUST009248,Gold,442.44,True,India
CUST011819,Bronze,66.77,False,India
CUST013101,Bronze,55.13,False,Philippines
CUST015057,Bronze,112.51,False,India
CUST000276,Bronze,83.28,True,India
CUST011916,Platinum,390.17,False,Philippines
CUST005696,Gold,420.97,True,Vietnam
CUST016564,Platinum,716.51,True,Thailand
CUST012808,Bronze,111.62,False,Singapore
CUST003338,Bronze,85.77,False,Indonesia
CUST014390,Bronze,85.93,True,Indonesia
CUST006302,Gold,322.11,True,Philippines
CUST004461,Bronze,65.65,False,India
CUST005219,Platinum,753.7,False,Thailand
CUST007398,Silver,293.9,False,Thailand
CUST000701,Silver,162.64,False,Philippines
CUST010352,Bronze,55.58,True,Indonesia
CUST004749,Silver,107.79,False,Thailand
CUST008905,Silver,204.92,False,India
CUST004939,Bronze,76.27,False,Philippines
CUST011962,Platinum,657.82,True,Philippines
CUST004029,Bronze,93.44,False,India
CUST012119,Silver,239.08,True,India
CUST009051,Bronze,43.42,False,Philippines
CUST003524,Bronze,60.51,False,Thailand
CUST004906,Silver,102.61,False,Vietnam
CUST004440,Bronze,111.51,False,Indonesia
CUST010604,Bronze,88.97,False,Vietnam
CUST016069,Bronze,105.82,False,Singapore
CUST008222,Silver,203.48,False,Indonesia
CUST000655,Bronze,72.71,False,Vietnam
CUST011155,Bronze,64.47,True,India
CUST011512,Bronze,101.58,True,Vietnam
CUST002696,Gold,170.12,False,Thailand
CUST003233,Gold,215.32,True,Vietnam
CUST014763,Platinum,472.83,True,Vietnam
CUST005046,Gold,212.09,True,India
CUST002434,Bronze,98.96,True,Singapore
CUST009905,Bronze,56.55,True,Singapore
CUST015977,Bronze,73.87,False,Singapore
CUST007379,Silver,192.25,False,Thailand
CUST016590,Bronze,84.28,False,Thailand
CUST009218,Bronze,124.81,False,Philippines
CUST004519,Bronze,100.03,False,Philippines
CUST011318,Platinum,265.57,True,Singapore
CUST013969,Bronze,50.04,False,Vietnam
CUST014231,Silver,179.66,True,Philippines
CUST002666,Bronze,127.96,False,Vietnam
CUST001007,Bronze,80.42,False,Vietnam
CUST005006,Bronze,104.75,True,Singapore
CUST016714,Gold,181.73,True,Philippines
CUST008784,Platinum,656.36,True,Indonesia
CUST017564,Bronze,64.05,False,Singapore
CUST008066,Bronze,84.07,False,Vietnam
CUST006387,Bronze,95.73,False,India
CUST013142,Silver,104.07,True,Thailand
CUST015617,Bronze,106.43,False,Philippines
CUST000473,Bronze,68.04,False,India
CUST013299,Bronze,104.82,True,Singapore
CUST011926,Bronze,56.14,False,Indonesia
CUST000282,Bronze,65.97,False,India
CUST000669,Bronze,82.5,False,Philippines
CUST007984,Gold,380.42,False,Thailand
CUST005136,Bronze,170.14,False,Vietnam
CUST012414,Bronze,94.18,True,Vietnam
CUST012515,Silver,220.81,False,Vietnam
CUST016311,Platinum,627.17,True,Philippines
CUST012060,Silver,142.08,True,Thailand
CUST006189,Bronze,67.98,True,Indonesia
CUST001506,Silver,131.94,True,Vietnam
CUST017637,Platinum,606.01,True,Vietnam
CUST001658,Bronze,98.54,False,Vietnam
CUST000280,Bronze,74.81,False,India
CUST006975,Gold,143.1,True,Thailand
CUST014882,Silver,126.91,False,Thailand
CUST016206,Gold,174.55,True,Vietnam
CUST002970,Silver,142.73,False,Singapore
CUST004105,Silver,183.36,True,Thailand
CUST013674,Bronze,88.54,False,Singapore
CUST015314,Silver,228.11,False,Indonesia
CUST006951,Bronze,66.57,True,Philippines
CUST012174,Bronze,62.35,False,Thailand
CUST004291,Bronze,53.69,False,Vietnam
CUST011082,Platinum,724.68,True,India
CUST004020,Silver,182.15,True,Thailand
CUST016733,Silver,213.81,False,Thailand
CUST014264,Gold,473.48,True,Vietnam
CUST017832,Bronze,202.01,False,Indonesia
CUST015088,Gold,369.98,False,Vietnam
CUST017781,Gold,550.57,False,Philippines
CUST012108,Platinum,345.97,True,Thailand
CUST012307,Bronze,119.41,False,Thailand
CUST013849,Silver,156.14,False,Vietnam
CUST014629,Gold,211.22,True,Indonesia
CUST014875,Silver,213.4,False,Thailand
CUST016266,Silver,129.08,True,India
CUST013046,Bronze,118.99,False,Philippines
CUST001780,Bronze,50.36,False,Vietnam
CUST012089,Bronze,128.29,True,Vietnam
CUST000102,Platinum,534.14,False,Vietnam
CUST012779,Bronze,86.48,True,Vietnam
CUST002770,Silver,93.15,False,Philippines
CUST000187,Bronze,58.26,False,Thailand
CUST014520,Gold,211.83,True,Philippines
CUST001499,Bronze,109.8,True,Vietnam
CUST001830,Platinum,1074.83,True,Philippines
CUST009559,Platinum,1029.57,True,Philippines
CUST015175,Silver,132.65,False,Thailand
CUST008382,Bronze,81.89,False,Thailand
CUST003098,Bronze,96.59,False,Thailand
CUST005588,Bronze,85.69,False,Philippines
CUST016892,Bronze,48.76,False,Philippines
CUST009044,Bronze,73.78,False,Singapore
CUST004782,Platinum,543.99,True,Thailand
CUST000784,Bronze,109.67,False,Thailand
CUST015169,Bronze,54.04,False,India
CUST008936,Silver,154.55,False,Indonesia
CUST011759,Bronze,81.52,True,Vietnam
CUST002279,Platinum,695.19,True,Singapore
CUST014748,Gold,317.0,False,Thailand
CUST002544,Bronze,104.92,False,Thailand
CUST013671,Silver,223.98,False,Philippines
CUST005213,Bronze,99.29,False,Vietnam
CUST003493,Bronze,104.55,False,Singapore
CUST011943,Gold,286.9,False,Thailand
CUST017119,Bronze,84.78,True,Vietnam
CUST013023,Silver,190.01,True,Thailand
CUST008229,Silver,232.03,True,Thailand
CUST003785,Gold,242.72,False,Philippines
CUST006411,Platinum,522.92,True,Thailand
CUST003103,Gold,216.09,False,Indonesia
CUST007744,Bronze,95.3,False,India
CUST004869,Silver,56.85,True,Philippines
CUST008911,Bronze,161.46,False,India
CUST012905,Gold,296.79,False,Singapore
CUST001583,Silver,360.98,False,Thailand
CUST006440,Silver,136.49,False,Singapore
CUST009616,Bronze,98.31,False,Thailand
CUST012482,Bronze,80.95,False,Indonesia
CUST000987,Gold,341.09,True,Philippines
CUST001400,Silver,190.49,False,Thailand
CUST000241,Silver,221.32,True,Vietnam
CUST006982,Bronze,75.84,True,Indonesia
CUST002792,Silver,179.94,False,Vietnam
CUST002328,Silver,117.39,True,Singapore
CUST016062,Bronze,33.5,False,India
CUST001989,Gold,171.46,True,Thailand
CUST010105,Platinum,208.46,True,Philippines
CUST016679,Gold,247.94,True,Thailand
CUST009237,Bronze,93.99,False,India
CUST003879,Silver,224.56,True,Thailand
CUST010459,Silver,200.98,False,Singapore
CUST007648,Silver,198.04,False,Singapore
CUST003222,Bronze,52.09,False,Thailand
CUST015968,Bronze,104.72,True,Thailand
CUST000258,Bronze,74.65,False,Indonesia
CUST001917,Bronze,109.7,False,India
CUST016379,Silver,101.84,True,Singapore
CUST002411,Platinum,695.77,True,Indonesia
CUST016417,Bronze,67.6,False,Vietnam
CUST012935,Silver,233.93,True,Vietnam
CUST000800,Bronze,100.56,False,Philippines
CUST009054,Bronze,68.0,False,Thailand
CUST010587,Gold,537.39,True,Singapore
CUST008322,Silver,108.75,True,Indonesia
CUST012221,Platinum,588.22,True,Philippines
CUST000092,Bronze,56.6,False,Thailand
CUST000528,Platinum,329.92,False,India
CUST016618,Gold,234.77,False,Philippines
CUST000283,Gold,351.93,False,Thailand
CUST014059,Gold,222.74,True,Thailand
CUST002727,Gold,306.05,True,Indonesia
CUST002263,Platinum,789.95,True,Thailand
CUST002315,Gold,343.28,False,Vietnam
CUST013637,Bronze,68.74,False,Philippines
CUST007802,Bronze,68.85,False,Singapore
CUST003681,Bronze,59.2,True,Thailand
CUST005775,Bronze,89.76,False,Singapore
CUST007905,Platinum,691.29,True,Vietnam
CUST017780,Bronze,55.45,False,Indonesia
CUST007383,Gold,545.08,False,India
CUST006566,Gold,392.04,True,Singapore
CUST014778,Bronze,59.97,False,Vietnam
CUST000580,Bronze,77.12,False,Indonesia
CUST008097,Gold,337.99,True,Singapore
CUST015952,Bronze,65.16,False,Thailand
CUST002169,Silver,154.88,True,Philippines
CUST014181,Silver,149.19,False,Vietnam
CUST009659,Gold,408.46,False,Indonesia
CUST003319,Bronze,49.05,False,Thailand
CUST010148,Bronze,130.11,False,Thailand
CUST014036,Bronze,101.53,False,Thailand
CUST003329,Bronze,138.75,True,Philippines
CUST013442,Gold,276.46,False,Vietnam
CUST004935,Gold,351.76,True,Thailand
CUST007014,Bronze,90.76,False,Singapore
CUST008661,Bronze,135.33,False,India
CUST017591,Silver,161.06,False,Vietnam
CUST010750,Bronze,75.06,True,Vietnam
CUST006575,Gold,320.23,True,India
CUST015436,Silver,114.82,False,Vietnam
CUST015886,Bronze,39.21,False,Vietnam
CUST006953,Bronze,57.16,False,Indonesia
CUST006367,Bronze,87.38,False,India
CUST017415,Silver,169.36,False,India
CUST001155,Platinum,680.36,True,Thailand
CUST011394,Bronze,78.24,False,Singapore
CUST010289,Bronze,181.04,False,Thailand
CUST009898,Silver,217.68,False,Indonesia
CUST017259,Bronze,96.67,False,Thailand
CUST017408,Silver,234.96,True,Indonesia
CUST009510,Bronze,146.39,False,Philippines
CUST007841,Bronze,41.17,False,Indonesia
CUST014371,Bronze,46.83,False,Vietnam
CUST007895,Silver,166.42,False,Singapore
CUST003170,Bronze,94.19,False,Singapore
CUST013655,Bronze,72.79,False,Thailand
CUST001804,Bronze,63.55,False,Vietnam
CUST007899,Silver,151.36,True,Indonesia
CUST014112,Bronze,115.1,False,Vietnam
CUST005031,Bronze,79.66,False,India
CUST011102,Bronze,81.34,False,Indonesia
CUST015889,Bronze,62.33,False,Philippines
CUST007835,Bronze,80.07,False,Indonesia
CUST006830,Silver,89.38,True,Singapore
CUST011106,Silver,153.22,False,Vietnam
CUST011675,Bronze,51.29,False,India
CUST008702,Bronze,83.99,False,Indonesia
CUST011781,Bronze,103.71,False,India
CUST006208,Silver,211.59,False,India
CUST013598,Gold,585.67,True,Indonesia
CUST001071,Bronze,95.68,False,Philippines
CUST000646,Bronze,72.27,True,Indonesia
CUST007166,Bronze,66.55,False,Indonesia
CUST006404,Gold,137.21,False,Thailand
CUST002742,Platinum,466.78,True,Singapore
CUST001611,Gold,229.16,True,Vietnam
CUST012418,Gold,149.76,True,Vietnam
CUST017491,Bronze,108.0,False,Indonesia
CUST003740,Bronze,88.82,True,Thailand
CUST003380,Bronze,59.46,False,Vietnam
CUST002729,Gold,887.9,False,Philippines
CUST009533,Bronze,47.03,False,Philippines
CUST002846,Silver,233.12,True,Thailand
CUST016478,Bronze,84.7,False,Singapore
CUST000312,Gold,320.11,True,Thailand
CUST012320,Bronze,86.45,False,India
CUST017536,Bronze,143.66,True,India
CUST008655,Platinum,499.52,True,Philippines
CUST005674,Silver,178.3,False,Thailand
CUST004263,Gold,475.99,True,Singapore
CUST003253,Gold,597.17,True,Singapore
CUST011138,Gold,203.75,False,Indonesia
CUST012279,Bronze,69.32,False,Singapore
CUST005069,Platinum,545.62,True,Philippines
CUST009751,Silver,198.32,True,Thailand
CUST002088,Silver,156.7,True,Thailand
CUST017669,Platinum,542.63,True,Philippines
CUST002446,Silver,154.26,False,Thailand
CUST016674,Gold,134.19,False,Indonesia
CUST013384,Bronze,86.19,False,Thailand
CUST008314,Bronze,64.11,False,Indonesia
CUST004272,Bronze,115.66,False,Philippines
CUST012032,Silver,154.68,False,Indonesia
CUST000466,Bronze,67.99,False,Indonesia
CUST011291,Platinum,805.12,True,Indonesia
CUST012197,Bronze,84.84,False,India
CUST013831,Silver,153.67,True,India
CUST004359,Platinum,400.51,True,Singapore
CUST008942,Bronze,148.87,True,India
CUST000096,Platinum,421.2,True,Vietnam
CUST016374,Silver,145.8,True,Indonesia
CUST008533,Bronze,110.07,False,India
CUST014914,Silver,181.16,False,India
CUST006287,Silver,53.97,False,Indonesia
CUST012939,Gold,207.78,True,Vietnam
CUST014985,Silver,79.82,False,Vietnam
CUST000830,Silver,183.97,False,Indonesia
CUST003900,Platinum,651.42,True,Vietnam
CUST007638,Silver,142.52,False,Vietnam
CUST012053,Platinum,457.92,True,Thailand
CUST011566,Gold,396.37,False,Indonesia
CUST006082,Silver,181.26,True,Philippines
CUST003226,Silver,100.74,False,India
CUST000724,Bronze,51.67,False,India
CUST015171,Silver,307.77,True,Indonesia
CUST007822,Gold,267.61,True,Philippines
CUST012461,Silver,253.17,False,India
CUST014053,Platinum,453.18,True,Thailand
CUST010595,Bronze,76.09,False,Singapore
CUST005604,Bronze,79.68,True,Vietnam
CUST009654,Bronze,42.26,False,Thailand
CUST015812,Bronze,73.31,True,Singapore
CUST011148,Silver,71.65,True,Philippines
CUST004397,Bronze,139.88,False,India
CUST003844,Bronze,51.95,False,Vietnam
CUST001399,Bronze,83.65,False,Thailand
CUST006608,Bronze,191.37,False,Philippines
CUST006025,Bronze,74.4,False,Philippines
CUST007761,Bronze,82.48,False,Philippines
CUST010687,Silver,89.77,True,Indonesia
CUST014900,Bronze,91.69,False,Thailand
CUST015831,Bronze,76.73,False,Thailand
CUST007208,Silver,75.85,False,Vietnam
CUST008626,Silver,136.94,True,Singapore
CUST016370,Silver,171.18,True,Philippines
CUST004261,Platinum,790.19,True,Philippines
CUST015510,Bronze,39.68,False,Indonesia
CUST017908,Bronze,88.04,False,India
CUST017146,Silver,233.6,True,Thailand
CUST001858,Gold,325.39,True,Singapore
CUST001468,Bronze,102.41,True,Vietnam
CUST016563,Bronze,67.03,False,Indonesia
CUST014363,Silver,364.79,True,Indonesia
CUST017425,Silver,173.19,True,Thailand
CUST001204,Gold,343.78,True,India
CUST011189,Gold,279.55,True,Thailand
CUST004861,Gold,326.69,False,Vietnam
CUST007065,Silver,599.6,False,Indonesia
CUST015054,Bronze,89.65,True,Philippines
CUST006659,Bronze,90.58,False,Singapore
CUST002033,Bronze,60.96,False,Philippines
CUST014688,Silver,72.87,False,Singapore
CUST000916,Gold,267.56,False,Thailand
CUST016026,Bronze,74.1,False,Vietnam
CUST017882,Bronze,62.92,True,Thailand
CUST011282,Bronze,77.15,True,Vietnam
CUST006088,Bronze,54.05,True,Indonesia
CUST014023,Bronze,65.1,False,Thailand
CUST016676,Gold,252.54,True,India
CUST016537,Bronze,152.66,False,Vietnam
CUST002768,Silver,104.68,True,Singapore
CUST011573,Platinum,182.36,True,Thailand
CUST007921,Silver,179.17,True,Philippines
CUST003946,Bronze,111.69,False,Philippines
CUST005626,Bronze,113.5,False,Thailand
CUST000430,Gold,281.88,False,Thailand
CUST008270,Silver,199.97,True,Vietnam
CUST017858,Silver,103.43,False,Thailand
CUST005101,Bronze,31.67,False,Indonesia
CUST014268,Bronze,73.19,False,Indonesia
CUST001507,Bronze,87.64,True,India
CUST009744,Gold,395.75,True,Thailand
CUST011398,Bronze,85.42,False,Thailand
CUST012574,Bronze,89.01,False,Indonesia
CUST012651,Bronze,94.91,False,Indonesia
CUST014523,Bronze,116.38,False,Vietnam
CUST011678,Silver,144.78,False,Indonesia
CUST009584,Silver,182.63,False,Vietnam
CUST002564,Bronze,41.65,False,Indonesia
CUST016004,Bronze,90.56,True,Singapore
CUST010946,Silver,95.72,False,Thailand
CUST005672,Silver,165.16,True,Singapore
CUST008068,Bronze,71.24,False,India
CUST005323,Bronze,137.55,False,India
CUST014241,Silver,100.27,True,Singapore
CUST002060,Gold,265.85,True,Singapore
CUST003656,Bronze,61.25,False,Indonesia
CUST002148,Gold,199.11,False,Vietnam
CUST002732,Bronze,92.04,False,Thailand
CUST016203,Bronze,140.82,True,Thailand
CUST000734,Gold,203.17,True,Thailand
CUST000222,Bronze,59.36,False,Thailand
CUST008390,Silver,136.19,False,Thailand
CUST005351,Bronze,63.8,False,Vietnam
CUST014401,Bronze,82.15,False,Vietnam
CUST004326,Gold,208.82,False,India
CUST001356,Silver,157.89,True,Indonesia
CUST015918,Bronze,75.82,False,Vietnam
CUST017421,Bronze,56.86,False,India
CUST014898,Bronze,43.75,False,India
CUST014172,Bronze,56.2,False,Indonesia
CUST011169,Bronze,34.73,False,Philippines
CUST011309,Platinum,582.15,False,Philippines
CUST008551,Bronze,88.87,True,Philippines
CUST010000,Bronze,82.18,False,Philippines
CUST011872,Gold,210.06,True,Vietnam
CUST010467,Silver,72.3,True,Vietnam
CUST010735,Bronze,64.03,False,Thailand
CUST003839,Bronze,77.49,False,Indonesia
CUST009321,Gold,329.78,True,Vietnam
CUST003215,Bronze,75.82,True,Singapore
CUST015502,Gold,176.14,True,Vietnam
CUST000553,Gold,421.77,True,India
CUST016005,Bronze,69.72,False,Vietnam
CUST015710,Gold,276.09,True,Vietnam
CUST009830,Bronze,38.22,False,Philippines
CUST014587,Silver,144.1,False,Thailand
CUST009264,Platinum,453.77,True,Vietnam
CUST002356,Bronze,159.64,False,Indonesia
CUST016471,Bronze,63.2,False,Thailand
CUST003004,Silver,132.31,False,Vietnam
CUST011802,Gold,249.13,True,Thailand
CUST012662,Gold,252.22,True,Thailand
CUST008091,Bronze,104.84,False,India
CUST016768,Gold,289.36,False,Philippines
CUST014522,Bronze,199.7,False,Philippines
CUST009152,Silver,247.75,False,Thailand
CUST015134,Bronze,97.38,False,India
CUST017847,Platinum,689.33,True,Indonesia
CUST002890,Bronze,73.27,True,Vietnam
CUST000262,Bronze,93.56,False,Singapore
CUST013200,Silver,251.08,False,Vietnam
CUST012286,Bronze,102.72,False,Singapore
CUST014997,Bronze,170.96,False,Philippines
CUST016673,Bronze,95.02,False,India
CUST001514,Bronze,112.23,True,Philippines
CUST002035,Bronze,41.55,False,Indonesia
CUST014704,Gold,156.94,True,Vietnam
CUST001338,Bronze,55.76,False,Vietnam
CUST014797,Bronze,56.73,False,Philippines
CUST017342,Platinum,696.92,True,Vietnam
CUST012962,Bronze,99.52,False,Thailand
CUST010960,Bronze,110.22,False,Vietnam
CUST010538,Silver,125.12,True,Philippines
CUST016926,Silver,88.53,True,Singapore
CUST016484,Silver,243.82,False,Indonesia
CUST012639,Bronze,74.99,False,Vietnam
CUST009971,Bronze,34.03,False,Singapore
CUST011459,Bronze,41.68,True,Thailand
CUST017795,Bronze,78.99,True,Thailand
CUST009870,Silver,98.19,False,Vietnam
CUST008579,Bronze,39.81,False,Thailand
CUST001474,Bronze,68.04,False,Thailand
CUST008260,Bronze,114.23,False,Thailand
CUST003886,Gold,257.42,True,Singapore
CUST006205,Gold,138.37,False,Thailand
CUST013141,Gold,188.83,True,India
CUST009059,Bronze,88.82,True,Thailand
CUST002206,Bronze,42.53,False,Thailand
CUST012679,Silver,276.73,True,Indonesia
CUST000373,Bronze,61.71,False,Thailand
CUST003538,Silver,159.74,True,Vietnam
CUST013447,Gold,255.26,True,India
CUST003701,Bronze,43.75,False,Thailand
CUST015412,Platinum,396.95,True,Indonesia
CUST013599,Bronze,90.56,False,Indonesia
CUST011229,Bronze,126.27,False,Vietnam
CUST010377,Silver,145.65,False,Indonesia
CUST014068,Bronze,86.66,False,Thailand
CUST017845,Bronze,86.63,True,Vietnam
CUST016702,Gold,155.01,False,Philippines
CUST010414,Gold,177.83,True,India
CUST008241,Bronze,97.98,False,India
CUST004008,Gold,365.48,False,Indonesia
CUST014414,Bronze,123.18,False,Thailand
CUST017634,Bronze,102.16,True,Thailand
CUST004155,Bronze,92.44,False,Thailand
CUST002283,Gold,548.73,True,Indonesia
CUST009595,Bronze,74.61,False,Philippines
CUST017011,Bronze,62.98,False,Thailand
CUST009331,Bronze,120.37,False,Vietnam
CUST001874,Platinum,663.98,True,Indonesia
CUST007486,Bronze,62.67,True,Thailand
CUST014073,Silver,110.78,True,India
CUST002491,Bronze,52.92,False,Singapore
CUST001122,Platinum,343.84,True,Indonesia
CUST000976,Bronze,68.9,False,Indonesia
CUST006512,Gold,297.21,False,Philippines
CUST007274,Gold,306.59,True,Vietnam
CUST005854,Bronze,141.33,False,Vietnam
CUST005333,Silver,85.81,False,Philippines
CUST012658,Bronze,71.04,False,Singapore
CUST000145,Bronze,51.83,False,Thailand
CUST011846,Platinum,269.05,False,Singapore
CUST001832,Silver,127.81,False,Vietnam
CUST012384,Gold,277.01,True,Thailand
CUST012505,Gold,205.33,False,Philippines
CUST017075,Silver,138.04,False,India
CUST015741,Silver,197.5,False,India
CUST007918,Bronze,75.08,True,Singapore
CUST007195,Gold,275.63,False,Indonesia
CUST004652,Silver,218.94,False,Indonesia
CUST017429,Silver,150.56,True,Indonesia
CUST000582,Platinum,461.99,False,Vietnam
CUST013428,Silver,191.01,False,Philippines
CUST013132,Silver,244.18,True,India
CUST008978,Gold,288.99,True,Indonesia
CUST009581,Platinum,631.98,True,Indonesia
CUST003383,Gold,168.35,True,Vietnam
CUST000587,Silver,105.02,True,India
CUST007348,Bronze,41.85,False,Singapore
CUST006996,Bronze,69.05,False,Vietnam
CUST004972,Bronze,93.56,False,Indonesia
CUST008882,Bronze,75.95,False,Indonesia
CUST008076,Silver,75.89,True,Indonesia
CUST013185,Bronze,49.57,False,Singapore
CUST014334,Bronze,153.07,False,Philippines
CUST001887,Bronze,64.12,False,Indonesia
CUST017933,Platinum,507.78,True,India
CUST009012,Bronze,80.42,True,Philippines
CUST006769,Bronze,60.65,False,Vietnam
CUST003353,Bronze,107.3,False,Indonesia
CUST006466,Bronze,89.28,True,Indonesia
CUST011735,Silver,95.68,False,India
CUST015056,Bronze,85.63,False,Vietnam
CUST004683,Platinum,485.24,False,Indonesia
CUST011446,Bronze,114.51,False,Indonesia
CUST002773,Bronze,46.23,False,Philippines
CUST002300,Bronze,131.23,False,Philippines
CUST008117,Gold,180.88,False,Indonesia
CUST010663,Bronze,94.17,False,Singapore
CUST015154,Silver,138.97,False,Vietnam
CUST003471,Bronze,148.0,False,India
CUST005292,Bronze,109.27,False,Thailand
CUST001647,Bronze,101.27,True,India
CUST009348,Bronze,74.8,False,Thailand
CUST005763,Bronze,189.62,False,Philippines
CUST009878,Silver,204.82,True,Indonesia
CUST017655,Silver,155.4,True,Philippines
CUST009709,Silver,218.59,False,Philippines
CUST017165,Bronze,51.28,False,Indonesia
CUST007237,Silver,122.58,True,Thailand
CUST006805,Bronze,121.97,False,Philippines
CUST005678,Bronze,96.69,False,Indonesia
CUST003000,Bronze,56.39,True,India
CUST006798,Bronze,91.18,True,Vietnam
CUST014366,Gold,217.25,True,Philippines
CUST004903,Bronze,129.03,False,Thailand
CUST010479,Platinum,419.11,True,Philippines
CUST013963,Bronze,150.62,True,Singapore
CUST015270,Silver,251.63,True,Vietnam
CUST002404,Bronze,154.6,False,Thailand
CUST011569,Gold,236.13,False,Thailand
CUST017999,Silver,103.26,False,India
CUST015206,Silver,117.76,False,Singapore
CUST016908,Silver,172.74,True,Singapore
CUST009238,Bronze,138.76,False,Thailand
CUST010623,Platinum,413.14,True,Indonesia
CUST007713,Silver,276.99,True,Indonesia
CUST012442,Gold,311.58,True,Thailand
CUST005861,Silver,199.32,True,Singapore
CUST009974,Gold,433.68,False,Philippines
CUST013336,Gold,499.86,False,Thailand
CUST009347,Gold,319.12,False,Vietnam
CUST000879,Silver,116.27,False,Thailand
CUST002097,Platinum,556.2,True,Philippines
CUST010284,Bronze,65.9,False,Indonesia
CUST014919,Bronze,68.29,False,Philippines
CUST007915,Silver,85.35,True,Singapore
CUST003901,Silver,177.16,True,Philippines
CUST005489,Platinum,566.15,True,Indonesia
CUST015283,Bronze,77.65,False,Vietnam
CUST003614,Silver,188.34,True,Indonesia
CUST001814,Bronze,85.75,False,Philippines
CUST007664,Silver,66.51,True,Thailand
CUST009005,Gold,558.31,False,Vietnam
CUST011568,Silver,291.76,False,Indonesia
CUST004294,Bronze,99.12,False,Vietnam
CUST001904,Bronze,88.78,False,Thailand
CUST010252,Gold,160.98,True,Thailand
CUST017776,Bronze,76.95,False,Singapore
CUST004989,Bronze,45.81,True,Vietnam
CUST016842,Silver,85.21,False,Singapore
CUST010227,Bronze,158.24,False,India
CUST002589,Bronze,65.38,False,India
CUST015202,Bronze,82.07,False,Indonesia
CUST014807,Silver,198.29,False,Philippines
CUST004628,Bronze,102.86,False,Philippines
CUST008624,Bronze,87.74,False,India
CUST002034,Bronze,51.55,True,Vietnam
CUST005398,Bronze,127.23,True,Thailand
CUST002021,Platinum,237.89,True,Singapore
CUST009722,Platinum,400.02,True,Philippines
CUST009342,Gold,322.05,True,Indonesia
CUST015373,Bronze,72.3,False,Vietnam
CUST016502,Platinum,933.53,True,Singapore
CUST013910,Bronze,65.67,False,Thailand
CUST001684,Silver,91.93,False,Indonesia
CUST005800,Bronze,121.81,False,Philippines
CUST015846,Bronze,137.23,True,Vietnam
CUST010067,Bronze,47.41,False,Philippines
CUST009102,Bronze,176.19,False,India
CUST001860,Silver,250.61,False,Indonesia
CUST016959,Silver,120.03,False,Indonesia
CUST004010,Platinum,740.18,True,Vietnam
CUST008932,Bronze,48.05,False,Thailand
CUST017694,Bronze,120.09,False,India
CUST002296,Bronze,29.62,False,Philippines
CUST005482,Gold,211.64,True,Singapore
CUST003680,Gold,336.11,True,Vietnam
CUST015257,Bronze,158.58,False,Indonesia
CUST015535,Silver,168.52,False,India
CUST014038,Bronze,82.94,False,Vietnam
CUST005564,Bronze,45.12,False,Philippines
CUST006161,Bronze,68.07,False,Vietnam
CUST007137,Bronze,137.85,False,Thailand
CUST003756,Bronze,57.22,False,Philippines
CUST010793,Gold,221.66,True,Indonesia
CUST016870,Bronze,138.68,False,India
CUST007746,Bronze,93.83,True,Philippines
CUST003050,Silver,133.45,True,Vietnam
CUST012083,Platinum,458.15,True,Indonesia
CUST005204,Bronze,72.46,True,Singapore
CUST015459,Bronze,90.82,False,Singapore
CUST010432,Silver,120.2,True,Indonesia
CUST000182,Bronze,50.63,False,Singapore
CUST015452,Bronze,97.82,False,Singapore
CUST004085,Bronze,55.32,False,Philippines
CUST005677,Silver,204.13,True,Thailand
CUST017340,Gold,154.02,True,Thailand
CUST009995,Gold,282.56,True,Indonesia
CUST009720,Silver,134.13,False,India
CUST003303,Bronze,72.36,False,Philippines
CUST000588,Platinum,537.78,False,Indonesia
CUST011269,Bronze,63.11,False,India
CUST008611,Silver,183.76,True,Indonesia
CUST007736,Silver,199.59,False,Thailand
CUST003636,Bronze,95.37,False,Indonesia
CUST003106,Silver,352.66,True,Philippines
CUST007487,Bronze,99.96,False,Thailand
CUST013815,Silver,132.53,True,Philippines
CUST015376,Silver,120.03,True,Indonesia
CUST004970,Bronze,100.74,False,India
CUST007411,Platinum,660.55,True,Thailand
CUST012835,Silver,76.86,True,Indonesia
CUST003516,Bronze,68.48,False,Thailand
CUST007891,Platinum,838.18,False,Thailand
CUST003367,Bronze,62.66,False,India
CUST013439,Bronze,63.4,True,Vietnam
CUST017446,Gold,406.65,False,Thailand
CUST001541,Bronze,82.31,False,Philippines
CUST012595,Bronze,55.4,True,Indonesia
CUST011556,Bronze,83.8,True,India
CUST012166,Bronze,115.18,True,Indonesia
CUST009828,Bronze,37.16,False,Indonesia
CUST006653,Platinum,636.4,True,Philippines
CUST015900,Bronze,136.12,False,Indonesia
CUST012430,Silver,117.6,True,Vietnam
CUST007265,Bronze,48.97,False,Philippines
CUST015983,Silver,152.38,False,India
CUST002966,Platinum,431.6,True,India
CUST002081,Platinum,459.45,True,Singapore
CUST008649,Gold,196.17,False,Vietnam
CUST004343,Bronze,70.75,False,India
CUST001872,Bronze,51.35,False,Indonesia
CUST001298,Bronze,90.43,False,Thailand
CUST002660,Gold,441.67,False,Vietnam
CUST013651,Bronze,90.81,False,Vietnam
CUST013787,Bronze,61.18,False,Vietnam
CUST011606,Silver,196.01,False,India
CUST015880,Gold,203.72,True,Thailand
CUST014572,Bronze,69.35,True,Philippines
CUST017628,Platinum,602.63,True,Thailand
CUST006106,Bronze,111.09,True,Philippines
CUST013741,Platinum,372.81,True,Vietnam
CUST005462,Bronze,58.93,False,Thailand
CUST000552,Bronze,102.92,False,India
CUST007527,Bronze,65.32,True,Thailand
CUST007491,Silver,104.41,True,Vietnam
CUST016011,Silver,177.28,True,Vietnam
CUST014180,Gold,138.99,False,Indonesia
CUST008323,Bronze,102.71,False,Indonesia
CUST003660,Bronze,125.44,False,India
CUST006904,Platinum,480.16,True,Singapore
CUST008258,Silver,120.5,False,Vietnam
CUST007722,Silver,66.67,False,Philippines
CUST000020,Gold,867.66,True,India
CUST001445,Bronze,82.94,True,Singapore
CUST010949,Bronze,61.82,False,Thailand
CUST005555,Gold,142.33,True,Indonesia
CUST012720,Silver,138.23,False,India
CUST010444,Gold,274.84,True,Indonesia
CUST012586,Silver,157.11,False,Indonesia
CUST010014,Silver,191.88,True,Vietnam
CUST001230,Silver,220.78,False,Thailand
CUST002990,Bronze,142.04,True,Philippines
CUST014445,Gold,328.68,False,India
CUST010703,Bronze,74.42,False,Indonesia
CUST011880,Platinum,590.4,True,Indonesia
CUST009817,Gold,410.64,False,Vietnam
CUST004138,Bronze,53.54,True,Thailand
CUST012064,Bronze,76.27,False,Indonesia
CUST004998,Bronze,73.15,True,Singapore
CUST011426,Platinum,741.88,True,Vietnam
CUST004524,Bronze,107.38,True,India
CUST012288,Silver,254.32,False,Indonesia
CUST006955,Bronze,93.58,False,Vietnam
CUST013048,Silver,57.1,True,India
CUST011502,Gold,255.19,True,Thailand
CUST013896,Silver,92.05,False,Vietnam
CUST011948,Gold,307.6,True,Thailand
CUST001969,Silver,130.83,False,Vietnam
CUST014794,Bronze,113.71,False,India
CUST004087,Bronze,81.61,False,Vietnam
CUST010035,Silver,290.33,False,India
CUST000352,Bronze,73.42,False,India
CUST002340,Bronze,98.09,False,India
CUST005802,Bronze,105.07,False,Vietnam
CUST009663,Bronze,37.38,False,Vietnam
CUST008604,Bronze,70.06,True,Singapore
CUST003586,Bronze,48.34,False,Indonesia
CUST016163,Bronze,108.06,False,Thailand
CUST004277,Bronze,135.43,False,Thailand
CUST004241,Bronze,119.74,False,Indonesia
CUST012830,Silver,110.12,True,Indonesia
CUST017535,Gold,424.55,False,Philippines
CUST008460,Bronze,74.86,False,Singapore
CUST016445,Bronze,176.44,True,Indonesia
CUST001534,Gold,306.71,True,Indonesia
CUST015187,Bronze,127.83,True,Thailand
CUST012480,Bronze,111.62,True,Philippines
CUST012885,Bronze,68.72,False,Vietnam
CUST004065,Bronze,181.83,False,Vietnam
CUST003544,Bronze,116.7,False,Vietnam
CUST013580,Gold,817.14,True,Thailand
CUST007168,Silver,209.9,False,India
CUST009809,Bronze,74.75,False,Philippines
CUST002004,Silver,192.31,False,Vietnam
CUST014451,Bronze,104.52,False,Indonesia
CUST012841,Bronze,53.42,False,India
CUST002285,Bronze,70.12,True,India
CUST003240,Silver,104.07,False,Thailand
CUST002904,Bronze,61.78,False,India
CUST002460,Silver,156.38,False,Indonesia
CUST000576,Platinum,454.83,True,Indonesia
CUST006104,Platinum,304.86,True,India
CUST013800,Bronze,192.4,False,India
CUST008200,Gold,197.29,False,India
CUST009439,Silver,146.53,True,Singapore
CUST008493,Silver,74.2,True,India
CUST013990,Bronze,73.45,False,Thailand
CUST013467,Gold,182.69,True,India
CUST007656,Silver,238.79,False,Philippines
CUST011461,Silver,199.62,True,Thailand
CUST012330,Silver,122.73,False,Singapore
CUST005019,Bronze,55.25,False,India
CUST015165,Gold,697.87,False,Indonesia
CUST008647,Silver,146.1,False,Indonesia
CUST017818,Silver,96.35,False,Thailand
CUST006304,Bronze,86.14,False,Thailand
CUST005183,Bronze,66.53,False,Thailand
CUST010766,Silver,171.66,False,Singapore
CUST007191,Silver,183.63,False,Thailand
CUST017661,Bronze,108.83,False,Indonesia
CUST011519,Gold,419.03,True,Indonesia
CUST002471,Bronze,99.34,False,India
CUST006898,Bronze,97.62,False,Indonesia
CUST016001,Silver,215.65,False,Singapore
CUST006692,Bronze,103.22,False,Singapore
CUST007709,Bronze,43.47,True,India
CUST016307,Bronze,194.31,False,Thailand
CUST017302,Platinum,409.47,True,Vietnam
CUST005788,Bronze,77.88,False,Singapore
CUST016668,Bronze,161.58,True,Vietnam
CUST012879,Bronze,132.73,False,Philippines
CUST010109,Gold,588.16,False,Singapore
CUST009290,Bronze,33.33,False,Vietnam
CUST006884,Silver,147.38,True,Vietnam
CUST012855,Gold,250.79,True,Thailand
CUST002128,Gold,255.44,True,Indonesia
CUST007596,Bronze,58.06,False,India
CUST003562,Silver,152.28,True,Thailand
CUST015866,Gold,297.4,True,Thailand
CUST003876,Bronze,67.64,True,India
CUST008524,Silver,104.19,False,Indonesia
CUST015108,Platinum,351.02,True,India
CUST013160,Bronze,65.84,True,India
CUST006647,Platinum,1338.9,True,Philippines
CUST014348,Gold,320.52,True,Philippines
CUST005038,Bronze,121.96,False,Philippines
CUST004608,Bronze,71.44,True,Thailand
CUST003922,Bronze,159.09,False,Indonesia
CUST012659,Bronze,65.94,False,Vietnam
CUST012816,Bronze,119.95,False,Thailand
CUST004338,Bronze,75.5,False,Philippines
CUST000815,Bronze,102.17,False,Singapore
CUST002859,Platinum,364.5,True,Singapore
CUST004017,Silver,257.4,True,Thailand
CUST002040,Bronze,61.9,True,Philippines
CUST009760,Platinum,680.97,True,Philippines
CUST003196,Bronze,137.17,False,Indonesia
CUST005864,Silver,145.69,True,India
CUST012748,Silver,173.38,True,Singapore
CUST010350,Bronze,53.57,False,Singapore
CUST003726,Bronze,79.81,False,Thailand
CUST013908,Bronze,60.21,False,Indonesia
CUST013150,Gold,293.57,False,Vietnam
CUST015504,Silver,256.53,False,Indonesia
CUST014034,Bronze,112.92,False,Indonesia
CUST016372,Bronze,79.79,True,Thailand
CUST017337,Bronze,94.3,True,Singapore
CUST017728,Gold,316.79,False,Thailand
CUST006190,Silver,108.92,False,Singapore
CUST001570,Bronze,123.14,False,Vietnam
CUST002454,Platinum,463.91,True,Thailand
CUST004663,Platinum,421.5,True,Indonesia
CUST004849,Silver,100.38,False,Singapore
CUST001763,Bronze,79.24,False,Philippines
CUST004251,Gold,407.92,True,Thailand
CUST016060,Bronze,69.11,False,Indonesia
CUST005391,Bronze,35.21,False,India
CUST004050,Silver,206.84,True,Vietnam
CUST006719,Bronze,64.52,False,Thailand
CUST011517,Silver,135.93,True,Singapore
CUST008252,Gold,299.13,False,India
CUST009644,Silver,107.95,True,Thailand
CUST001785,Silver,230.85,False,Vietnam
CUST008005,Gold,166.37,True,Indonesia
CUST001299,Bronze,129.38,False,India
CUST005804,Silver,199.54,True,Thailand
CUST014977,Platinum,403.19,True,Thailand
CUST001672,Bronze,85.72,False,Thailand
CUST003837,Platinum,446.84,True,India
CUST000350,Bronze,81.94,True,India
CUST008554,Silver,63.02,True,Indonesia
CUST010095,Bronze,64.56,False,Singapore
CUST013567,Bronze,92.47,True,Indonesia
CUST016094,Silver,86.07,False,India
CUST005290,Bronze,65.03,False,Indonesia
CUST015742,Gold,322.88,False,Thailand
CUST000392,Gold,243.09,False,Thailand
CUST000525,Bronze,74.75,False,Thailand
CUST001703,Bronze,106.08,False,Thailand
CUST014402,Silver,121.69,False,Vietnam
CUST011495,Bronze,52.77,False,Philippines
CUST015251,Silver,145.58,False,India
CUST016127,Silver,132.73,False,Thailand
CUST005315,Bronze,91.15,False,Philippines
CUST006136,Silver,132.47,False,Singapore
CUST015915,Silver,298.91,False,Singapore
CUST007125,Bronze,88.76,False,Philippines
CUST004064,Gold,312.15,True,Thailand
CUST016773,Silver,79.61,True,Philippines
CUST005718,Silver,227.66,False,Singapore
CUST004747,Bronze,89.99,False,Singapore
CUST011173,Bronze,127.54,False,Indonesia
CUST002812,Silver,118.63,False,Philippines
CUST014945,Silver,155.11,True,Indonesia
CUST013658,Bronze,65.51,True,India
CUST001578,Bronze,98.31,False,Thailand
CUST002858,Bronze,128.53,True,Indonesia
CUST010110,Silver,203.31,True,Vietnam
CUST013768,Platinum,868.71,True,Vietnam
CUST005600,Bronze,83.69,False,Vietnam
CUST012943,Platinum,631.39,True,India
CUST012950,Silver,134.23,True,Thailand
CUST008974,Bronze,49.64,True,India
CUST009179,Bronze,59.67,False,India
CUST005371,Gold,90.15,False,Vietnam
CUST015172,Silver,295.37,False,Indonesia
CUST002123,Bronze,102.13,False,Indonesia
CUST016662,Gold,156.96,True,Thailand
CUST012585,Bronze,76.59,False,Thailand
CUST008449,Gold,351.18,True,Vietnam
CUST001983,Silver,141.34,False,Singapore
CUST003967,Gold,120.86,True,India
CUST009114,Bronze,71.71,False,Philippines
CUST002935,Bronze,80.46,False,Vietnam
CUST000763,Gold,203.93,True,Indonesia
CUST016130,Gold,270.53,True,Indonesia
CUST001868,Bronze,65.39,False,Thailand
CUST008682,Silver,163.59,False,Vietnam
CUST009402,Bronze,53.01,False,Philippines
CUST003800,Bronze,134.97,False,Vietnam
CUST009455,Silver,223.68,True,Philippines
CUST002735,Platinum,473.58,True,Thailand
CUST013063,Bronze,56.38,False,Thailand
CUST003620,Gold,212.91,False,India
CUST004738,Silver,243.02,False,India
CUST001401,Silver,140.12,False,Thailand
CUST016295,Silver,137.05,False,Thailand
CUST010942,Bronze,95.54,False,India
CUST012777,Silver,119.09,True,Thailand
CUST005030,Silver,109.63,True,Indonesia
CUST010057,Bronze,96.59,False,Indonesia
CUST010655,Bronze,36.2,False,Philippines
CUST001573,Bronze,41.46,False,Vietnam
CUST001849,Bronze,68.52,False,India
CUST013335,Bronze,161.05,False,Singapore
CUST001624,Gold,335.23,False,Philippines
CUST002273,Bronze,147.91,True,India
CUST009112,Bronze,145.67,False,Thailand
CUST001912,Gold,238.25,True,Vietnam
CUST010340,Bronze,28.18,False,Philippines
CUST010431,Platinum,373.01,True,India
CUST015659,Gold,221.16,True,Philippines
CUST003105,Gold,376.37,True,Thailand
CUST007640,Silver,191.91,True,Indonesia
CUST013246,Bronze,98.84,False,Vietnam
CUST009392,Platinum,730.77,True,Thailand
CUST006890,Bronze,64.01,False,Thailand
CUST013330,Gold,304.2,True,Thailand
CUST004082,Silver,144.98,True,Philippines
CUST003499,Silver,118.32,True,Thailand
CUST006191,Bronze,39.3,False,Philippines
CUST017351,Gold,296.12,True,Singapore
CUST002459,Bronze,67.72,True,Vietnam
CUST001902,Platinum,426.48,True,Indonesia
CUST003315,Bronze,86.6,False,Thailand
CUST010422,Bronze,42.94,False,Thailand
CUST017088,Silver,148.4,False,Thailand
CUST002252,Bronze,117.35,False,Thailand
CUST016795,Silver,139.3,False,Thailand
CUST002181,Bronze,106.23,False,Thailand
CUST002936,Bronze,94.95,False,Singapore
CUST015576,Gold,185.51,True,Thailand
CUST017279,Platinum,762.09,True,Indonesia
CUST000876,Bronze,97.57,True,Philippines
CUST013032,Bronze,54.38,False,Thailand
CUST001043,Silver,310.78,False,Thailand
CUST017630,Silver,126.85,True,Indonesia
CUST013698,Bronze,88.7,False,Philippines
CUST009680,Bronze,94.25,False,India
CUST006724,Silver,205.6,False,Indonesia
CUST008790,Platinum,274.15,True,Thailand
CUST014141,Silver,125.46,True,Thailand
CUST010202,Silver,260.5,False,India
CUST015835,Bronze,84.33,False,Vietnam
CUST003334,Bronze,89.88,False,Singapore
CUST008024,Bronze,138.17,False,India
CUST004507,Bronze,73.88,True,Vietnam
CUST001986,Bronze,91.7,False,Indonesia
CUST003209,Bronze,85.53,False,Philippines
CUST004282,Bronze,59.53,False,Indonesia
CUST006126,Gold,345.06,False,Singapore
CUST013045,Gold,461.68,False,Thailand
CUST009352,Gold,272.36,True,Philippines
CUST004767,Bronze,112.87,True,Thailand
CUST017748,Platinum,349.44,True,Singapore
CUST004360,Platinum,307.38,True,Singapore
CUST012979,Bronze,104.21,False,India
CUST015204,Gold,282.07,False,Vietnam
CUST000485,Bronze,202.94,False,India
CUST015025,Bronze,82.16,False,India
CUST005191,Bronze,135.04,False,India
CUST010026,Silver,214.89,True,Indonesia
CUST006726,Bronze,94.91,False,Philippines
CUST005358,Bronze,75.04,False,Vietnam
CUST002613,Silver,188.97,False,Thailand
CUST004093,Bronze,51.51,True,Philippines
CUST011059,Gold,223.33,False,Vietnam
CUST003869,Bronze,78.96,False,Singapore
CUST012431,Platinum,471.06,True,Thailand
CUST003733,Bronze,108.93,False,Thailand
CUST013093,Silver,159.35,False,Indonesia
CUST009471,Bronze,114.07,False,Vietnam
CUST010568,Bronze,87.32,False,Philippines
CUST006355,Platinum,550.95,True,Philippines
CUST001870,Platinum,373.38,True,Vietnam
CUST014505,Gold,322.37,False,Vietnam
CUST017182,Bronze,39.75,False,Vietnam
CUST011188,Bronze,29.33,False,India
CUST006852,Bronze,74.27,False,Vietnam
CUST000161,Bronze,67.48,False,Thailand
CUST005370,Platinum,523.68,False,India
CUST016197,Bronze,159.25,False,Vietnam
CUST016620,Platinum,452.06,True,Philippines
CUST015127,Platinum,860.38,True,Philippines
CUST015262,Bronze,63.58,False,Singapore
CUST007172,Bronze,142.14,False,Singapore
CUST012506,Bronze,63.32,True,Vietnam
CUST011627,Platinum,541.64,True,Thailand
CUST010135,Bronze,53.84,False,India
CUST014475,Bronze,127.31,False,Philippines
CUST007547,Platinum,760.54,True,Thailand
CUST006198,Bronze,101.34,True,India
CUST010091,Gold,498.65,True,Philippines
CUST001731,Bronze,63.39,False,Indonesia
CUST010132,Silver,53.83,False,Indonesia
CUST005156,Silver,93.6,False,Thailand
CUST001866,Bronze,113.35,True,Singapore
CUST017338,Gold,276.51,False,Singapore
CUST009286,Bronze,88.7,True,Vietnam
CUST000082,Bronze,99.61,True,Vietnam
CUST007719,Bronze,95.04,False,India
CUST015941,Gold,233.01,True,Vietnam
CUST013339,Gold,264.36,True,Thailand
CUST000856,Bronze,73.1,True,Vietnam
CUST006981,Gold,161.78,True,India
CUST015453,Bronze,126.36,False,Indonesia
CUST013931,Bronze,55.37,False,Vietnam
CUST000647,Gold,195.47,False,Thailand
CUST008436,Bronze,58.78,True,India
CUST002915,Bronze,43.0,True,Singapore
CUST011009,Platinum,583.52,True,Philippines
CUST001052,Gold,325.0,True,Vietnam
CUST006661,Platinum,278.85,False,Thailand
CUST015444,Bronze,103.54,False,Indonesia
CUST007465,Platinum,887.43,False,India
CUST012654,Bronze,130.25,False,Indonesia
CUST013613,Gold,203.53,False,Vietnam
CUST009721,Bronze,58.27,False,Philippines
CUST014721,Bronze,137.21,False,Vietnam
CUST011822,Silver,190.28,True,Vietnam
CUST013422,Bronze,59.65,False,Singapore
CUST013687,Bronze,116.62,False,Indonesia
CUST007689,Bronze,107.01,False,Philippines
CUST006669,Bronze,102.22,True,India
CUST004885,Gold,190.3,True,India
CUST001844,Silver,147.24,False,India
CUST011769,Gold,317.91,True,Singapore
CUST008874,Silver,167.1,False,Philippines
CUST005858,Bronze,77.86,False,Thailand
CUST004011,Bronze,55.14,False,Indonesia
CUST016182,Bronze,42.92,False,Thailand
CUST008212,Gold,307.69,True,Philippines
CUST001394,Silver,249.23,True,India
CUST012090,Bronze,64.2,True,India
CUST014962,Gold,383.26,True,Thailand
CUST013992,Gold,445.99,True,Thailand
CUST006357,Platinum,394.9,True,Philippines
CUST015085,Bronze,140.69,False,Vietnam
CUST016378,Silver,176.03,False,Philippines
CUST013521,Bronze,118.33,False,Vietnam
CUST004092,Bronze,147.8,False,Vietnam
CUST015193,Bronze,55.94,False,Thailand
CUST015841,Bronze,133.91,False,Vietnam
CUST000287,Bronze,66.49,True,Indonesia
CUST008443,Bronze,109.39,False,Indonesia
CUST005834,Bronze,64.74,False,India
CUST002025,Bronze,37.59,True,India
CUST009757,Bronze,35.95,False,Thailand
CUST014369,Bronze,119.87,False,India
CUST011292,Gold,221.58,True,Philippines
CUST001173,Silver,125.78,False,India
CUST002145,Gold,411.77,True,Vietnam
CUST010126,Bronze,85.16,False,Vietnam
CUST008633,Bronze,266.29,False,India
CUST009548,Silver,312.11,False,India
CUST002269,Bronze,81.79,False,India
CUST008402,Bronze,126.65,False,Thailand
CUST006011,Bronze,82.2,False,India
CUST009536,Bronze,37.21,True,Thailand
CUST014635,Bronze,115.61,True,Vietnam
CUST010484,Platinum,693.81,True,Vietnam
CUST007814,Silver,172.25,True,India
CUST002849,Platinum,464.86,True,Singapore
CUST003652,Gold,331.63,True,Thailand
CUST005503,Bronze,80.51,False,Philippines
CUST010792,Silver,125.07,True,Thailand
CUST015531,Bronze,96.96,False,Thailand
CUST007061,Bronze,52.57,False,Thailand
CUST006835,Silver,163.26,True,Philippines
CUST016472,Bronze,43.67,False,Indonesia
CUST004370,Gold,389.21,False,India
CUST000057,Bronze,150.02,False,India
CUST003456,Silver,142.52,True,India
CUST004264,Bronze,79.29,False,Vietnam
CUST004413,Silver,205.56,False,Indonesia
CUST000405,Bronze,80.15,False,Vietnam
CUST003062,Platinum,876.32,True,Philippines
CUST002975,Bronze,47.9,True,Philippines
CUST000115,Bronze,142.33,False,India
CUST001011,Bronze,55.57,False,Thailand
CUST014293,Bronze,47.77,False,Thailand
CUST003741,Bronze,123.49,False,Vietnam
CUST009213,Gold,263.87,False,Philippines
CUST007890,Bronze,94.5,False,India
CUST009761,Bronze,92.93,False,Indonesia
CUST010081,Bronze,119.11,True,Singapore
CUST006479,Bronze,48.47,False,Vietnam
CUST002496,Gold,185.07,True,Philippines
CUST013082,Silver,252.41,True,Thailand
CUST009253,Silver,117.12,True,Indonesia
CUST001687,Bronze,53.29,False,Vietnam
CUST005612,Bronze,68.23,True,Vietnam
CUST002286,Platinum,238.56,True,Thailand
CUST012966,Silver,147.96,True,India
CUST014603,Silver,97.42,False,Thailand
CUST013485,Silver,122.44,True,Philippines
CUST001424,Platinum,304.99,True,Thailand
CUST002125,Silver,159.08,False,Indonesia
CUST005228,Silver,92.2,True,Thailand
CUST003311,Bronze,53.14,False,Singapore
CUST011644,Bronze,90.86,False,Philippines
CUST007292,Gold,451.44,True,Philippines
CUST002402,Gold,398.76,False,Vietnam
CUST009131,Gold,499.91,True,Thailand
CUST008557,Bronze,103.58,False,Singapore
CUST004344,Bronze,97.68,True,Thailand
CUST002716,Silver,158.01,False,Vietnam
CUST008377,Bronze,75.88,False,Singapore
CUST016546,Silver,118.67,True,Vietnam
CUST008022,Bronze,106.31,False,Indonesia
CUST012252,Bronze,149.38,False,Vietnam
CUST000493,Bronze,142.0,False,Philippines
CUST012341,Bronze,182.21,False,Thailand
CUST015002,Gold,231.34,True,Philippines
CUST017857,Gold,173.5,False,Vietnam
CUST014850,Silver,122.99,False,India
CUST004471,Gold,286.39,False,Indonesia
CUST001593,Bronze,52.16,True,Thailand
CUST009646,Bronze,96.22,False,India
CUST013771,Platinum,1050.3,True,Thailand
CUST008189,Silver,63.49,True,Indonesia
CUST000841,Platinum,478.83,True,India
CUST014818,Bronze,69.12,False,India
CUST009516,Bronze,50.65,True,Indonesia
CUST016625,Bronze,75.67,False,Singapore
CUST009045,Gold,261.69,True,India
CUST017043,Bronze,116.13,False,Philippines
CUST010748,Bronze,75.25,False,Thailand
CUST004709,Platinum,781.81,True,Thailand
CUST006908,Bronze,167.9,False,Vietnam
CUST010232,Platinum,429.29,True,Philippines
CUST007223,Bronze,106.85,False,Indonesia
CUST013475,Bronze,194.72,True,Vietnam
CUST012114,Bronze,179.99,False,Thailand
CUST005260,Bronze,64.74,False,Indonesia
CUST007948,Platinum,390.36,True,Indonesia
CUST015118,Gold,192.81,True,Vietnam
CUST003828,Gold,315.56,True,Thailand
CUST005139,Bronze,105.96,False,India
CUST012569,Bronze,70.84,False,Vietnam
CUST005919,Platinum,520.43,False,Philippines
CUST014335,Bronze,71.77,False,Thailand
CUST016727,Bronze,133.32,False,Singapore
CUST005190,Bronze,97.87,False,Indonesia
CUST000719,Platinum,540.41,True,India
CUST001914,Bronze,98.47,False,Indonesia
CUST003691,Bronze,103.32,False,Indonesia
CUST010889,Bronze,78.19,False,Vietnam
CUST017639,Silver,115.47,True,Philippines
CUST016924,Bronze,85.85,False,Vietnam
CUST016718,Silver,170.94,False,India
CUST006755,Silver,74.36,True,Philippines
CUST001377,Bronze,79.86,True,India
CUST001408,Silver,133.8,False,Philippines
CUST012628,Gold,239.1,True,Thailand
CUST011379,Bronze,74.8,False,India
CUST009493,Bronze,112.52,False,India
CUST011636,Bronze,82.55,False,Thailand
CUST009752,Silver,111.2,False,Indonesia
CUST004545,Platinum,441.81,True,Indonesia
CUST002659,Bronze,68.46,False,Philippines
CUST017830,Silver,168.44,False,Vietnam
CUST016776,Bronze,69.91,True,Vietnam
CUST007477,Bronze,80.89,False,Philippines
CUST009142,Bronze,54.75,False,Indonesia
CUST011441,Bronze,104.74,False,Vietnam
CUST007654,Bronze,102.39,True,Philippines
CUST008090,Gold,341.44,True,Indonesia
CUST001942,Gold,229.25,True,Indonesia
CUST017961,Silver,255.82,False,India
CUST011634,Platinum,337.9,True,Vietnam
CUST009413,Silver,98.28,False,Vietnam
CUST006237,Bronze,93.33,False,Indonesia
CUST014716,Silver,185.79,True,India
CUST001771,Bronze,51.71,False,Vietnam
CUST010902,Platinum,566.58,True,Philippines
CUST012630,Bronze,30.87,True,Indonesia
CUST000318,Bronze,38.04,False,Philippines
CUST017905,Gold,268.95,False,Singapore
CUST006743,Bronze,106.92,False,India
CUST006133,Silver,141.39,True,Thailand
CUST007776,Silver,167.57,True,India
CUST013470,Bronze,81.9,True,Philippines
CUST005938,Platinum,448.99,True,India
CUST013925,Bronze,152.27,False,Thailand
CUST012731,Gold,327.01,True,Singapore
CUST012412,Gold,346.13,False,Thailand
CUST014972,Bronze,42.66,True,Philippines
CUST012282,Bronze,79.39,False,Vietnam
CUST008142,Bronze,82.78,False,Singapore
CUST002833,Bronze,54.19,False,Vietnam
CUST009353,Bronze,67.52,False,Vietnam
CUST001065,Bronze,48.8,False,Thailand
CUST007091,Silver,277.23,False,Philippines
CUST007345,Bronze,58.32,False,Thailand
CUST006181,Bronze,102.38,False,Thailand
CUST008729,Gold,446.79,True,India
CUST004540,Silver,180.44,True,Vietnam
CUST001946,Bronze,123.42,True,Indonesia
CUST005314,Silver,137.13,True,Philippines
CUST008057,Silver,202.5,True,Philippines
CUST009826,Bronze,73.62,True,Thailand
CUST001463,Bronze,52.88,False,Singapore
CUST011614,Bronze,79.18,False,Thailand
CUST005609,Gold,184.35,False,Vietnam
CUST010190,Silver,88.24,False,India
CUST014328,Bronze,83.58,False,Thailand
CUST003527,Silver,163.78,True,Indonesia
CUST003737,Silver,155.09,False,Vietnam
CUST007612,Bronze,143.52,False,Philippines
CUST004240,Silver,139.1,False,Singapore
CUST000776,Bronze,97.95,False,Indonesia
CUST016412,Gold,263.12,True,Indonesia
CUST014454,Bronze,110.27,False,Singapore
CUST006645,Bronze,111.67,False,Philippines
CUST003094,Silver,196.18,True,Vietnam
CUST012801,Platinum,868.03,False,Philippines
CUST006615,Silver,313.88,False,Vietnam
CUST013057,Silver,98.64,False,Vietnam
CUST014798,Bronze,99.26,True,Thailand
CUST002806,Bronze,123.13,False,Vietnam
CUST001225,Bronze,40.92,True,Indonesia
CUST000839,Gold,318.07,False,Indonesia
CUST010357,Bronze,77.31,False,Vietnam
CUST015796,Bronze,58.61,False,Vietnam
CUST012554,Gold,247.17,True,Vietnam
CUST012812,Bronze,58.11,False,Philippines
CUST016040,Bronze,48.12,False,Thailand
CUST007425,Bronze,88.7,False,India
CUST015241,Bronze,65.85,False,Thailand
CUST009388,Bronze,50.33,True,Indonesia
CUST007416,Bronze,54.93,True,Indonesia
CUST000602,Bronze,92.83,False,Thailand
CUST014575,Silver,72.25,False,Philippines
CUST004284,Bronze,91.87,False,Vietnam
CUST008786,Bronze,51.18,True,India
CUST014391,Bronze,70.5,False,Vietnam
CUST003238,Platinum,668.35,True,Singapore
CUST006186,Bronze,88.62,False,Indonesia
CUST008997,Bronze,101.43,False,Vietnam
CUST001215,Gold,538.18,True,India
CUST017196,Bronze,59.43,False,Philippines
CUST012027,Bronze,69.96,False,Indonesia
CUST015974,Bronze,74.35,False,Vietnam
CUST011868,Bronze,72.53,False,Indonesia
CUST001772,Bronze,132.2,False,Vietnam
CUST014424,Silver,262.03,False,India
CUST010101,Platinum,483.61,True,Thailand
CUST009206,Silver,179.02,True,Indonesia
CUST002339,Bronze,98.18,False,Vietnam
CUST002609,Bronze,119.99,False,Philippines
CUST001255,Bronze,77.67,False,Indonesia
CUST009941,Bronze,96.94,False,Vietnam
CUST007055,Bronze,79.9,False,Indonesia
CUST013167,Bronze,226.22,False,Thailand
CUST014249,Bronze,87.41,False,Indonesia
CUST002455,Bronze,106.22,False,India
CUST016414,Gold,208.24,True,Philippines
CUST013665,Gold,190.77,False,Vietnam
CUST006936,Silver,114.37,True,Thailand
CUST000697,Bronze,89.96,False,India
CUST006437,Bronze,104.62,False,Indonesia
CUST006906,Silver,170.17,False,India
CUST017456,Gold,303.87,True,Philippines
CUST013803,Silver,71.09,True,Indonesia
CUST011772,Bronze,34.17,False,India
CUST013126,Bronze,48.82,True,Singapore
CUST012056,Silver,100.23,False,Vietnam
CUST016856,Bronze,162.32,False,India
CUST015632,Bronze,39.26,False,Philippines
CUST003637,Bronze,96.44,False,India
CUST005960,Bronze,30.59,False,India
CUST007601,Platinum,532.55,True,India
CUST012800,Bronze,52.01,False,Thailand
CUST006115,Gold,181.89,True,Vietnam
CUST011852,Bronze,63.84,True,Singapore
CUST004571,Bronze,81.63,False,Vietnam
CUST017017,Platinum,483.6,True,Thailand
CUST004565,Bronze,70.65,False,Thailand
CUST013906,Bronze,57.41,True,Philippines
CUST001035,Gold,348.99,True,Singapore
CUST006306,Platinum,256.35,False,Vietnam
CUST015424,Gold,412.19,True,Vietnam
CUST004243,Bronze,71.88,False,Vietnam
CUST008063,Silver,205.92,False,India
CUST015642,Platinum,353.04,True,Singapore
CUST002736,Bronze,78.46,True,Vietnam
CUST005719,Silver,117.9,True,Singapore
CUST010659,Bronze,76.15,False,Indonesia
CUST007311,Platinum,355.11,True,Vietnam
CUST005374,Silver,104.91,True,Thailand
CUST006470,Silver,326.09,True,Vietnam
CUST004025,Silver,120.29,True,Vietnam
CUST004395,Bronze,158.23,False,Vietnam
CUST004086,Bronze,98.13,False,Philippines
CUST004626,Bronze,38.57,False,Indonesia
CUST017932,Silver,130.49,True,Thailand
CUST004351,Silver,137.2,False,Singapore
CUST003221,Bronze,43.92,False,Thailand
CUST008457,Silver,84.58,False,India
CUST000210,Silver,60.54,True,Philippines
CUST015292,Silver,184.59,False,Indonesia
CUST008450,Silver,184.5,True,Thailand
CUST014138,Gold,238.13,True,Indonesia
CUST004436,Bronze,74.12,True,Indonesia
CUST009675,Bronze,214.59,False,Thailand
CUST004526,Silver,239.25,True,Vietnam
CUST016193,Platinum,381.16,True,Singapore
CUST006215,Silver,138.82,True,Vietnam
CUST003889,Bronze,76.43,False,Indonesia
CUST007460,Gold,287.87,False,Thailand
CUST016657,Platinum,262.54,True,Thailand
CUST005618,Platinum,678.17,True,India
CUST016175,Silver,142.82,False,Philippines
CUST005715,Silver,172.2,False,Singapore
CUST004223,Silver,85.04,False,Vietnam
CUST006156,Silver,103.44,False,Thailand
CUST017437,Silver,135.34,True,Vietnam
CUST013759,Bronze,115.66,False,Thailand
CUST013080,Bronze,63.2,False,Indonesia
CUST016243,Bronze,84.42,False,Vietnam
CUST002583,Silver,191.08,False,India
CUST015267,Bronze,155.89,False,Philippines
CUST001670,Silver,181.85,False,Thailand
CUST002045,Bronze,141.46,True,India
CUST000229,Bronze,114.17,False,Vietnam
CUST000568,Bronze,93.23,True,Indonesia
CUST005232,Bronze,114.55,False,Philippines
CUST001485,Platinum,361.38,True,India
CUST008879,Silver,135.69,False,Thailand
CUST006968,Silver,194.81,False,Singapore
CUST005606,Silver,100.56,False,Thailand
CUST010158,Platinum,686.43,True,Indonesia
CUST008678,Gold,445.81,True,Indonesia
CUST009833,Bronze,103.49,False,Indonesia
CUST004281,Gold,189.91,True,India
CUST008675,Silver,157.55,True,Vietnam
CUST014226,Platinum,411.8,True,Indonesia
CUST000018,Bronze,76.34,False,Thailand
CUST009672,Silver,129.24,False,Philippines
CUST012118,Platinum,1101.38,True,Indonesia
CUST010534,Bronze,64.34,False,Indonesia
CUST016725,Gold,213.98,True,Philippines
CUST017565,Bronze,62.65,True,Vietnam
CUST003016,Bronze,74.11,False,Indonesia
CUST000438,Bronze,116.12,False,Thailand
CUST000942,Bronze,49.39,False,Singapore
CUST007341,Silver,66.23,False,India
CUST012241,Silver,226.02,False,Indonesia
CUST011782,Silver,239.1,False,Philippines
CUST007008,Platinum,402.27,True,Philippines
CUST002112,Platinum,388.76,True,Indonesia
CUST014954,Silver,105.38,False,Thailand
CUST005206,Gold,332.17,False,Indonesia
CUST006699,Bronze,63.17,False,Philippines
CUST006819,Bronze,113.4,False,India
CUST009638,Silver,155.59,True,Vietnam
CUST005153,Bronze,32.18,False,Indonesia
CUST000801,Platinum,371.76,True,Indonesia
CUST016114,Bronze,62.84,False,Thailand
CUST005299,Platinum,580.94,True,Philippines
CUST007693,Gold,346.3,True,Singapore
CUST002209,Gold,169.81,False,Philippines
CUST014406,Gold,295.02,True,Singapore
CUST003235,Platinum,310.3,True,Vietnam
CUST001546,Bronze,34.49,False,Thailand
CUST000088,Silver,222.79,False,Thailand
CUST008095,Bronze,65.65,False,Philippines
CUST012251,Bronze,100.75,False,Vietnam
CUST008363,Silver,92.48,False,India
CUST016293,Platinum,456.08,True,Thailand
CUST017311,Bronze,158.19,False,Thailand
CUST015143,Bronze,106.81,False,Vietnam
CUST012324,Bronze,136.63,False,Vietnam
CUST011243,Bronze,70.63,False,India
CUST016556,Bronze,83.78,False,Singapore
CUST000593,Platinum,503.09,True,Philippines
CUST015028,Bronze,154.52,False,Indonesia
CUST015666,Silver,135.99,False,Thailand
CUST009669,Silver,266.72,True,Vietnam
CUST011084,Bronze,96.88,True,India
CUST004942,Bronze,67.37,True,Vietnam
CUST002398,Silver,135.44,False,Thailand
CUST001372,Bronze,63.62,False,Philippines
CUST010263,Bronze,76.86,False,Thailand
CUST007114,Silver,118.48,False,Singapore
CUST013670,Bronze,98.24,False,Indonesia
CUST007670,Silver,197.51,False,Philippines
CUST010085,Bronze,155.34,False,Thailand
CUST010571,Bronze,63.17,True,Philippines
CUST015694,Bronze,86.11,True,India
CUST004451,Silver,314.58,True,Indonesia
CUST006504,Silver,66.75,True,Indonesia
CUST000004,Bronze,165.8,False,Philippines
CUST004488,Bronze,118.36,False,Singapore
CUST005824,Bronze,100.53,False,Thailand
CUST013306,Silver,166.98,True,Vietnam
CUST000563,Bronze,42.32,False,India
CUST005405,Bronze,110.62,False,Singapore
CUST012923,Platinum,1124.44,True,Philippines
CUST010082,Gold,390.6,True,Vietnam
CUST000948,Bronze,41.28,False,India
CUST016838,Gold,369.16,True,India
CUST015707,Silver,220.03,True,Singapore
CUST000634,Gold,244.59,True,Vietnam
CUST001431,Silver,103.87,True,Indonesia
CUST015293,Platinum,568.81,True,Vietnam
CUST005087,Bronze,143.9,False,Singapore
CUST016032,Bronze,122.9,False,Indonesia
CUST003101,Bronze,113.46,True,Indonesia
CUST008863,Bronze,66.53,False,India
CUST014309,Bronze,56.99,False,Vietnam
CUST006956,Bronze,59.98,False,Philippines
CUST016559,Bronze,71.88,True,Thailand
CUST006702,Silver,89.93,True,Vietnam
CUST015361,Gold,473.58,True,Indonesia
CUST007225,Platinum,373.91,True,Vietnam
CUST009312,Bronze,127.27,False,India
CUST001544,Bronze,80.47,True,Singapore
CUST016500,Bronze,193.43,False,Indonesia
CUST010173,Gold,287.15,False,Vietnam
CUST011633,Platinum,1228.26,True,Indonesia
CUST017754,Bronze,78.45,False,Philippines
CUST012734,Bronze,50.99,False,Thailand
CUST013321,Gold,113.97,True,Thailand
CUST014937,Silver,140.11,False,Indonesia
CUST008896,Bronze,53.61,False,Philippines
CUST011597,Bronze,81.74,False,Philippines
CUST017559,Silver,292.7,True,Vietnam
CUST003998,Silver,137.92,True,Indonesia
CUST014709,Bronze,173.52,False,Vietnam
CUST011022,Silver,130.55,False,Philippines
CUST007907,Silver,142.13,False,Singapore
CUST010837,Bronze,68.72,True,Indonesia
CUST012914,Silver,130.2,True,Indonesia
CUST004740,Gold,444.52,True,Philippines
CUST009407,Bronze,46.23,False,Singapore
CUST002968,Bronze,121.79,False,Singapore
CUST008993,Gold,231.5,True,Vietnam
CUST001443,Gold,297.7,True,Indonesia
CUST010311,Bronze,124.69,False,Vietnam
CUST010642,Silver,145.45,True,Singapore
CUST017998,Silver,142.87,True,India
CUST012776,Gold,198.42,False,Philippines
CUST013077,Silver,143.79,False,Thailand
CUST010339,Bronze,64.38,False,Thailand
CUST001603,Bronze,81.23,False,Thailand
CUST015046,Bronze,123.69,True,Indonesia
CUST017438,Bronze,59.65,True,Philippines
CUST005925,Bronze,89.13,False,Thailand
CUST002866,Platinum,331.79,True,Singapore
CUST011680,Bronze,63.28,False,Vietnam
CUST009599,Platinum,1199.31,True,Thailand
CUST003638,Bronze,145.71,False,Indonesia
CUST017553,Gold,168.95,False,Indonesia
CUST001811,Platinum,779.98,True,Indonesia
CUST010434,Bronze,125.27,True,Philippines
CUST001537,Bronze,57.09,False,Philippines
CUST016161,Silver,122.32,True,Vietnam
CUST017115,Bronze,89.96,True,Thailand
CUST001143,Silver,244.51,False,Singapore
CUST005785,Silver,204.27,True,India
CUST005789,Bronze,124.16,True,Philippines
CUST007440,Gold,182.4,True,Indonesia
CUST006459,Silver,171.14,True,Vietnam
CUST006243,Silver,122.13,False,Philippines
CUST013323,Platinum,451.02,True,Indonesia
CUST005647,Gold,330.21,True,Vietnam
CUST017571,Bronze,74.75,False,Thailand
CUST002870,Gold,634.51,False,Vietnam
CUST010473,Platinum,554.37,True,Indonesia
CUST016589,Platinum,419.64,False,India
CUST006125,Silver,148.78,False,Vietnam
CUST007194,Bronze,68.74,False,Thailand
CUST002058,Gold,290.4,False,Philippines
CUST017194,Bronze,79.81,False,Thailand
CUST010986,Bronze,79.22,False,Philippines
CUST000382,Silver,139.51,False,India
CUST001232,Silver,157.04,True,Indonesia
CUST001487,Bronze,101.83,False,India
CUST011260,Bronze,221.07,False,India
CUST014057,Gold,193.41,True,Indonesia
CUST013512,Bronze,162.77,False,India
CUST013942,Silver,108.39,True,Thailand
CUST002785,Platinum,596.09,True,Vietnam
CUST001419,Bronze,69.78,True,Vietnam
CUST016580,Platinum,441.32,True,Vietnam
CUST017463,Silver,176.57,True,Thailand
CUST003974,Silver,71.12,False,Indonesia
CUST008770,Bronze,59.58,False,India
CUST016222,Silver,80.49,False,India
CUST002878,Bronze,75.68,False,Vietnam
CUST014361,Platinum,302.12,True,Vietnam
CUST000619,Gold,262.57,True,Singapore
CUST011192,Gold,416.94,False,Singapore
CUST009031,Bronze,39.83,False,India
CUST006563,Bronze,56.98,True,India
CUST007164,Bronze,54.67,False,India
CUST016772,Bronze,150.86,False,Indonesia
CUST013716,Silver,89.58,False,Singapore
CUST012355,Silver,114.69,False,Indonesia
CUST009753,Silver,266.64,True,Vietnam
CUST014722,Silver,262.61,False,Indonesia
CUST010688,Bronze,68.85,False,Thailand
CUST003823,Silver,215.11,True,Philippines
CUST010466,Gold,402.73,True,Vietnam
CUST011363,Bronze,36.71,False,Thailand
CUST013755,Silver,400.32,False,Vietnam
CUST000961,Silver,119.68,False,Thailand
CUST016245,Bronze,113.53,False,India
CUST002484,Bronze,69.63,False,Indonesia
CUST013710,Bronze,139.49,False,India
CUST014202,Silver,128.17,True,India
CUST015859,Bronze,83.46,True,Indonesia
CUST004365,Bronze,99.31,True,Philippines
CUST000035,Silver,167.96,False,Singapore
CUST013074,Silver,65.34,False,Thailand
CUST001208,Silver,286.92,False,Vietnam
CUST009409,Silver,141.01,False,India
CUST006801,Bronze,105.18,False,Thailand
CUST010622,Bronze,79.62,False,Thailand
CUST007777,Bronze,71.32,False,Thailand
CUST009554,Silver,340.51,False,Indonesia
CUST005203,Bronze,66.9,False,Thailand
CUST007529,Platinum,1522.86,True,Thailand
CUST010701,Gold,1028.53,True,Thailand
CUST002189,Silver,141.21,True,Vietnam
CUST013261,Silver,121.24,False,Philippines
CUST004680,Silver,166.02,False,India
CUST007512,Bronze,48.35,False,Singapore
CUST006813,Silver,176.0,False,India
CUST001358,Gold,199.61,False,Thailand
CUST009140,Platinum,542.7,True,Thailand
CUST008740,Bronze,71.18,False,Indonesia
CUST008791,Bronze,95.93,True,Indonesia
CUST010981,Bronze,137.66,True,Philippines
CUST001509,Platinum,620.95,True,Singapore
CUST008566,Bronze,104.24,False,Vietnam
CUST001944,Silver,216.3,True,India
CUST014171,Bronze,170.88,True,Indonesia
CUST014534,Bronze,108.36,False,India
CUST017428,Silver,92.84,False,Indonesia
CUST008292,Silver,126.67,True,Thailand
CUST007184,Bronze,103.48,True,Philippines
CUST016475,Bronze,85.84,False,India
CUST004186,Platinum,676.19,True,India
CUST001613,Gold,230.58,True,Philippines
CUST012246,Silver,228.21,True,Philippines
CUST015969,Bronze,79.9,False,India
CUST006514,Bronze,142.32,False,India
CUST004879,Gold,377.97,True,Thailand
CUST008720,Gold,209.05,True,Singapore
CUST017676,Bronze,55.76,True,Philippines
CUST011274,Bronze,45.07,False,India
CUST003588,Bronze,105.87,False,Vietnam
CUST001371,Bronze,72.16,False,Vietnam
CUST016731,Platinum,234.06,True,Indonesia
CUST010849,Bronze,111.63,False,Indonesia
CUST010493,Bronze,71.43,False,Vietnam
CUST012105,Bronze,145.34,False,Thailand
CUST000408,Platinum,407.28,True,Singapore
CUST010805,Bronze,88.34,False,Indonesia
CUST002780,Silver,144.09,True,Singapore
CUST015051,Gold,348.3,False,Singapore
CUST003432,Silver,128.11,True,Singapore
CUST006185,Bronze,69.52,False,Vietnam
CUST007048,Bronze,110.96,False,Singapore
CUST005527,Platinum,442.6,True,Singapore
CUST003084,Silver,147.85,True,Indonesia
CUST005109,Gold,304.96,True,Thailand
CUST015073,Silver,144.3,False,Philippines
CUST005852,Silver,150.12,False,Philippines
CUST005599,Silver,141.15,False,Indonesia
CUST004508,Platinum,396.69,True,India
CUST014399,Silver,150.73,False,Singapore
CUST002171,Bronze,74.37,True,Philippines
CUST015890,Gold,117.43,True,Indonesia
CUST006779,Bronze,176.35,False,Singapore
CUST016587,Bronze,91.51,False,Indonesia
CUST011003,Silver,91.94,True,Philippines
CUST013325,Bronze,136.22,False,Thailand
CUST002643,Bronze,98.21,False,Singapore
CUST002693,Bronze,129.11,False,India
CUST005762,Bronze,60.82,False,India
CUST000988,Silver,206.29,True,Vietnam
CUST012617,Bronze,101.62,False,Philippines
CUST006758,Gold,248.21,False,India
CUST007087,Platinum,708.97,True,Thailand
CUST008902,Bronze,92.94,True,Thailand
CUST010066,Silver,146.9,True,Indonesia
CUST007816,Bronze,46.4,False,Vietnam
CUST017517,Platinum,194.59,True,Indonesia
CUST001574,Bronze,33.1,False,Indonesia
CUST004319,Bronze,46.61,False,Thailand
CUST002499,Gold,211.88,True,Vietnam
CUST017283,Gold,224.51,False,Thailand
CUST002927,Bronze,57.44,False,Thailand
CUST007322,Bronze,73.57,False,Vietnam
CUST000773,Bronze,38.27,False,Philippines
CUST011997,Bronze,165.31,False,Philippines
CUST016689,Bronze,149.78,True,Philippines
CUST012689,Platinum,454.51,True,Indonesia
CUST009157,Gold,195.7,False,Vietnam
CUST007848,Bronze,87.39,True,Thailand
CUST009678,Bronze,93.81,False,Thailand
CUST017736,Bronze,39.07,False,Indonesia
CUST015718,Bronze,51.06,False,Singapore
CUST004094,Platinum,443.49,True,Vietnam
CUST010693,Bronze,49.73,False,Thailand
CUST006695,Silver,317.33,True,Singapore
CUST001073,Platinum,568.12,False,India
CUST014287,Silver,141.86,False,Thailand
CUST013788,Bronze,111.71,True,Thailand
CUST009972,Bronze,87.76,False,Thailand
CUST003059,Silver,155.01,True,Philippines
CUST017710,Bronze,81.25,False,Indonesia
CUST017716,Gold,233.63,True,Indonesia
CUST009851,Bronze,55.58,False,Vietnam
CUST002639,Bronze,64.0,False,India
CUST016283,Bronze,102.31,False,Thailand
CUST006948,Silver,361.34,False,Vietnam
CUST000549,Bronze,75.42,False,Vietnam
CUST009049,Silver,292.79,True,Thailand
CUST005143,Bronze,77.96,False,India
CUST009477,Gold,345.83,False,Thailand
CUST016825,Gold,376.86,False,India
CUST012904,Bronze,103.11,False,Thailand
CUST003975,Silver,156.22,True,Singapore
CUST012025,Bronze,52.17,False,Singapore
CUST006787,Platinum,687.7,False,Indonesia
CUST004019,Bronze,91.33,True,Philippines
CUST008403,Bronze,37.86,True,India
CUST007626,Gold,533.71,False,Indonesia
CUST015368,Bronze,109.5,False,Philippines
CUST006668,Silver,67.32,True,Philippines
CUST002654,Silver,113.53,True,Philippines
CUST006427,Bronze,50.51,False,Singapore
CUST014597,Bronze,99.83,False,Vietnam
CUST006976,Platinum,1035.93,True,Philippines
CUST007965,Bronze,73.25,True,Philippines
CUST015227,Gold,280.19,True,India
CUST006284,Platinum,340.41,True,Indonesia
CUST016747,Bronze,135.93,False,Indonesia
CUST015067,Bronze,51.44,False,Vietnam
CUST001228,Silver,203.45,True,Thailand
CUST009314,Bronze,136.92,True,Vietnam
CUST012432,Bronze,47.48,False,India
CUST015443,Bronze,84.48,False,Vietnam
CUST007637,Bronze,117.39,True,Vietnam
CUST004643,Bronze,69.12,False,India
CUST000248,Bronze,45.3,False,Thailand
CUST015804,Bronze,93.29,True,Vietnam
CUST006990,Bronze,59.68,True,Indonesia
CUST015031,Bronze,71.92,False,Philippines
CUST001668,Bronze,144.73,False,Vietnam
CUST015541,Silver,131.06,True,Singapore
CUST005803,Bronze,51.3,False,Vietnam
CUST012631,Platinum,414.77,True,Singapore
CUST004467,Silver,113.83,False,Vietnam
CUST001041,Bronze,82.62,False,Thailand
CUST005331,Bronze,71.42,False,India
CUST015548,Gold,150.85,True,India
CUST017940,Bronze,112.29,True,India
CUST014840,Bronze,75.29,False,Thailand
CUST011721,Silver,237.98,True,Philippines
CUST008927,Bronze,66.46,False,Philippines
CUST003227,Platinum,282.31,False,Philippines
CUST012804,Silver,314.67,False,Thailand
CUST011881,Bronze,92.92,True,Indonesia
CUST014413,Platinum,268.28,True,Thailand
CUST017990,Bronze,21.7,False,Indonesia
CUST004005,Bronze,123.68,False,Thailand
CUST005306,Gold,227.64,True,Indonesia
CUST014640,Gold,361.7,True,Philippines
CUST017252,Bronze,116.39,True,India
CUST015166,Bronze,61.53,False,Singapore
CUST010374,Silver,160.35,True,Indonesia
CUST016827,Silver,195.57,True,Vietnam
CUST002788,Bronze,64.06,True,Philippines
CUST004146,Bronze,102.2,False,Thailand
CUST016937,Bronze,72.49,True,Indonesia
CUST007100,Silver,90.51,False,Thailand
CUST012622,Bronze,41.17,False,Indonesia
CUST011416,Bronze,83.1,True,Thailand
CUST010888,Bronze,52.15,False,Vietnam
CUST012066,Silver,90.82,False,Philippines
CUST011554,Bronze,63.86,False,Indonesia
CUST012405,Gold,262.69,False,Thailand
CUST004775,Gold,168.91,False,Indonesia
CUST010187,Silver,156.54,True,Singapore
CUST016923,Platinum,996.51,True,Thailand
CUST005937,Bronze,83.15,False,Philippines
CUST017199,Silver,99.41,False,Vietnam
CUST016235,Bronze,100.81,False,India
CUST004371,Silver,187.64,False,Indonesia
CUST008749,Silver,84.96,True,Singapore
CUST000758,Bronze,63.5,False,Philippines
CUST000657,Bronze,53.55,False,Singapore
CUST006960,Gold,224.56,False,Indonesia
CUST005510,Bronze,85.95,False,Philippines
CUST004379,Bronze,103.19,False,Philippines
CUST000487,Bronze,119.22,False,Thailand
CUST011536,Gold,327.65,True,Singapore
CUST011626,Platinum,753.14,True,Vietnam
CUST005401,Bronze,74.72,False,Vietnam
CUST010501,Bronze,151.14,False,Vietnam
CUST012560,Bronze,53.01,False,India
CUST014289,Bronze,94.26,True,Vietnam
CUST014033,Bronze,69.51,False,Vietnam
CUST016115,Platinum,998.05,True,Thailand
CUST008970,Bronze,162.28,False,Philippines
CUST003571,Bronze,140.91,True,India
CUST014166,Bronze,24.45,False,Indonesia
CUST013102,Bronze,42.02,True,Vietnam
CUST012958,Bronze,57.97,False,Vietnam
CUST005567,Gold,362.17,False,Philippines
CUST011929,Bronze,89.48,True,Thailand
CUST001126,Bronze,125.44,False,Thailand
CUST010157,Bronze,93.36,False,Indonesia
CUST008875,Bronze,44.09,False,India
CUST013644,Gold,432.87,False,Indonesia
CUST001044,Bronze,49.03,True,Vietnam
CUST005080,Silver,135.57,False,Indonesia
CUST014696,Silver,246.0,True,Vietnam
CUST000930,Bronze,78.34,False,Thailand
CUST017518,Bronze,70.58,True,Vietnam
CUST015993,Bronze,68.84,False,India
CUST013254,Bronze,40.52,False,Indonesia
CUST012787,Gold,271.75,True,Philippines
CUST010092,Gold,316.73,False,India
CUST009496,Bronze,167.25,False,Thailand
CUST009637,Bronze,98.68,False,Singapore
CUST009050,Silver,126.62,False,Philippines
CUST005281,Silver,207.48,False,Thailand
CUST010629,Silver,149.86,False,India
CUST005312,Platinum,516.17,True,Indonesia
CUST015474,Gold,402.77,True,Singapore
CUST007678,Platinum,631.64,True,Thailand
CUST013391,Platinum,1386.06,True,Singapore
CUST014400,Bronze,36.56,True,Philippines
CUST015517,Bronze,72.49,False,Indonesia
CUST004324,Silver,119.9,True,Thailand
CUST009547,Silver,146.34,False,Philippines
CUST003806,Bronze,80.8,False,Indonesia
CUST017788,Gold,409.75,True,India
CUST016847,Bronze,48.18,True,Thailand
CUST006500,Platinum,361.92,True,Thailand
CUST009128,Silver,87.99,False,India
CUST005169,Bronze,64.97,False,India
CUST007500,Bronze,79.19,False,Thailand
CUST012484,Bronze,85.31,False,Indonesia
CUST008020,Bronze,89.97,False,Philippines
CUST008042,Gold,185.81,True,Philippines
CUST015753,Bronze,175.19,False,Thailand
CUST001097,Bronze,37.99,False,Thailand
CUST005750,Silver,241.78,False,Indonesia
CUST000486,Platinum,912.75,True,India
CUST017116,Bronze,61.39,False,Philippines
CUST002152,Gold,157.73,True,Philippines
CUST013924,Platinum,499.02,True,Vietnam
CUST001222,Silver,71.0,True,Philippines
CUST013677,Silver,299.03,False,Singapore
CUST000767,Bronze,61.25,False,Vietnam
CUST015922,Bronze,150.26,False,Thailand
CUST003699,Bronze,58.47,False,Indonesia
CUST013553,Silver,175.12,False,Philippines
CUST013151,Silver,102.92,True,Thailand
CUST003237,Silver,145.84,True,Vietnam
CUST004347,Silver,99.04,True,Vietnam
CUST008067,Bronze,109.81,False,Singapore
CUST011032,Bronze,81.28,True,Thailand
CUST012263,Bronze,55.15,False,Thailand
CUST009324,Bronze,76.56,False,Indonesia
CUST010834,Silver,148.22,True,Indonesia
CUST017954,Bronze,39.18,False,Indonesia
CUST002473,Gold,417.96,True,Vietnam
CUST010634,Gold,246.61,True,Thailand
CUST010957,Bronze,29.44,True,Philippines
CUST000171,Bronze,186.83,False,Philippines
CUST010523,Gold,364.07,True,Singapore
CUST009326,Silver,138.91,True,Singapore
CUST002342,Silver,126.33,True,Thailand
CUST007439,Silver,114.83,True,Philippines
CUST007352,Bronze,93.79,False,Indonesia
CUST014963,Bronze,49.76,False,India
CUST017004,Silver,149.71,True,Indonesia
CUST007546,Bronze,108.87,True,Vietnam
CUST007376,Bronze,155.32,False,Indonesia
CUST003374,Silver,218.21,False,Vietnam
CUST014816,Bronze,183.72,False,Philippines
CUST001069,Silver,181.77,True,Philippines
CUST001691,Bronze,121.31,False,Indonesia
CUST003757,Bronze,112.24,False,Indonesia
CUST005621,Silver,131.42,True,Singapore
CUST006546,Gold,277.23,True,India
CUST006442,Silver,66.14,True,Thailand
CUST005409,Silver,85.79,False,Thailand
CUST001040,Bronze,182.92,False,Indonesia
CUST011923,Bronze,135.18,False,Vietnam
CUST006451,Bronze,84.32,False,Thailand
CUST006875,Bronze,142.62,False,Philippines
CUST003770,Gold,333.49,True,Thailand
CUST017085,Silver,155.94,True,Vietnam
CUST013699,Gold,569.48,False,Indonesia
CUST015192,Silver,188.29,False,Philippines
CUST000978,Bronze,61.12,False,Indonesia
CUST012176,Gold,240.56,True,Indonesia
CUST009832,Silver,167.11,False,Indonesia
CUST015157,Bronze,60.92,False,Singapore
CUST005375,Bronze,85.86,False,Thailand
CUST009383,Silver,330.09,True,Indonesia
CUST016497,Silver,136.35,True,Indonesia
CUST010454,Platinum,218.49,True,India
CUST017026,Platinum,656.3,True,Indonesia
CUST014142,Gold,450.93,True,Thailand
CUST013913,Silver,81.6,False,Thailand
CUST013115,Bronze,73.19,False,Vietnam
CUST009232,Bronze,45.85,True,Vietnam
CUST016966,Bronze,139.85,False,Thailand
CUST006014,Silver,127.41,True,India
CUST008711,Bronze,120.92,True,Vietnam
CUST016696,Bronze,37.33,True,Philippines
CUST003335,Bronze,104.51,False,Singapore
CUST002592,Platinum,449.94,True,Indonesia
CUST009136,Silver,74.14,True,Indonesia
CUST011850,Gold,309.93,True,Vietnam
CUST009100,Gold,207.99,True,Singapore
CUST006886,Platinum,596.26,True,Singapore
CUST006340,Silver,113.24,True,Vietnam
CUST006534,Bronze,81.77,False,Thailand
CUST000615,Platinum,257.02,True,Thailand
CUST015296,Platinum,441.16,True,Indonesia
CUST006481,Bronze,45.69,False,Vietnam
CUST000086,Bronze,88.84,True,Vietnam
CUST010895,Gold,310.9,True,Philippines
CUST003354,Bronze,59.95,False,Vietnam
CUST015581,Bronze,65.63,True,Indonesia
CUST002753,Bronze,94.11,True,Indonesia
CUST017470,Bronze,137.82,True,Indonesia
CUST008846,Bronze,152.58,False,Thailand
CUST012173,Bronze,174.51,True,Philippines
CUST006017,Bronze,37.88,False,Indonesia
CUST002560,Bronze,50.61,False,Vietnam
CUST016438,Bronze,45.09,False,Indonesia
CUST000119,Bronze,84.53,False,Thailand
CUST001589,Bronze,78.79,True,Singapore
CUST003897,Bronze,46.24,False,Singapore
CUST016136,Gold,517.56,True,Thailand
CUST005479,Bronze,108.94,False,Vietnam
CUST008620,Bronze,69.72,False,India
CUST003687,Bronze,70.88,False,Vietnam
CUST016801,Bronze,177.89,True,Philippines
CUST011045,Silver,144.29,False,Vietnam
CUST007197,Gold,241.43,False,Indonesia
CUST006220,Silver,137.2,False,Indonesia
CUST017057,Bronze,58.54,False,India
CUST013022,Platinum,529.33,True,Thailand
CUST002413,Bronze,66.97,False,Singapore
CUST001693,Gold,371.36,False,Vietnam
CUST009712,Bronze,40.54,True,Philippines
CUST013209,Bronze,104.33,False,Vietnam
CUST009819,Bronze,93.73,False,Vietnam
CUST004870,Silver,108.38,False,Philippines
CUST005686,Bronze,58.76,False,Thailand
CUST000073,Bronze,70.45,False,Singapore
CUST008940,Silver,111.63,False,India
CUST015679,Silver,103.74,True,Philippines
CUST009390,Silver,230.57,False,Philippines
CUST012084,Silver,110.68,False,Thailand
CUST001610,Bronze,101.88,False,India
CUST009566,Platinum,434.6,True,Indonesia
CUST008126,Bronze,74.27,False,India
CUST013856,Silver,107.98,False,Vietnam
CUST003826,Gold,178.66,True,Indonesia
CUST013105,Gold,381.68,False,Philippines
CUST003181,Bronze,137.34,False,Vietnam
CUST016639,Silver,125.79,False,Vietnam
CUST000937,Gold,450.99,True,Indonesia
CUST003041,Silver,150.86,False,Vietnam
CUST014641,Silver,81.55,True,Philippines
CUST013410,Bronze,72.44,True,Singapore
CUST012893,Bronze,95.09,False,Philippines
CUST002016,Bronze,48.48,False,India
CUST015685,Bronze,119.8,False,Indonesia
CUST006405,Bronze,83.58,False,Vietnam
CUST006736,Bronze,56.98,False,Thailand
CUST006723,Bronze,72.58,False,India
CUST011449,Gold,194.67,True,Vietnam
CUST006056,Bronze,55.13,False,Vietnam
CUST011493,Bronze,74.05,False,Thailand
CUST016910,Silver,90.1,False,India
CUST015917,Bronze,104.6,False,Thailand
CUST005801,Platinum,751.48,True,Vietnam
CUST012038,Bronze,98.43,False,Indonesia
CUST010364,Bronze,56.96,False,India
CUST002154,Bronze,155.94,True,Indonesia
CUST013505,Bronze,101.85,False,Indonesia
CUST001189,Silver,100.27,True,Thailand
CUST003370,Bronze,103.7,True,Thailand
CUST002733,Gold,362.22,True,Indonesia
CUST010685,Silver,110.93,False,Thailand
CUST002184,Platinum,424.44,False,India
CUST015286,Silver,293.15,True,Philippines
CUST009835,Bronze,130.17,False,Thailand
CUST001003,Gold,537.95,False,Philippines
CUST001926,Gold,295.61,False,Singapore
CUST014477,Silver,112.96,False,Vietnam
CUST015868,Bronze,41.49,False,Singapore
CUST012003,Bronze,68.51,False,Indonesia
CUST013566,Silver,129.27,False,India
CUST013058,Bronze,69.38,True,Thailand
CUST006869,Silver,104.09,True,Singapore
CUST000042,Bronze,73.28,False,Vietnam
CUST010875,Bronze,161.83,False,Singapore
CUST011281,Bronze,65.07,False,Thailand
CUST003056,Silver,188.5,False,Thailand
CUST005565,Silver,95.74,True,Thailand
CUST016355,Bronze,195.79,False,Vietnam
CUST014074,Bronze,134.92,False,India
CUST017543,Gold,300.42,False,India
CUST015059,Bronze,81.5,False,Thailand
CUST017983,Bronze,143.05,True,Thailand
CUST001743,Bronze,46.77,False,India
CUST003010,Bronze,111.06,True,Singapore
CUST014234,Bronze,101.35,False,Indonesia
CUST012991,Bronze,78.69,False,Thailand
CUST007282,Bronze,69.85,False,India
CUST001801,Gold,212.19,False,Thailand
CUST006617,Silver,130.03,True,Thailand
CUST017241,Bronze,39.09,False,Vietnam
CUST016917,Silver,122.77,True,Thailand
CUST017110,Silver,88.94,False,Philippines
CUST010191,Bronze,75.66,False,Thailand
CUST010367,Silver,141.16,True,Indonesia
CUST008575,Bronze,105.36,False,India
CUST009173,Gold,202.95,False,Singapore
CUST010294,Bronze,38.69,False,Thailand
CUST005799,Silver,272.55,True,Vietnam
CUST010440,Bronze,113.89,False,Thailand
CUST013479,Platinum,372.15,True,Thailand
CUST016767,Bronze,94.22,False,Singapore
CUST012976,Platinum,410.49,True,Vietnam
CUST002317,Bronze,171.42,False,Thailand
CUST005759,Bronze,106.04,False,Vietnam
CUST008755,Gold,389.3,False,Vietnam
CUST001622,Gold,364.81,False,Thailand
CUST008002,Bronze,101.84,False,Philippines
CUST010759,Bronze,202.96,False,Philippines
CUST008516,Bronze,47.72,False,Singapore
CUST014836,Bronze,122.75,False,Indonesia
CUST002588,Silver,144.67,False,Vietnam
CUST007511,Silver,148.67,False,Thailand
CUST014185,Silver,174.82,True,Vietnam
CUST004367,Silver,200.48,False,Vietnam
CUST007335,Silver,115.34,False,Singapore
CUST014244,Platinum,755.0,False,Vietnam
CUST006064,Bronze,43.04,False,Vietnam
CUST014062,Bronze,58.93,False,Singapore
CUST004015,Silver,340.24,False,Indonesia
CUST004678,Platinum,374.84,True,Singapore
CUST017308,Bronze,47.14,False,Philippines
CUST006684,Bronze,91.99,False,Indonesia
CUST012711,Bronze,53.22,False,Philippines
CUST009580,Bronze,55.92,False,Thailand
CUST000654,Bronze,95.96,False,India
CUST010945,Bronze,52.73,False,Philippines
CUST013891,Bronze,99.88,False,Indonesia
CUST003213,Bronze,46.44,False,Thailand
CUST004135,Silver,130.79,False,Thailand
CUST012274,Silver,150.6,True,Philippines
CUST013932,Bronze,57.28,False,Thailand
CUST008766,Bronze,138.88,False,Philippines
CUST013576,Bronze,57.73,False,Thailand
CUST003282,Gold,203.33,True,Philippines
CUST006584,Bronze,119.3,False,Indonesia
CUST005129,Bronze,91.93,False,Indonesia
CUST015819,Bronze,77.02,False,Singapore
CUST015382,Platinum,499.8,True,Vietnam
CUST013993,Bronze,46.67,False,Philippines
CUST010011,Bronze,55.97,False,Singapore
CUST009162,Bronze,37.62,True,Thailand
CUST011650,Gold,342.14,True,Indonesia
CUST003039,Silver,239.02,True,Philippines
CUST016692,Platinum,481.49,True,Singapore
CUST000199,Bronze,94.52,True,Thailand
CUST015389,Bronze,142.04,True,India
CUST012260,Platinum,527.35,True,Thailand
CUST006867,Platinum,408.5,True,Indonesia
CUST002939,Bronze,83.12,False,Indonesia
CUST003048,Bronze,78.55,False,Philippines
CUST004314,Silver,179.82,False,Thailand
CUST007886,Bronze,92.25,False,Philippines
CUST010384,Silver,204.5,True,Thailand
CUST002210,Bronze,77.82,False,India
CUST002453,Silver,141.64,False,Indonesia
CUST008523,Silver,127.49,True,Thailand
CUST009572,Silver,173.77,False,Thailand
CUST009319,Gold,231.13,False,Philippines
CUST005463,Bronze,67.8,False,Philippines
CUST002801,Bronze,62.32,False,Philippines
CUST003549,Bronze,120.52,False,Indonesia
CUST010180,Silver,185.07,True,Thailand
CUST006708,Bronze,45.81,True,Vietnam
CUST008977,Bronze,109.67,False,Indonesia
CUST014386,Bronze,113.39,False,Indonesia
CUST008420,Bronze,67.13,False,Singapore
CUST015727,Silver,117.93,False,Vietnam
CUST011521,Silver,101.47,False,India
CUST000545,Silver,70.62,False,India
CUST004570,Bronze,49.97,False,Thailand
CUST002852,Silver,194.52,True,Thailand
CUST004468,Platinum,517.19,True,Singapore
CUST017245,Silver,175.04,True,Thailand
CUST016401,Bronze,65.52,False,Vietnam
CUST001601,Bronze,63.75,True,Indonesia
CUST012740,Bronze,73.24,False,Thailand
CUST017883,Gold,384.53,False,Singapore
CUST003887,Silver,139.76,False,Thailand
CUST000645,Gold,205.7,False,India
CUST008889,Silver,107.94,False,Thailand
CUST007040,Bronze,94.96,False,Philippines
CUST001021,Platinum,607.67,True,Singapore
CUST005566,Bronze,50.41,True,India
CUST012275,Platinum,464.79,True,Thailand
CUST014516,Bronze,147.26,False,Philippines
CUST016207,Silver,76.28,True,Thailand
CUST004026,Bronze,78.23,False,India
CUST016306,Bronze,28.94,False,Thailand
CUST013488,Gold,334.87,True,Vietnam
CUST013691,Bronze,58.9,False,Vietnam
CUST012232,Silver,118.51,True,Thailand
CUST012915,Bronze,68.27,False,Indonesia
CUST002791,Bronze,107.09,True,Singapore
CUST008653,Bronze,47.71,False,Philippines
CUST012211,Bronze,53.14,False,Vietnam
CUST009631,Platinum,513.13,True,Indonesia
CUST001838,Bronze,186.46,False,India
CUST010927,Gold,335.19,True,Vietnam
CUST017631,Bronze,54.32,False,Philippines
CUST000573,Bronze,207.19,False,Vietnam
CUST012786,Gold,130.99,False,Vietnam
CUST009606,Silver,183.53,False,Indonesia
CUST011494,Bronze,58.79,True,Singapore
CUST015950,Gold,423.55,False,Indonesia
CUST010790,Silver,262.2,False,Vietnam
CUST011057,Bronze,82.42,True,Vietnam
CUST000936,Bronze,114.01,True,Indonesia
CUST002708,Silver,131.46,True,Philippines
CUST001272,Bronze,53.98,False,Indonesia
CUST004067,Silver,206.2,False,Philippines
CUST008878,Gold,540.38,False,Thailand
CUST005736,Bronze,126.42,False,Singapore
CUST013905,Bronze,108.83,False,Indonesia
CUST014408,Platinum,725.64,True,Vietnam
CUST016530,Bronze,32.01,False,Thailand
CUST013773,Bronze,35.15,True,Thailand
CUST013743,Bronze,107.01,False,India
CUST010591,Silver,208.54,True,Vietnam
CUST014538,Bronze,63.89,True,Philippines
CUST016481,Gold,301.44,True,Indonesia
CUST012110,Gold,400.76,False,Thailand
CUST004478,Silver,101.21,False,Indonesia
CUST010017,Platinum,503.59,True,India
CUST000483,Bronze,108.62,False,Vietnam
CUST011287,Platinum,347.48,True,India
CUST006057,Silver,245.69,False,Philippines
CUST014903,Bronze,73.26,False,Indonesia
CUST014929,Bronze,48.55,False,Vietnam
CUST000852,Bronze,233.31,False,Indonesia
CUST004503,Bronze,90.66,False,Philippines
CUST017465,Bronze,80.28,True,Indonesia
CUST002854,Silver,197.79,False,Thailand
CUST001199,Gold,289.19,False,Thailand
CUST016807,Bronze,58.5,False,Thailand
CUST008638,Bronze,50.9,True,Vietnam
CUST002931,Silver,113.69,False,Vietnam
CUST005133,Bronze,70.5,False,Philippines
CUST014690,Bronze,41.02,False,Singapore
CUST002442,Bronze,55.43,False,Vietnam
CUST004829,Bronze,63.79,True,Philippines
CUST003692,Bronze,38.74,False,Singapore
CUST000561,Silver,79.7,False,Singapore
CUST017688,Bronze,105.06,False,Vietnam
CUST003882,Platinum,480.54,True,Singapore
CUST003892,Gold,386.99,False,Singapore
CUST016463,Bronze,54.41,False,Indonesia
CUST007675,Gold,188.7,True,Philippines
CUST006527,Bronze,98.45,False,Singapore
CUST007490,Bronze,125.83,False,Singapore
CUST009617,Silver,142.49,False,India
CUST005544,Silver,169.76,False,Indonesia
CUST013968,Bronze,51.98,False,Thailand
CUST013946,Silver,200.49,True,India
CUST007735,Silver,268.68,True,Vietnam
CUST007038,Silver,348.96,True,Vietnam
CUST004796,Bronze,84.29,False,Singapore
CUST014730,Gold,366.07,True,Singapore
CUST002183,Silver,133.08,False,Singapore
CUST007272,Bronze,80.75,False,Indonesia
CUST013403,Bronze,74.61,False,Indonesia
CUST012438,Platinum,609.58,True,Indonesia
CUST004364,Gold,553.72,False,India
CUST003766,Bronze,141.92,False,Thailand
CUST006687,Platinum,692.23,True,Indonesia
CUST003266,Bronze,93.47,False,Philippines
CUST005512,Bronze,72.2,False,Vietnam
CUST000052,Bronze,93.26,True,Singapore
CUST007582,Gold,199.64,False,Indonesia
CUST013273,Silver,77.91,False,Singapore
CUST004153,Bronze,154.27,False,Thailand
CUST000805,Bronze,108.59,False,Philippines
CUST007368,Silver,97.41,False,Philippines
CUST015199,Bronze,40.58,False,Singapore
CUST004290,Silver,226.22,False,Indonesia
CUST007043,Bronze,68.87,True,Philippines
CUST013075,Platinum,497.24,True,Philippines
CUST005423,Silver,123.34,True,Indonesia
CUST012365,Silver,257.35,False,Vietnam
CUST001027,Gold,312.1,False,Philippines
CUST009976,Gold,316.28,True,India
CUST007068,Bronze,66.42,True,India
CUST002574,Platinum,536.84,True,Vietnam
CUST011539,Bronze,135.1,False,Thailand
CUST010102,Bronze,91.53,False,Indonesia
CUST012238,Bronze,110.63,False,Vietnam
CUST013182,Bronze,177.5,False,Singapore
CUST000208,Bronze,77.21,False,Vietnam
CUST016529,Bronze,148.33,False,Indonesia
CUST010794,Bronze,61.4,True,Indonesia
CUST011146,Silver,105.1,True,Thailand
CUST010583,Bronze,114.14,True,Singapore
CUST006226,Bronze,36.91,False,Vietnam
CUST013217,Gold,406.62,False,Vietnam
CUST012435,Silver,94.82,True,Singapore
CUST007209,Silver,260.22,True,Thailand
CUST017562,Silver,57.76,False,Indonesia
CUST011500,Bronze,73.27,False,India
CUST004339,Silver,174.48,True,Thailand
CUST010344,Gold,128.09,True,Vietnam
CUST016059,Bronze,52.66,False,Indonesia
CUST016201,Bronze,89.3,False,Indonesia
CUST016116,Silver,196.34,False,Vietnam
CUST007602,Bronze,93.15,False,Philippines
CUST005367,Bronze,74.59,False,Vietnam
CUST017303,Silver,234.41,True,Indonesia
CUST014384,Bronze,44.39,False,India
CUST014312,Silver,172.23,True,Thailand
CUST002680,Bronze,150.87,False,Vietnam
CUST011302,Gold,159.58,True,Vietnam
CUST011218,Silver,175.69,True,Philippines
CUST002748,Bronze,91.76,False,India
CUST002973,Gold,616.74,True,Vietnam
CUST000147,Bronze,67.18,False,Thailand
CUST008930,Bronze,71.74,False,Singapore
CUST003829,Bronze,138.15,False,India
CUST011912,Silver,531.31,False,Thailand
CUST014926,Platinum,956.69,True,Philippines
CUST004572,Bronze,58.49,True,India
CUST013828,Bronze,89.55,False,Philippines
CUST012022,Silver,156.17,True,Indonesia
CUST016189,Silver,77.95,False,India
CUST017128,Silver,161.58,False,Indonesia
CUST016571,Gold,365.47,True,Philippines
CUST006679,Bronze,64.94,True,Vietnam
CUST016262,Bronze,37.03,True,Philippines
CUST016741,Bronze,52.55,False,Thailand
CUST015310,Gold,341.0,False,Thailand
CUST016328,Gold,236.36,False,Thailand
CUST000152,Bronze,136.45,False,Vietnam
CUST001516,Silver,191.25,True,Vietnam
CUST009463,Bronze,83.43,True,Singapore
CUST007951,Silver,83.21,False,Vietnam
CUST013274,Bronze,147.86,True,Thailand
CUST000935,Silver,108.59,False,Thailand
CUST007520,Silver,103.03,False,Indonesia
CUST000177,Bronze,71.65,True,Singapore
CUST005689,Silver,119.86,False,Vietnam
CUST012033,Gold,337.76,False,India
CUST015379,Bronze,90.74,False,Vietnam
CUST006447,Platinum,730.86,True,India
CUST005394,Silver,195.27,True,Thailand
CUST003198,Bronze,68.53,False,Vietnam
CUST011053,Gold,246.2,False,Vietnam
CUST006901,Bronze,136.24,False,Indonesia
CUST003933,Bronze,103.65,False,Philippines
CUST007844,Bronze,80.08,False,Philippines
CUST015131,Bronze,98.52,True,Thailand
CUST013157,Silver,169.21,False,Vietnam
CUST004382,Bronze,77.78,False,Vietnam
CUST016978,Silver,221.33,True,Philippines
CUST012824,Platinum,383.74,False,Indonesia
CUST015511,Bronze,55.56,False,Thailand
CUST017152,Gold,251.7,True,India
CUST008168,Bronze,108.79,False,Thailand
CUST007725,Bronze,108.09,False,Indonesia
CUST016777,Platinum,422.89,True,Indonesia
CUST009336,Bronze,122.43,False,India
CUST006390,Bronze,165.43,False,India
CUST012736,Platinum,346.7,True,Thailand
CUST011986,Bronze,98.76,True,India
CUST006778,Platinum,436.7,True,Thailand
CUST014489,Platinum,380.76,True,Thailand
CUST011738,Bronze,85.7,False,Vietnam
CUST004966,Bronze,133.5,True,Philippines
CUST000990,Bronze,72.23,False,Philippines
CUST003842,Bronze,68.35,False,India
CUST004043,Bronze,75.64,False,Philippines
CUST004215,Platinum,565.56,True,Singapore
CUST007419,Bronze,49.1,False,Thailand
CUST017726,Bronze,105.98,False,Singapore
CUST005729,Platinum,649.03,True,Philippines
CUST003399,Bronze,58.67,False,Indonesia
CUST014837,Bronze,132.25,True,Singapore
CUST008697,Bronze,73.88,False,India
CUST017150,Bronze,55.11,True,Philippines
CUST004006,Silver,188.65,False,Philippines
CUST007956,Gold,240.37,False,Indonesia
CUST004687,Silver,193.36,True,Singapore
CUST001837,Silver,101.12,False,Thailand
CUST002783,Gold,403.44,False,Thailand
CUST003988,Gold,187.76,False,Vietnam
CUST014155,Silver,115.61,True,Thailand
CUST003286,Bronze,124.95,True,Philippines
CUST000450,Silver,188.04,True,Philippines
CUST002007,Silver,262.01,False,Philippines
CUST004722,Bronze,85.34,False,Vietnam
CUST012428,Bronze,97.71,True,India
CUST011225,Platinum,914.88,True,Indonesia
CUST007370,Gold,296.46,False,Singapore
CUST014025,Silver,218.17,False,India
CUST009190,Platinum,799.91,False,India
CUST011079,Gold,332.62,False,Vietnam
CUST009942,Gold,365.65,True,India
CUST007827,Bronze,135.03,False,India
CUST006688,Platinum,972.63,False,Philippines
CUST016802,Silver,314.45,False,Vietnam
CUST005797,Bronze,81.11,False,Indonesia
CUST002483,Silver,104.64,True,Vietnam
CUST016688,Platinum,697.63,True,Singapore
CUST004923,Bronze,83.3,False,Thailand
CUST002991,Silver,136.34,True,Thailand
CUST004647,Silver,98.02,False,Thailand
CUST016170,Bronze,64.82,False,Singapore
CUST005298,Bronze,100.06,False,India
CUST012316,Silver,130.52,True,Vietnam
CUST010061,Silver,94.69,True,Thailand
CUST007404,Bronze,114.07,True,Thailand
CUST010868,Bronze,59.69,False,Vietnam
CUST013707,Bronze,93.6,False,Singapore
CUST009981,Bronze,83.14,False,Indonesia
CUST001025,Bronze,173.77,False,Thailand
CUST015672,Silver,207.75,False,Thailand
CUST001164,Silver,154.11,False,Indonesia
CUST008807,Bronze,76.72,False,Indonesia
CUST006289,Bronze,80.29,True,India
CUST012964,Silver,172.68,False,Indonesia
CUST017531,Bronze,86.57,False,Indonesia
CUST011262,Bronze,60.2,False,Philippines
CUST008898,Bronze,88.08,False,India
CUST014878,Bronze,56.88,False,Vietnam
CUST011558,Platinum,551.78,True,Vietnam
CUST015558,Gold,290.42,False,Singapore
CUST013106,Platinum,836.07,True,Singapore
CUST001254,Silver,135.81,False,Indonesia
CUST004103,Bronze,109.8,True,Indonesia
CUST004180,Silver,177.03,True,Philippines
CUST003074,Bronze,97.36,False,Vietnam
CUST013951,Bronze,83.82,False,Thailand
CUST006428,Silver,107.44,True,Singapore
CUST009498,Silver,118.6,False,India
CUST003459,Bronze,133.2,False,Vietnam
CUST014968,Gold,178.15,True,Indonesia
CUST004992,Bronze,65.23,False,India
CUST003413,Gold,274.04,False,Indonesia
CUST003259,Silver,179.52,True,Thailand
CUST010259,Silver,159.9,False,Singapore
CUST011940,Bronze,56.58,False,Thailand
CUST002264,Bronze,82.6,False,Philippines
CUST003707,Gold,482.55,False,Thailand
CUST004463,Bronze,100.81,False,Vietnam
CUST010709,Bronze,76.92,False,Philippines
CUST016591,Gold,298.01,True,India
CUST012746,Platinum,481.35,True,Vietnam
CUST006934,Gold,334.73,True,Singapore
CUST016895,Silver,121.37,False,Indonesia
CUST017450,Silver,96.68,False,Vietnam
CUST008781,Bronze,163.6,True,Singapore
CUST004705,Bronze,25.95,False,Thailand
CUST016785,Bronze,81.02,False,Indonesia
CUST004801,Bronze,64.21,True,Thailand
CUST012839,Bronze,173.49,False,Philippines
CUST014613,Silver,68.41,True,Thailand
CUST017549,Platinum,936.22,True,Thailand
CUST002448,Platinum,849.64,True,Indonesia
CUST012559,Bronze,96.76,False,Thailand
CUST009650,Silver,132.1,True,Indonesia
CUST013620,Platinum,339.37,True,Thailand
CUST009917,Bronze,123.65,True,Thailand
CUST017499,Bronze,98.49,False,Thailand
CUST016566,Gold,345.3,True,Philippines
CUST005354,Bronze,111.9,False,Vietnam
CUST011932,Silver,92.58,True,Indonesia
CUST016610,Bronze,85.54,False,Thailand
CUST013123,Bronze,74.3,False,Philippines
CUST006193,Bronze,56.37,False,Vietnam
CUST004380,Bronze,164.31,False,Philippines
CUST014960,Bronze,37.85,False,India
CUST004458,Bronze,92.95,False,Thailand
CUST000112,Bronze,53.73,True,Thailand
CUST010427,Platinum,455.65,True,Vietnam
CUST017540,Gold,365.85,True,Philippines
CUST010974,Gold,148.82,False,India
CUST001098,Bronze,54.49,False,Philippines
CUST011329,Bronze,43.42,False,Thailand
CUST008298,Silver,135.03,True,Singapore
CUST012618,Bronze,94.55,False,India
CUST004881,Bronze,53.05,True,India
CUST007301,Bronze,102.55,True,Philippines
CUST004563,Bronze,64.32,False,Philippines
CUST000159,Bronze,61.01,False,Vietnam
CUST017099,Bronze,101.23,False,Thailand
CUST006465,Bronze,80.09,False,India
CUST000544,Bronze,40.71,False,Vietnam
CUST006620,Platinum,284.42,False,India
CUST001270,Bronze,194.09,False,Philippines
CUST007072,Silver,403.24,True,Philippines
CUST013280,Bronze,78.82,False,Vietnam
CUST017746,Silver,57.12,False,Philippines
CUST009400,Gold,272.45,True,Philippines
CUST008871,Bronze,70.14,False,Indonesia
CUST009611,Silver,154.54,False,India
CUST007279,Silver,159.12,False,Thailand
CUST001437,Silver,159.95,False,India
CUST010430,Platinum,520.33,True,Vietnam
CUST007188,Silver,86.56,False,Vietnam
CUST011840,Bronze,49.8,False,India
CUST003952,Bronze,134.59,False,Vietnam
CUST011095,Bronze,105.57,False,India
CUST012331,Bronze,110.71,False,Indonesia
CUST013861,Bronze,88.67,True,Vietnam
CUST002534,Silver,102.77,True,Thailand
CUST008357,Bronze,87.38,False,Vietnam
CUST012708,Gold,140.02,True,India
CUST011642,Bronze,78.59,False,Vietnam
CUST008389,Bronze,54.16,True,Thailand
CUST017264,Bronze,65.76,True,Thailand
CUST011231,Silver,182.81,True,Philippines
CUST003852,Bronze,63.32,False,Philippines
CUST006675,Bronze,90.17,False,Indonesia
CUST000247,Gold,244.56,False,Thailand
CUST009027,Silver,215.71,True,Vietnam
CUST005679,Silver,149.34,True,Vietnam
CUST013269,Bronze,99.97,False,Singapore
CUST010906,Bronze,114.91,False,Thailand
CUST009869,Bronze,98.04,False,Philippines
CUST015066,Platinum,243.6,True,Thailand
CUST003461,Bronze,82.9,False,India
CUST005913,Gold,199.84,False,Thailand
CUST007581,Bronze,47.28,False,Indonesia
CUST008430,Bronze,116.61,False,India
CUST013139,Gold,419.35,True,Thailand
CUST013779,Silver,116.26,True,Philippines
CUST010012,Silver,139.79,False,Singapore
CUST003589,Gold,307.04,True,Thailand
CUST004221,Platinum,703.53,True,Thailand
CUST006224,Silver,71.75,False,Singapore
CUST012815,Bronze,70.19,False,Vietnam
CUST002535,Gold,540.59,True,Philippines
CUST015837,Gold,318.01,False,Vietnam
CUST003674,Bronze,95.73,False,India
CUST015612,Gold,178.63,True,India
CUST004774,Gold,173.07,False,Singapore
CUST007093,Gold,473.12,False,Vietnam
CUST006640,Gold,235.7,True,Vietnam
CUST011851,Bronze,56.96,False,India
CUST013288,Silver,110.42,False,Singapore
CUST010161,Silver,135.9,True,Thailand
CUST010218,Bronze,60.28,False,Thailand
CUST007417,Silver,118.67,False,Thailand
CUST000300,Platinum,487.95,True,Thailand
CUST015442,Bronze,109.16,False,India
CUST006598,Bronze,32.25,False,Indonesia
CUST016384,Bronze,126.69,False,India
CUST001862,Silver,83.82,False,Indonesia
CUST001086,Bronze,75.79,True,Vietnam
CUST010678,Silver,149.17,False,Indonesia
CUST010746,Bronze,61.24,False,Philippines
CUST000185,Silver,130.46,False,Indonesia
CUST008271,Bronze,69.81,True,Philippines
CUST012040,Bronze,55.65,False,Vietnam
CUST015807,Platinum,353.25,False,Philippines
CUST010254,Bronze,114.49,False,Thailand
CUST016382,Bronze,118.87,False,Vietnam
CUST007787,Bronze,55.89,True,Thailand
CUST000104,Gold,392.49,True,Singapore
CUST001250,Bronze,76.74,False,India
CUST016729,Bronze,138.7,False,Singapore
CUST016320,Silver,95.41,True,Indonesia
CUST005578,Bronze,62.95,False,Singapore
CUST007085,Silver,412.43,False,Thailand
CUST012806,Platinum,307.85,True,India
CUST011208,Gold,172.99,True,Vietnam
CUST017460,Silver,218.47,False,Singapore
CUST012120,Silver,210.36,False,Singapore
CUST007909,Bronze,61.67,True,India
CUST005889,Silver,333.45,False,Vietnam
CUST003440,Bronze,61.23,False,Thailand
CUST007082,Bronze,115.88,False,Thailand
CUST015351,Bronze,53.51,False,Vietnam
CUST003398,Silver,167.09,True,Vietnam
CUST012691,Silver,153.99,False,Indonesia
CUST001977,Bronze,103.7,False,Thailand
CUST007589,Bronze,70.73,True,India
CUST001079,Platinum,477.79,True,Singapore
CUST013389,Bronze,121.11,False,Thailand
CUST004225,Bronze,108.29,True,Philippines
CUST008026,Silver,182.89,True,Indonesia
CUST015540,Platinum,509.94,True,Vietnam
CUST014665,Bronze,70.45,False,Indonesia
CUST004353,Silver,191.7,True,Philippines
CUST017607,Silver,115.07,True,Indonesia
CUST002155,Bronze,79.49,False,Indonesia
CUST009902,Gold,170.63,False,Philippines
CUST011877,Gold,159.97,True,Thailand
CUST012466,Bronze,77.96,True,Philippines
CUST017178,Gold,609.69,True,India
CUST002658,Silver,228.08,False,Vietnam
CUST016149,Bronze,103.74,False,Thailand
CUST009960,Platinum,845.42,True,Thailand
CUST012198,Bronze,104.32,True,Indonesia
CUST002612,Bronze,132.37,False,Thailand
CUST008289,Bronze,99.6,False,Vietnam
CUST002213,Bronze,85.88,False,Indonesia
CUST011982,Silver,158.8,True,Philippines
CUST009912,Silver,127.0,True,India
CUST002322,Silver,174.72,True,Vietnam
CUST000041,Silver,161.89,False,Thailand
CUST002986,Bronze,48.11,True,Vietnam
CUST012023,Bronze,172.08,True,Vietnam
CUST016298,Gold,106.72,True,India
CUST004814,Bronze,97.73,True,Thailand
CUST011288,Bronze,141.2,False,Vietnam
CUST005341,Silver,210.89,False,Vietnam
CUST010343,Gold,383.78,False,Indonesia
CUST000111,Platinum,520.6,False,Thailand
CUST013396,Bronze,57.88,True,India
CUST002244,Bronze,55.17,False,Singapore
CUST015125,Silver,293.29,False,Indonesia
CUST009191,Bronze,83.99,True,Philippines
CUST003035,Gold,128.59,True,Indonesia
CUST000559,Silver,152.08,True,Thailand
CUST007300,Platinum,609.84,False,Philippines
CUST001539,Bronze,60.0,False,Thailand
CUST017752,Silver,187.46,False,Vietnam
CUST006417,Bronze,72.19,False,India
CUST000077,Bronze,122.4,False,India
CUST002304,Gold,356.69,True,Philippines
CUST010726,Platinum,527.88,True,Indonesia
CUST017971,Silver,115.74,False,Singapore
CUST017855,Bronze,96.65,False,Thailand
CUST006439,Platinum,482.03,True,Philippines
CUST007254,Gold,398.96,True,Indonesia
CUST015328,Silver,171.64,False,Thailand
CUST001614,Bronze,94.15,False,Indonesia
CUST007755,Bronze,131.17,True,Thailand
CUST009558,Bronze,53.98,False,Indonesia
CUST014867,Silver,180.3,False,Singapore
CUST017301,Bronze,63.17,False,Indonesia
CUST011464,Silver,198.82,True,Indonesia
CUST014543,Bronze,95.84,False,Thailand
CUST012243,Gold,221.0,True,Vietnam
CUST009903,Platinum,250.54,True,Singapore
CUST014868,Platinum,579.67,True,India
CUST011562,Bronze,125.32,False,India
CUST005986,Bronze,84.7,False,Indonesia
CUST001224,Silver,127.3,False,Indonesia
CUST010552,Bronze,77.07,True,Thailand
CUST016223,Bronze,77.09,False,India
CUST015911,Bronze,41.76,False,Thailand
CUST005045,Silver,211.77,False,Indonesia
CUST009786,Gold,126.9,False,India
CUST007641,Bronze,75.5,False,Indonesia
CUST001438,Silver,82.17,True,Philippines
CUST013688,Silver,115.41,False,Thailand
CUST004069,Bronze,91.21,True,Thailand
CUST002080,Bronze,162.44,False,Indonesia
CUST008820,Silver,110.65,True,Indonesia
CUST014349,Gold,289.87,False,Thailand
CUST008439,Bronze,113.5,False,Philippines
CUST002248,Bronze,113.06,True,India
CUST005475,Bronze,56.1,True,Vietnam
CUST003127,Bronze,68.93,True,Indonesia
CUST001631,Bronze,111.97,False,Vietnam
CUST009531,Bronze,43.95,False,Thailand
CUST007400,Gold,267.07,True,Indonesia
CUST017106,Gold,438.02,True,India
CUST006590,Bronze,68.48,False,Philippines
CUST013941,Bronze,131.82,False,Thailand
CUST000146,Silver,279.67,False,Indonesia
CUST001266,Bronze,110.38,False,Indonesia
CUST010143,Bronze,92.75,False,Singapore
CUST004929,Gold,235.35,True,Thailand
CUST017224,Bronze,79.9,False,Vietnam
CUST006591,Bronze,95.36,False,Singapore
CUST001803,Gold,326.65,False,Vietnam
CUST002740,Bronze,131.73,False,Indonesia
CUST007694,Bronze,101.82,False,Philippines
CUST007792,Platinum,744.54,True,Vietnam
CUST015197,Bronze,123.61,False,Singapore
CUST015223,Gold,568.67,True,Philippines
CUST017360,Silver,505.36,False,Indonesia
CUST001994,Bronze,142.74,False,Singapore
CUST000039,Bronze,37.59,False,India
CUST012507,Bronze,81.57,False,Thailand
CUST012210,Bronze,99.92,False,Thailand
CUST016792,Gold,274.1,False,Thailand
CUST012854,Bronze,69.03,False,India
CUST007019,Gold,312.78,False,Philippines
CUST004968,Gold,567.57,True,India
CUST007929,Silver,119.81,False,Philippines
CUST010442,Platinum,323.7,True,Indonesia
CUST013706,Bronze,121.25,False,Philippines
CUST004884,Bronze,102.97,False,Philippines
CUST017200,Gold,152.56,False,Thailand
CUST012994,Bronze,94.33,False,Philippines
CUST015758,Bronze,56.53,True,Indonesia
CUST002468,Bronze,40.15,True,Singapore
CUST014108,Bronze,58.01,False,India
CUST017235,Bronze,49.86,False,Vietnam
CUST000635,Silver,97.17,False,Indonesia
CUST003742,Bronze,68.59,False,India
CUST004792,Silver,164.51,True,Philippines
CUST014125,Platinum,326.51,True,Indonesia
CUST007556,Silver,162.11,False,Thailand
CUST001566,Bronze,95.96,False,Vietnam
CUST015458,Bronze,158.77,True,Vietnam
CUST013778,Gold,267.37,True,Vietnam
CUST012668,Silver,136.82,True,Indonesia
CUST003854,Silver,452.28,False,Thailand
CUST007124,Silver,139.29,True,Thailand
CUST002053,Platinum,529.76,True,Thailand
CUST009327,Gold,138.95,True,Philippines
CUST012887,Bronze,93.16,False,Thailand
CUST003795,Bronze,49.4,False,Thailand
CUST008504,Bronze,42.21,False,Thailand
CUST002676,Silver,198.14,False,Vietnam
CUST005210,Bronze,52.52,True,Philippines
CUST017457,Silver,153.79,True,Thailand
CUST013808,Bronze,65.05,False,India
CUST004173,Bronze,43.61,False,Philippines
CUST017400,Gold,145.64,False,Indonesia
CUST016699,Bronze,100.62,False,Vietnam
CUST006721,Silver,171.85,False,India
CUST005197,Gold,334.69,False,Indonesia
CUST004537,Bronze,60.85,False,Thailand
CUST010971,Silver,155.01,False,Thailand
CUST005976,Platinum,286.89,True,Indonesia
CUST013169,Bronze,112.84,False,Vietnam
CUST015084,Bronze,133.0,False,Philippines
CUST005040,Bronze,78.3,False,Thailand
CUST008043,Gold,328.86,True,Indonesia
CUST005330,Bronze,59.26,False,Indonesia
CUST010144,Bronze,83.8,False,Indonesia
CUST007726,Gold,201.62,True,Singapore
CUST008757,Gold,453.48,True,Indonesia
CUST011436,Bronze,26.55,True,Philippines
CUST003606,Bronze,96.15,False,Thailand
CUST002584,Bronze,79.8,False,India
CUST013552,Bronze,75.08,True,Singapore
CUST007159,Bronze,78.48,False,Vietnam
CUST008127,Bronze,48.99,False,Vietnam
CUST003945,Silver,227.08,True,Indonesia
CUST010487,Silver,188.7,False,Philippines
CUST012755,Bronze,114.78,False,Thailand
CUST016604,Platinum,804.73,True,Indonesia
CUST005295,Silver,253.76,False,Vietnam
CUST017198,Gold,561.48,False,Indonesia
CUST002013,Bronze,53.66,False,Indonesia
CUST017246,Gold,231.04,True,Philippines
CUST016605,Bronze,43.18,False,Thailand
CUST003664,Gold,226.73,False,Vietnam
CUST004192,Gold,318.36,False,Thailand
CUST000670,Platinum,861.7,True,Thailand
CUST015331,Bronze,56.33,False,Singapore
CUST013247,Gold,367.33,True,Vietnam
CUST014383,Gold,375.51,True,India
CUST005277,Bronze,52.92,False,Philippines
CUST013601,Bronze,158.55,True,Vietnam
CUST004568,Silver,65.44,True,Philippines
CUST009973,Bronze,109.01,False,Indonesia
CUST011121,Bronze,92.67,False,Thailand
CUST000814,Bronze,45.21,False,Indonesia
CUST004735,Bronze,112.15,False,Philippines
CUST016157,Silver,300.51,True,Thailand
CUST007996,Gold,245.9,False,Singapore
CUST013024,Platinum,607.67,True,Philippines
CUST012278,Bronze,33.61,True,Thailand
CUST014340,Bronze,97.59,False,Indonesia
CUST003863,Bronze,154.86,False,Indonesia
CUST013792,Bronze,91.34,False,Indonesia
CUST012248,Platinum,182.8,True,Thailand
CUST017112,Bronze,22.56,False,Indonesia
CUST010673,Gold,305.93,False,Thailand
CUST014136,Bronze,96.26,False,Indonesia
CUST005141,Platinum,270.52,True,Thailand
CUST011219,Bronze,115.57,False,Indonesia
CUST016421,Bronze,65.24,False,Thailand
CUST014288,Silver,215.19,True,Indonesia
CUST006012,Bronze,206.51,True,Philippines
CUST000842,Bronze,76.46,True,Philippines
CUST001893,Bronze,47.11,True,India
CUST001938,Platinum,451.92,True,Indonesia
CUST005821,Bronze,142.15,False,Singapore
CUST006370,Gold,233.57,False,Indonesia
CUST010698,Silver,301.24,True,Philippines
CUST016665,Gold,403.33,True,Indonesia
CUST017593,Bronze,44.13,False,Philippines
CUST005941,Platinum,538.29,True,Indonesia
CUST016227,Bronze,37.34,False,Indonesia
CUST009781,Gold,471.31,True,Thailand
CUST009077,Bronze,58.01,False,Thailand
CUST010481,Bronze,77.13,False,Indonesia
CUST010935,Platinum,380.11,True,Thailand
CUST008432,Gold,184.86,True,Singapore
CUST007608,Silver,159.31,True,Thailand
CUST007687,Silver,47.39,True,Vietnam
CUST006386,Bronze,104.16,True,Philippines
CUST009368,Silver,119.83,False,India
CUST017313,Silver,152.75,True,Thailand
CUST011853,Silver,115.23,True,Thailand
CUST008085,Bronze,93.88,False,Thailand
CUST009332,Silver,146.51,False,Thailand
CUST015790,Bronze,38.62,False,Indonesia
CUST014632,Bronze,100.93,False,Philippines
CUST014621,Bronze,139.34,False,India
CUST004583,Silver,111.66,False,Singapore
CUST005761,Bronze,47.4,False,Singapore
CUST016608,Bronze,83.04,False,Indonesia
CUST014153,Bronze,50.28,False,Indonesia
CUST002066,Silver,155.17,False,Singapore
CUST001819,Gold,235.36,False,India
CUST003682,Silver,274.02,True,Indonesia
CUST006004,Bronze,97.24,True,Thailand
CUST015225,Gold,188.81,False,Singapore
CUST012113,Platinum,456.43,True,Indonesia
CUST015750,Gold,263.34,True,Philippines
CUST015259,Gold,204.98,True,Singapore
CUST009895,Bronze,80.01,False,India
CUST015579,Bronze,93.42,True,Indonesia
CUST002506,Bronze,66.98,True,Thailand
CUST002278,Platinum,260.04,True,Indonesia
CUST010005,Platinum,638.06,True,India
CUST000888,Silver,77.32,True,Thailand
CUST003960,Bronze,129.23,False,India
CUST012909,Bronze,87.24,False,Singapore
CUST010226,Platinum,1043.9,True,Vietnam
CUST012299,Silver,124.93,True,Philippines
CUST005514,Platinum,382.19,True,Thailand
CUST000968,Bronze,94.78,False,India
CUST009258,Gold,355.59,True,India
CUST002530,Bronze,161.36,False,Vietnam
CUST001396,Platinum,418.21,False,India
CUST004362,Bronze,44.87,False,Singapore
CUST004303,Silver,141.04,False,Thailand
CUST004688,Bronze,77.26,False,India
CUST013633,Silver,190.14,True,Thailand
CUST014924,Bronze,25.52,False,Philippines
CUST004307,Bronze,74.07,False,Thailand
CUST000053,Bronze,101.07,False,Philippines
CUST017552,Bronze,151.6,False,Thailand
CUST006533,Silver,145.69,True,Vietnam
CUST003005,Bronze,42.1,False,Thailand
CUST017566,Silver,144.06,False,Indonesia
CUST002494,Bronze,86.8,False,Philippines
CUST008578,Bronze,144.85,False,Philippines
CUST013636,Bronze,131.78,False,Vietnam
CUST006283,Bronze,71.28,False,Vietnam
CUST001385,Silver,176.97,True,Indonesia
CUST001241,Bronze,132.63,False,Thailand
CUST000212,Bronze,122.93,False,Philippines
CUST013474,Bronze,40.22,True,Indonesia
CUST007614,Bronze,71.13,False,Thailand
CUST003669,Bronze,71.65,False,Philippines
CUST002292,Bronze,47.55,True,Vietnam
CUST012472,Bronze,76.31,False,Indonesia
CUST009968,Silver,105.3,True,Thailand
CUST013264,Bronze,118.45,False,Thailand
CUST001689,Bronze,101.17,False,Indonesia
CUST016867,Bronze,59.94,False,Indonesia
CUST016885,Gold,411.77,True,Philippines
CUST007867,Bronze,60.38,False,Philippines
CUST004286,Gold,198.42,False,Indonesia
CUST012019,Silver,136.03,False,Vietnam
CUST012589,Silver,166.59,True,Thailand
CUST011086,Silver,145.61,True,Vietnam
CUST017504,Gold,169.21,True,Indonesia
CUST004744,Silver,261.66,False,Indonesia
CUST006945,Silver,152.6,False,Thailand
CUST014417,Bronze,113.71,False,India
CUST009528,Bronze,83.74,False,Thailand
CUST001259,Bronze,89.74,False,Vietnam
CUST006454,Silver,126.69,False,Vietnam
CUST000441,Gold,178.2,True,Philippines
CUST017394,Bronze,139.53,False,India
CUST009137,Bronze,97.2,False,India
CUST017382,Silver,282.13,False,Thailand
CUST013229,Bronze,91.94,True,Vietnam
CUST015156,Bronze,83.06,False,Thailand
CUST014132,Platinum,255.59,False,Singapore
CUST001885,Bronze,46.67,False,Philippines
CUST015997,Gold,261.77,True,Philippines
CUST003488,Silver,94.14,True,Singapore
CUST013544,Bronze,128.16,True,Thailand
CUST000495,Bronze,128.59,True,India
CUST005868,Silver,124.27,True,Philippines
CUST017474,Gold,188.24,True,Singapore
CUST012986,Bronze,39.1,True,Philippines
CUST015611,Bronze,69.1,False,Vietnam
CUST003476,Bronze,69.9,False,Philippines
CUST000084,Platinum,282.79,True,Vietnam
CUST001932,Gold,283.28,True,Singapore
CUST009664,Gold,206.81,True,Philippines
CUST010088,Bronze,70.45,False,Thailand
CUST014080,Platinum,362.36,True,Thailand
CUST000243,Bronze,54.81,False,Singapore
CUST001131,Bronze,44.08,False,Philippines
CUST003029,Bronze,87.64,False,Philippines
CUST004530,Silver,250.48,True,Indonesia
CUST008384,Platinum,625.68,True,India
CUST001865,Bronze,136.82,False,Vietnam
CUST009929,Gold,426.69,False,Thailand
CUST013448,Bronze,51.19,False,Vietnam
CUST003935,Bronze,104.81,False,Vietnam
CUST002901,Platinum,533.53,True,India
CUST010169,Bronze,130.16,False,Philippines
CUST004419,Gold,536.15,False,Thailand
CUST010826,Bronze,122.34,False,Thailand
CUST006637,Gold,267.22,True,Thailand
CUST004661,Bronze,92.88,False,Indonesia
CUST001899,Silver,115.19,False,Vietnam
CUST017511,Gold,179.0,True,Thailand
CUST010165,Bronze,152.78,False,Vietnam
CUST011989,Silver,188.39,True,India
CUST001720,Bronze,101.15,False,Vietnam
CUST016273,Platinum,346.81,True,Singapore
CUST003503,Gold,133.79,False,Philippines
CUST010483,Silver,78.35,True,Vietnam
CUST009906,Bronze,94.83,False,India
CUST016358,Platinum,390.74,True,Vietnam
CUST002149,Silver,56.62,False,India
CUST011452,Bronze,25.38,False,Thailand
CUST011630,Silver,150.5,True,Singapore
CUST014223,Silver,114.53,True,Indonesia
CUST014586,Gold,377.83,True,Singapore
CUST007857,Bronze,99.99,False,Vietnam
CUST012195,Silver,154.69,False,Thailand
CUST012860,Bronze,131.75,False,India
CUST015244,Silver,152.11,False,Indonesia
CUST006050,Gold,157.29,True,Indonesia
CUST017080,Silver,133.59,True,Thailand
CUST009776,Silver,170.23,True,India
CUST004873,Gold,258.05,True,Indonesia
CUST007259,Bronze,129.8,False,Philippines
CUST010356,Platinum,392.75,True,Thailand
CUST016392,Gold,370.08,True,Philippines
CUST005026,Gold,597.2,False,Vietnam
CUST017914,Bronze,55.33,False,Thailand
CUST002207,Bronze,64.72,False,India
CUST013062,Bronze,79.06,False,Thailand
CUST009310,Silver,196.1,False,Vietnam
CUST012996,Gold,263.91,True,Thailand
CUST010797,Bronze,74.35,False,Indonesia
CUST014915,Gold,238.01,False,India
CUST008542,Bronze,97.66,True,Indonesia
CUST016148,Platinum,560.11,True,India
CUST003918,Gold,174.23,True,India
CUST016084,Gold,281.37,False,Vietnam
CUST016821,Bronze,97.54,False,Singapore
CUST012647,Bronze,50.91,False,Thailand
CUST000234,Bronze,57.01,False,Indonesia
CUST014539,Bronze,118.95,False,Indonesia
CUST000232,Bronze,171.61,False,Indonesia
CUST005502,Bronze,60.13,False,Philippines
CUST004120,Bronze,59.99,False,Singapore
CUST009847,Bronze,46.37,False,Indonesia
CUST015291,Bronze,80.22,True,Singapore
CUST005212,Silver,226.44,False,Thailand
CUST012838,Silver,132.46,False,Vietnam
CUST009561,Gold,504.18,True,Thailand
CUST014652,Gold,307.9,True,Singapore
CUST010611,Bronze,91.09,True,Indonesia
CUST002498,Bronze,43.79,False,Singapore
CUST011936,Bronze,124.0,False,Philippines
CUST009355,Bronze,46.89,True,Thailand
CUST006123,Bronze,113.0,True,India
CUST015621,Gold,321.32,True,Thailand
CUST010406,Bronze,91.56,False,Singapore
CUST002177,Bronze,286.27,False,Vietnam
CUST016462,Gold,326.53,False,Philippines
CUST005507,Silver,347.95,False,Singapore
CUST014894,Silver,173.0,False,Indonesia
CUST005245,Bronze,156.93,False,India
CUST014789,Bronze,100.63,False,India
CUST015216,Platinum,363.16,True,Thailand
CUST012479,Bronze,141.02,False,Thailand
CUST016919,Gold,211.94,True,Thailand
CUST008064,Bronze,63.97,False,Vietnam
CUST016131,Silver,57.42,True,India
CUST017974,Bronze,96.11,False,India
CUST007117,Gold,148.94,True,Thailand
CUST008560,Bronze,87.97,False,Singapore
CUST011638,Bronze,73.62,True,Indonesia
CUST017090,Silver,123.9,True,Vietnam
CUST000691,Bronze,80.78,False,Philippines
CUST009926,Silver,394.92,True,India
CUST014827,Silver,94.82,True,India
CUST007470,Platinum,520.88,True,Indonesia
CUST000180,Bronze,150.22,True,Thailand
CUST017288,Gold,800.13,True,Indonesia
CUST001213,Bronze,43.26,False,India
CUST014851,Silver,164.32,True,India
CUST004169,Silver,141.37,False,Thailand
CUST003599,Gold,188.96,False,Philippines
CUST017184,Bronze,53.49,False,Thailand
CUST012072,Bronze,125.81,True,Indonesia
CUST014070,Gold,481.07,False,Thailand
CUST011834,Bronze,162.12,True,Thailand
CUST004383,Bronze,70.43,False,Thailand
CUST010136,Bronze,113.72,False,Thailand
CUST008025,Silver,228.05,False,Thailand
CUST017343,Gold,338.51,True,Thailand
CUST012495,Gold,269.24,True,Vietnam
CUST012206,Gold,291.09,True,Singapore
CUST009738,Platinum,404.38,False,Indonesia
CUST017695,Silver,101.8,True,Indonesia
CUST008210,Silver,204.76,False,India
CUST011983,Bronze,33.31,False,Thailand
CUST003867,Silver,131.78,False,Vietnam
CUST008113,Silver,382.15,False,Indonesia
CUST017304,Silver,70.87,False,Indonesia
CUST002389,Bronze,131.68,False,Indonesia
CUST016364,Silver,116.92,False,Vietnam
CUST013711,Bronze,47.36,False,Vietnam
CUST001717,Bronze,114.28,False,Vietnam
CUST002559,Bronze,110.12,False,India
CUST005416,Bronze,78.28,False,India
CUST005664,Bronze,109.21,False,Singapore
CUST015333,Platinum,465.99,True,Thailand
CUST015636,Bronze,86.5,True,Thailand
CUST004061,Platinum,616.84,True,India
CUST004590,Bronze,76.45,False,Thailand
CUST007710,Platinum,307.29,True,India
CUST013231,Bronze,87.93,False,Philippines
CUST004296,Bronze,65.15,False,Indonesia
CUST005238,Platinum,369.28,True,Indonesia
CUST003030,Bronze,141.84,True,Thailand
CUST015094,Gold,346.0,True,Vietnam
CUST002375,Platinum,409.68,True,India
CUST006078,Bronze,64.48,True,Thailand
CUST015461,Silver,92.86,True,Philippines
CUST015111,Bronze,74.97,True,India
CUST002777,Platinum,578.39,True,Thailand
CUST001116,Platinum,319.45,True,Indonesia
CUST006493,Gold,458.96,True,Vietnam
CUST006646,Bronze,83.61,True,Thailand
CUST007519,Silver,184.84,False,Vietnam
CUST010909,Bronze,78.75,False,Vietnam
CUST010773,Bronze,52.56,False,Philippines
CUST006673,Bronze,47.45,True,India
CUST008413,Silver,87.95,True,Thailand
CUST008960,Silver,139.13,True,Singapore
CUST000217,Bronze,60.13,True,Philippines
CUST015914,Bronze,115.78,True,Singapore
CUST009651,Bronze,86.72,False,Thailand
CUST008665,Silver,104.86,True,Vietnam
CUST014757,Silver,129.12,False,Philippines
CUST011458,Silver,95.12,True,Indonesia
CUST002275,Silver,124.84,False,Philippines
CUST001927,Bronze,63.09,False,India
CUST006369,Bronze,77.32,False,Vietnam
CUST011006,Bronze,81.57,False,Vietnam
CUST006941,Silver,147.08,False,Thailand
CUST017804,Bronze,57.37,True,Thailand
CUST001547,Bronze,148.87,True,Thailand
CUST000437,Silver,200.77,False,Singapore
CUST006461,Bronze,48.35,True,India
CUST003834,Bronze,44.61,False,Singapore
CUST010565,Gold,356.48,True,Philippines
CUST017407,Gold,381.68,True,India
CUST004888,Bronze,119.01,False,Thailand
CUST016913,Bronze,80.32,False,Thailand
CUST005831,Bronze,42.09,False,Singapore
CUST015369,Silver,127.67,True,Thailand
CUST010146,Silver,280.49,True,Singapore
CUST001698,Bronze,61.76,True,Singapore
CUST011727,Silver,106.79,True,Indonesia
CUST007099,Bronze,122.21,False,Indonesia
CUST015512,Bronze,72.02,False,Philippines
CUST016539,Bronze,59.17,False,Vietnam
CUST011640,Silver,122.41,True,Indonesia
CUST003252,Silver,95.21,True,Indonesia
CUST002758,Bronze,86.65,True,Vietnam
CUST008293,Bronze,91.25,False,Philippines
CUST015355,Bronze,74.81,False,Philippines
CUST017995,Bronze,76.99,False,India
CUST002712,Silver,91.27,True,Thailand
CUST016341,Gold,181.6,True,Singapore
CUST012318,Platinum,607.04,True,Singapore
CUST002147,Silver,121.01,True,Indonesia
CUST007826,Bronze,86.79,False,India
CUST009517,Gold,159.02,True,Philippines
CUST015709,Bronze,70.7,False,Thailand
CUST006696,Bronze,127.9,True,Indonesia
CUST003116,Gold,365.03,True,Philippines
CUST003818,Bronze,146.78,False,Singapore
CUST012530,Bronze,46.75,False,Philippines
CUST006937,Bronze,91.92,False,Singapore
CUST005930,Platinum,491.69,True,Thailand
CUST016126,Silver,163.28,True,Vietnam
CUST006920,Bronze,56.23,False,Vietnam
CUST012796,Bronze,112.29,False,India
CUST015720,Bronze,60.26,False,Vietnam
CUST008694,Bronze,87.34,True,Indonesia
CUST004160,Gold,192.46,False,Philippines
CUST005898,Bronze,64.11,False,Vietnam
CUST016495,Silver,224.98,True,Singapore
CUST007375,Platinum,438.26,True,Philippines
CUST002092,Platinum,340.49,False,Indonesia
CUST004504,Bronze,72.7,True,Thailand
CUST010724,Silver,195.89,True,Vietnam
CUST013769,Platinum,394.81,False,Indonesia
CUST006929,Gold,253.6,False,Vietnam
CUST002046,Silver,142.77,False,Indonesia
CUST003401,Silver,158.04,True,Thailand
CUST013300,Gold,337.41,False,Philippines
CUST012202,Bronze,40.73,True,Philippines
CUST017208,Platinum,403.22,True,Indonesia
CUST009129,Bronze,92.23,False,Vietnam
CUST011306,Bronze,124.64,True,Philippines
CUST010361,Gold,269.49,True,Vietnam
CUST002709,Bronze,72.75,False,Singapore
CUST015045,Bronze,144.84,False,India
CUST002146,Bronze,138.49,False,Singapore
CUST001418,Bronze,34.56,False,Thailand
CUST017896,Bronze,86.67,True,Thailand
CUST001185,Silver,147.57,False,Philippines
CUST016958,Gold,294.81,True,Philippines
CUST002874,Bronze,161.57,False,Philippines
CUST001726,Silver,163.28,False,Indonesia
CUST005132,Bronze,137.88,False,Vietnam
CUST015438,Gold,218.93,True,Indonesia
CUST002637,Gold,291.64,False,India
CUST012169,Silver,149.12,True,Philippines
CUST017033,Silver,58.92,True,Indonesia
CUST015203,Gold,234.66,True,Philippines
CUST014863,Bronze,69.3,True,Philippines
CUST006435,Silver,138.06,True,Philippines
CUST005098,Platinum,734.09,True,Thailand
CUST000272,Bronze,97.31,False,Thailand
CUST003077,Bronze,81.6,True,Philippines
CUST002144,Bronze,44.16,False,Thailand
CUST009996,Bronze,156.11,False,Thailand
CUST015205,Silver,104.28,False,Vietnam
CUST016820,Bronze,78.16,False,Philippines
CUST001985,Bronze,90.83,False,India
CUST006816,Silver,71.18,False,Thailand
CUST009171,Bronze,113.28,False,Vietnam
CUST012122,Bronze,81.46,False,Vietnam
CUST014021,Bronze,75.68,False,India
CUST013311,Silver,71.78,True,Thailand
CUST002443,Bronze,72.9,False,Indonesia
CUST010456,Silver,288.58,False,Philippines
CUST011981,Bronze,48.41,False,Vietnam
CUST003807,Bronze,80.0,False,Thailand
CUST003912,Silver,208.9,False,Thailand
CUST008261,Platinum,442.56,True,Philippines
CUST013523,Gold,186.01,True,Vietnam
CUST007754,Bronze,112.0,False,Vietnam
CUST015962,Silver,254.72,False,Indonesia
CUST003281,Bronze,65.42,False,Singapore
CUST013513,Bronze,70.46,False,Philippines
CUST006738,Platinum,375.95,False,Philippines
CUST000902,Bronze,35.68,False,Thailand
CUST012222,Silver,153.63,True,Indonesia
CUST012771,Bronze,67.89,False,Philippines
CUST012139,Bronze,81.71,True,Thailand
CUST006039,Bronze,91.44,True,Philippines
CUST015384,Gold,111.72,True,Vietnam
CUST001294,Bronze,84.1,True,Singapore
CUST009438,Platinum,613.24,True,India
CUST004399,Platinum,914.18,True,India
CUST003821,Silver,107.08,False,Philippines
CUST007759,Silver,161.11,True,India
CUST014410,Gold,170.96,True,Vietnam
CUST009862,Silver,156.99,True,Indonesia
CUST014127,Bronze,78.72,False,Indonesia
CUST001108,Silver,121.75,False,Thailand
CUST015374,Bronze,71.86,True,Philippines
CUST001470,Bronze,94.98,False,Singapore
CUST017638,Gold,457.12,True,Indonesia
CUST013964,Bronze,51.07,False,Indonesia
CUST008716,Bronze,55.69,True,Vietnam
CUST006492,Bronze,87.77,False,Vietnam
CUST006277,Bronze,60.63,False,Thailand
CUST017079,Bronze,90.43,True,India
CUST004233,Platinum,556.2,True,Vietnam
CUST014637,Silver,211.82,False,Thailand
CUST017173,Gold,217.86,True,Thailand
CUST010542,Bronze,49.9,False,Thailand
CUST011596,Bronze,65.02,False,Singapore
CUST011574,Bronze,76.3,False,Singapore
CUST015816,Silver,69.95,False,Philippines
CUST010582,Bronze,133.58,True,India
CUST008915,Bronze,55.99,False,Singapore
CUST004396,Bronze,83.3,False,Indonesia
CUST009174,Silver,229.27,True,Thailand
CUST016046,Silver,120.5,True,Vietnam
CUST010375,Bronze,65.6,False,Thailand
CUST007926,Bronze,74.22,False,Vietnam
CUST008209,Silver,144.09,False,Vietnam
CUST016327,Bronze,66.85,False,Thailand
CUST003501,Bronze,66.9,False,Singapore
CUST008538,Bronze,102.39,False,Philippines
CUST017137,Bronze,33.72,False,Vietnam
CUST004732,Silver,113.38,False,Thailand
CUST014230,Bronze,67.22,True,Indonesia
CUST010822,Silver,111.5,False,Philippines
CUST014210,Bronze,69.25,False,Vietnam
CUST006182,Bronze,48.82,False,Indonesia
CUST007947,Gold,125.64,True,India
CUST012140,Silver,178.35,True,Indonesia
CUST006502,Bronze,126.59,False,Thailand
CUST014511,Bronze,72.92,True,Thailand
CUST016946,Silver,121.46,True,Philippines
CUST006539,Platinum,665.96,True,Thailand
CUST017918,Bronze,134.6,False,Singapore
CUST002543,Bronze,71.04,False,Vietnam
CUST006187,Bronze,51.85,False,Thailand
CUST008243,Platinum,881.19,True,Vietnam
CUST008306,Silver,107.94,False,Philippines
CUST007041,Bronze,169.01,False,Indonesia
CUST016017,Bronze,89.72,False,Singapore
CUST008793,Silver,177.22,False,Thailand
CUST005642,Bronze,99.11,True,Singapore
CUST002231,Bronze,60.79,False,Thailand
CUST006592,Bronze,82.32,False,Thailand
CUST007350,Platinum,482.96,True,Vietnam
CUST004625,Silver,153.44,True,Philippines
CUST002898,Gold,183.75,True,Thailand
CUST013496,Gold,332.86,True,Vietnam
CUST008391,Silver,116.48,True,Thailand
CUST000253,Gold,505.34,True,Thailand
CUST017742,Gold,285.76,True,Indonesia
CUST012344,Silver,135.21,False,Indonesia
CUST015160,Bronze,67.17,False,Vietnam
CUST002625,Silver,267.76,False,Philippines
CUST004132,Silver,170.45,False,Vietnam
CUST001588,Bronze,29.78,False,Indonesia
CUST007249,Bronze,168.47,False,India
CUST010751,Bronze,105.81,True,Indonesia
CUST015037,Silver,139.39,True,Thailand
CUST016544,Bronze,70.8,True,India
CUST005349,Bronze,78.4,False,Indonesia
CUST000009,Silver,109.43,False,Indonesia
CUST001066,Bronze,124.86,False,Indonesia
CUST004803,Gold,451.36,True,Indonesia
CUST006478,Silver,123.81,False,Thailand
CUST007994,Platinum,240.92,True,Thailand
CUST003634,Platinum,519.29,True,Thailand
CUST000213,Bronze,86.92,False,Indonesia
CUST016987,Bronze,190.56,True,Vietnam
CUST010987,Gold,415.16,False,Thailand
CUST011970,Silver,189.14,False,Philippines
CUST007080,Silver,229.89,False,Vietnam
CUST002113,Bronze,112.39,False,Philippines
CUST017524,Bronze,99.31,False,Indonesia
CUST001202,Gold,249.88,True,Thailand
CUST005648,Bronze,84.62,False,Singapore
CUST017786,Silver,65.88,True,Indonesia
CUST009556,Bronze,35.21,True,Philippines
CUST010054,Gold,366.97,False,Indonesia
CUST006772,Silver,97.49,False,Thailand
CUST007786,Platinum,706.66,True,India
CUST010007,Bronze,71.95,True,Thailand
CUST011812,Platinum,553.24,True,Thailand
CUST004001,Platinum,480.21,True,Singapore
CUST006562,Gold,199.39,True,Vietnam
CUST016986,Silver,203.99,True,Vietnam
CUST003827,Bronze,158.56,True,India
CUST014762,Silver,133.05,False,Indonesia
CUST009914,Bronze,75.06,False,Philippines
CUST005122,Bronze,76.35,False,India
CUST006809,Bronze,82.01,False,Indonesia
CUST002566,Bronze,88.22,False,India
CUST017321,Gold,487.36,True,Philippines
CUST009979,Gold,304.19,True,Philippines
CUST009181,Bronze,88.78,False,India
CUST016643,Bronze,146.05,True,Indonesia
CUST006917,Bronze,52.72,True,Philippines
CUST010993,Silver,128.68,False,Philippines
CUST006381,Bronze,109.95,False,Vietnam
CUST006071,Silver,126.17,True,Vietnam
CUST003344,Silver,148.39,False,India
CUST014812,Silver,199.05,False,India
CUST013207,Bronze,43.06,True,Thailand
CUST008218,Silver,190.71,False,Thailand
CUST011390,Gold,269.61,True,India
CUST004391,Bronze,65.93,False,Indonesia
CUST011232,Bronze,95.04,False,Philippines
CUST015729,Bronze,58.48,False,Vietnam
CUST015181,Bronze,47.95,False,India
CUST002140,Silver,227.09,True,Indonesia
CUST007455,Silver,80.88,False,Indonesia
CUST017613,Silver,46.72,False,Singapore
CUST002955,Gold,493.89,True,Singapore
CUST015782,Bronze,53.1,True,Philippines
CUST002235,Bronze,90.82,True,Indonesia
CUST008839,Bronze,51.83,False,India
CUST006866,Bronze,79.91,True,Indonesia
CUST000236,Platinum,497.71,True,Philippines
CUST015391,Gold,224.97,True,Vietnam
CUST009573,Bronze,80.13,False,Thailand
CUST008093,Gold,308.81,True,Philippines
CUST006513,Gold,446.44,True,Indonesia
CUST014519,Bronze,54.87,False,Indonesia
CUST004341,Gold,523.16,True,Philippines
CUST016169,Bronze,68.38,False,Indonesia
CUST005991,Bronze,79.36,False,Vietnam
CUST014233,Silver,110.39,True,Singapore
CUST004329,Platinum,514.14,True,Singapore
CUST009062,Silver,163.38,True,Vietnam
CUST002464,Bronze,51.64,False,Vietnam
CUST002599,Bronze,77.38,False,Philippines
CUST002041,Gold,229.09,True,Thailand
CUST005061,Bronze,60.24,False,India
CUST001482,Bronze,93.19,False,Indonesia
CUST014708,Gold,266.68,True,Indonesia
CUST008866,Silver,169.73,False,Thailand
CUST008082,Platinum,370.34,False,India
CUST008763,Platinum,608.83,True,India
CUST002832,Bronze,128.93,False,Singapore
CUST010449,Bronze,73.31,True,Indonesia
CUST009652,Bronze,136.72,False,Philippines
CUST001326,Silver,207.78,True,Thailand
CUST005980,Bronze,92.35,False,Thailand
CUST000979,Platinum,642.38,True,Thailand
CUST002621,Bronze,131.56,False,Vietnam
CUST000624,Bronze,67.84,True,Indonesia
CUST001563,Bronze,148.48,True,Thailand
CUST003037,Gold,348.5,False,Singapore
CUST006725,Bronze,137.52,False,Vietnam
CUST008201,Platinum,417.23,True,Singapore
CUST005692,Platinum,526.13,True,India
CUST008674,Bronze,97.84,False,Philippines
CUST010692,Gold,307.76,True,India
CUST009037,Bronze,80.66,True,Thailand
CUST009108,Bronze,166.88,False,Thailand
CUST001859,Bronze,111.84,False,Indonesia
CUST011874,Bronze,121.67,False,India
CUST007092,Gold,214.8,True,Indonesia
CUST012602,Silver,101.12,True,Philippines
CUST002200,Gold,222.2,True,Thailand
CUST010802,Bronze,99.32,False,Thailand
CUST017587,Platinum,711.79,True,Vietnam
CUST015663,Silver,146.48,True,Singapore
CUST014784,Bronze,137.27,False,Vietnam
CUST015854,Bronze,88.58,False,Vietnam
CUST002921,Platinum,564.94,True,Vietnam
CUST001334,Platinum,260.89,True,Thailand
CUST008917,Platinum,611.98,True,Indonesia
CUST015626,Bronze,40.92,False,Philippines
CUST000003,Bronze,51.58,True,Singapore
CUST001030,Gold,324.47,True,Singapore
CUST003206,Silver,153.15,True,Indonesia
CUST006044,Gold,407.05,True,Thailand
CUST014547,Gold,244.7,False,Vietnam
CUST001344,Bronze,166.28,False,India
CUST009849,Silver,103.79,False,Vietnam
CUST003647,Bronze,65.58,False,Vietnam
CUST012603,Bronze,128.57,False,Indonesia
CUST002602,Silver,87.55,False,Thailand
CUST011726,Platinum,572.42,True,Vietnam
CUST000179,Gold,522.62,True,Vietnam
CUST010727,Gold,189.93,True,Vietnam
CUST016594,Silver,127.39,False,Indonesia
CUST013825,Platinum,167.33,True,Thailand
CUST005125,Bronze,70.25,False,Indonesia
CUST011743,Gold,305.04,False,Thailand
CUST014373,Platinum,410.13,True,Thailand
CUST012990,Silver,82.45,True,India
CUST017812,Platinum,426.12,True,Thailand
CUST008821,Silver,107.69,True,Vietnam
CUST000090,Platinum,456.55,True,Philippines
CUST008138,Gold,246.46,False,India
CUST001253,Silver,270.62,False,India
CUST004108,Bronze,39.35,False,Thailand
CUST003217,Silver,177.42,True,Indonesia
CUST013796,Bronze,48.67,False,India
CUST012231,Bronze,45.0,False,Singapore
CUST009448,Silver,85.39,True,India
CUST013331,Silver,128.95,False,Indonesia
CUST010217,Platinum,298.8,True,Indonesia
CUST010597,Bronze,62.16,False,Philippines
CUST003465,Gold,164.28,True,Indonesia
CUST010798,Bronze,130.96,False,Indonesia
CUST016961,Platinum,488.92,True,Philippines
CUST016479,Bronze,57.51,False,Vietnam
CUST011594,Bronze,72.53,False,India
CUST005910,Bronze,65.61,True,Indonesia
CUST001513,Platinum,715.58,True,Vietnam
CUST004131,Silver,221.57,False,Philippines
CUST007433,Gold,582.66,False,Vietnam
CUST016516,Platinum,767.25,True,India
CUST012207,Bronze,68.59,False,Vietnam
CUST004199,Bronze,50.89,False,Philippines
CUST003648,Silver,157.19,False,Vietnam
CUST015572,Silver,98.62,True,Thailand
CUST015075,Bronze,38.54,False,Thailand
CUST015539,Bronze,70.54,False,India
CUST008078,Gold,338.28,True,Vietnam
CUST005843,Bronze,44.55,False,Singapore
CUST009071,Bronze,92.13,True,Indonesia
CUST000606,Silver,272.03,False,Vietnam
CUST010628,Bronze,139.76,False,Vietnam
CUST009684,Bronze,121.11,False,Vietnam
CUST016434,Bronze,107.09,False,Indonesia
CUST009824,Silver,115.67,False,Vietnam
CUST003067,Bronze,74.69,False,Philippines
CUST005969,Silver,83.2,False,India
CUST009079,Platinum,442.87,True,Vietnam
CUST016334,Gold,216.76,True,Philippines
CUST015083,Bronze,72.44,False,Vietnam
CUST003176,Platinum,352.37,True,Indonesia
CUST001579,Silver,103.45,True,Thailand
CUST008782,Bronze,82.68,False,Vietnam
CUST004340,Gold,188.02,True,Philippines
CUST003195,Bronze,50.12,False,Thailand
CUST013399,Silver,119.8,True,Thailand
CUST017016,Gold,244.01,False,Thailand
CUST007248,Silver,206.88,False,Singapore
CUST005309,Platinum,428.36,True,Vietnam
CUST007728,Bronze,34.67,False,Singapore
CUST013469,Silver,83.32,True,Singapore
CUST013918,Gold,330.69,False,Singapore
CUST005166,Silver,235.12,False,India
CUST001206,Silver,130.7,True,India
CUST000997,Gold,266.86,True,Vietnam
CUST005009,Bronze,80.81,False,Philippines
CUST015455,Silver,142.44,True,Singapore
CUST015416,Silver,160.36,True,Singapore
CUST009658,Bronze,87.77,False,India
CUST016191,Bronze,112.09,False,Singapore
CUST005325,Bronze,142.11,False,Vietnam
CUST011183,Silver,112.63,False,India
CUST006467,Bronze,83.9,True,Singapore
CUST000172,Silver,67.03,False,Thailand
CUST000032,Silver,95.2,False,Philippines
CUST015593,Bronze,62.05,False,Vietnam
CUST017280,Gold,595.77,True,India
CUST007961,Silver,57.48,True,Singapore
CUST004058,Platinum,679.91,True,Vietnam
CUST000419,Gold,319.77,True,Vietnam
CUST003092,Bronze,63.82,False,India
CUST011286,Bronze,85.27,False,India
CUST011611,Bronze,35.71,True,Indonesia
CUST000153,Platinum,323.11,True,Thailand
CUST017510,Silver,70.9,False,Vietnam
CUST006524,Silver,173.99,False,India
CUST011450,Gold,160.2,False,Philippines
CUST016998,Bronze,119.0,False,Philippines
CUST006581,Bronze,56.98,True,Vietnam
CUST010903,Bronze,69.39,False,Indonesia
CUST008954,Bronze,104.54,False,Indonesia
CUST015700,Bronze,183.21,False,Indonesia
CUST000933,Silver,93.81,False,Thailand
CUST009853,Bronze,152.7,True,Indonesia
CUST002142,Gold,221.07,True,Thailand
CUST000183,Silver,80.09,False,India
CUST006396,Bronze,64.67,False,Indonesia
CUST015211,Silver,121.74,True,Vietnam
CUST008723,Silver,129.25,False,Thailand
CUST008987,Gold,263.86,False,Philippines
CUST009859,Bronze,160.87,False,India
CUST005259,Bronze,146.3,False,Vietnam
CUST011485,Bronze,82.75,False,Indonesia
CUST017219,Silver,219.79,False,Vietnam
CUST005974,Bronze,85.28,False,Thailand
CUST017675,Bronze,72.23,False,India
CUST015734,Gold,281.86,False,Thailand
CUST013617,Bronze,208.03,False,Thailand
CUST015183,Platinum,224.36,True,Singapore
CUST010273,Bronze,86.11,False,Thailand
CUST003659,Gold,259.06,False,Thailand
CUST012204,Silver,240.94,False,Thailand
CUST007573,Platinum,592.04,True,Vietnam
CUST017414,Gold,273.98,True,Indonesia
CUST010515,Bronze,98.9,False,Singapore
CUST006943,Gold,325.14,False,Vietnam
CUST004883,Silver,110.46,False,Indonesia
CUST011423,Bronze,77.46,False,Vietnam
CUST008071,Bronze,50.26,False,Indonesia
CUST006977,Bronze,101.67,True,Singapore
CUST015534,Silver,90.67,False,Thailand
CUST016093,Bronze,31.72,True,Philippines
CUST004783,Gold,392.9,True,Thailand
CUST014734,Bronze,104.91,False,Indonesia
CUST010607,Bronze,54.32,False,Philippines
CUST004489,Silver,139.61,False,Vietnam
CUST014292,Silver,318.77,False,Singapore
CUST015513,Silver,132.87,True,Vietnam
CUST011230,Bronze,60.02,False,Thailand
CUST016881,Bronze,85.53,False,Thailand
CUST006525,Silver,170.83,False,India
CUST015212,Bronze,108.73,False,Philippines
CUST006053,Bronze,117.74,False,Thailand
CUST001386,Silver,221.12,False,Philippines
CUST004357,Bronze,83.88,False,Thailand
CUST003916,Silver,140.11,False,Vietnam
CUST000863,Bronze,100.11,False,Singapore
CUST001159,Silver,165.65,False,Thailand
CUST010639,Gold,357.89,True,Vietnam
CUST002864,Silver,151.19,True,India
CUST009395,Bronze,52.77,False,Thailand
CUST008891,Silver,172.49,False,India
CUST017509,Gold,666.89,False,Philippines
CUST015020,Bronze,62.08,False,Vietnam
CUST014671,Bronze,96.66,False,Thailand
CUST012326,Silver,136.54,False,Singapore
CUST007136,Gold,382.87,False,Indonesia
CUST017053,Bronze,73.78,False,Indonesia
CUST010647,Bronze,60.87,False,Thailand
CUST007504,Platinum,182.97,True,Indonesia
CUST004189,Bronze,96.32,False,Philippines
CUST014221,Silver,237.27,True,Thailand
CUST004878,Bronze,52.96,False,Indonesia
CUST007397,Bronze,98.71,True,Thailand
CUST009252,Platinum,271.81,True,Indonesia
CUST012701,Bronze,39.93,False,Thailand
CUST013682,Bronze,83.73,False,Thailand
CUST016945,Bronze,101.61,False,Thailand
CUST008520,Silver,145.92,False,Philippines
CUST008094,Platinum,385.39,True,Vietnam
CUST013902,Bronze,95.49,True,Thailand
CUST009422,Bronze,75.49,True,India
CUST005387,Bronze,57.51,False,Indonesia
CUST016934,Bronze,81.05,True,India
CUST001085,Bronze,54.34,False,Thailand
CUST012178,Bronze,116.89,False,India
CUST001123,Gold,194.53,True,Philippines
CUST005157,Bronze,64.86,False,Indonesia
CUST005164,Bronze,80.42,False,India
CUST011010,Bronze,45.68,False,Philippines
CUST002196,Bronze,53.25,False,India
CUST008052,Bronze,73.5,False,Vietnam
CUST000249,Bronze,71.02,False,Singapore
CUST005345,Silver,144.78,False,Thailand
CUST009601,Bronze,156.54,False,Thailand
CUST001407,Silver,139.59,True,Thailand
CUST014662,Bronze,48.65,True,Indonesia
CUST003345,Bronze,93.27,False,Thailand
CUST017396,Silver,65.46,True,Thailand
CUST000565,Bronze,106.03,False,India
CUST005936,Silver,160.94,True,Indonesia
CUST008358,Bronze,80.19,False,Indonesia
CUST004611,Bronze,61.08,True,Vietnam
CUST013426,Bronze,49.81,True,Philippines
CUST015151,Bronze,88.61,False,Thailand
CUST000752,Silver,154.89,False,Singapore
CUST001498,Bronze,124.56,False,India
CUST007869,Platinum,391.42,False,India
CUST004502,Gold,183.69,True,Thailand
CUST010722,Silver,76.09,False,Vietnam
CUST005185,Bronze,73.47,True,India
CUST000343,Silver,158.01,True,Thailand
CUST014719,Bronze,88.04,True,Philippines
CUST013639,Bronze,45.83,True,Vietnam
CUST010261,Bronze,78.17,False,Philippines
CUST011917,Bronze,42.6,True,Singapore
CUST004593,Platinum,963.02,True,Thailand
CUST008599,Gold,208.98,True,Indonesia
CUST004538,Gold,291.48,True,Singapore
CUST005467,Gold,275.42,False,Thailand
CUST001457,Bronze,56.88,False,Philippines
CUST013950,Bronze,90.43,False,Indonesia
CUST006630,Bronze,82.93,False,Vietnam
CUST002135,Silver,127.01,True,Vietnam
CUST017140,Bronze,52.11,False,India
CUST008868,Bronze,44.3,False,Vietnam
CUST012000,Bronze,62.86,True,Indonesia
CUST017687,Silver,112.37,False,Philippines
CUST003984,Bronze,120.46,False,Vietnam
CUST004309,Bronze,84.72,True,India
CUST011898,Platinum,430.22,True,Singapore
CUST014508,Silver,293.01,False,Vietnam
CUST008926,Silver,161.22,False,Thailand
CUST005724,Platinum,493.12,False,Thailand
CUST000156,Gold,236.5,False,Thailand
CUST005352,Bronze,54.37,False,Indonesia
CUST007353,Gold,287.96,False,Vietnam
CUST012722,Bronze,91.86,False,Thailand
CUST014999,Bronze,119.25,False,Vietnam
CUST011883,Bronze,119.36,False,India
CUST015785,Bronze,96.83,False,Vietnam
CUST004434,Bronze,48.97,True,Vietnam
CUST001236,Bronze,46.72,False,Vietnam
CUST003728,Bronze,224.09,False,Thailand
CUST000494,Bronze,53.61,False,Philippines
CUST003709,Silver,145.38,True,Philippines
CUST017236,Silver,101.88,True,Philippines
CUST011467,Bronze,84.24,False,India
CUST002163,Gold,239.8,True,Singapore
CUST010409,Silver,177.72,True,Philippines
CUST010563,Bronze,266.63,False,Philippines
CUST011571,Bronze,48.67,False,Thailand
CUST010059,Silver,109.83,False,India
CUST000328,Silver,167.12,True,Indonesia
CUST001909,Bronze,82.04,False,Thailand
CUST004033,Bronze,97.59,False,India
CUST000140,Bronze,92.25,False,India
CUST016814,Silver,115.11,False,Thailand
CUST011793,Bronze,84.22,False,Indonesia
CUST014303,Gold,125.64,True,Indonesia
CUST014631,Bronze,61.67,False,Philippines
CUST012552,Bronze,93.53,False,Thailand
CUST011159,Bronze,84.59,False,Indonesia
CUST011545,Silver,167.42,False,Thailand
CUST004864,Bronze,78.43,False,Philippines
CUST012858,Silver,81.66,True,Indonesia
CUST016065,Gold,224.8,True,Thailand
CUST008396,Bronze,65.36,False,Vietnam
CUST012733,Bronze,92.85,False,India
CUST012349,Platinum,541.47,True,Thailand
CUST001251,Bronze,111.63,False,Philippines
CUST012925,Bronze,127.29,True,India
CUST012571,Silver,203.07,True,India
CUST016567,Bronze,166.06,False,Thailand
CUST000087,Silver,112.49,False,Singapore
CUST000270,Bronze,95.54,False,Singapore
CUST011308,Bronze,130.66,False,Thailand
CUST016869,Bronze,91.89,False,Vietnam
CUST005181,Bronze,156.19,True,India
CUST004322,Bronze,47.63,False,Singapore
CUST007329,Silver,158.8,True,India
CUST003969,Bronze,61.02,False,Vietnam
CUST004825,Bronze,60.18,False,Singapore
CUST014015,Gold,236.13,False,Indonesia
CUST012068,Silver,93.29,True,Indonesia
CUST002827,Bronze,139.18,False,India
CUST004924,Silver,175.44,False,Indonesia
CUST007609,Platinum,323.0,False,Vietnam
CUST012125,Silver,88.79,False,Philippines
CUST000467,Silver,133.62,True,Vietnam
CUST009837,Platinum,771.99,True,Singapore
CUST014775,Silver,130.88,True,Singapore
CUST013556,Gold,431.05,False,Thailand
CUST006132,Bronze,55.92,True,Thailand
CUST017393,Bronze,134.04,True,India
CUST008865,Silver,133.68,True,Thailand
CUST017755,Bronze,74.75,False,Indonesia
CUST008027,Silver,170.8,False,Indonesia
CUST009571,Silver,131.18,True,Indonesia
CUST002706,Bronze,73.05,False,Thailand
CUST010920,Bronze,74.32,False,Indonesia
CUST002008,Platinum,469.77,False,India
CUST006272,Silver,154.66,False,Thailand
CUST010270,Silver,184.73,True,Philippines
CUST005301,Gold,200.77,False,Philippines
CUST000453,Gold,338.39,True,Vietnam
CUST007339,Silver,140.39,True,Thailand
CUST005726,Gold,214.84,False,India
CUST014099,Silver,97.68,True,Singapore
CUST008105,Silver,125.49,True,Thailand
CUST006535,Bronze,126.19,False,Vietnam
CUST006212,Bronze,49.85,False,India
CUST017397,Bronze,77.46,True,India
CUST013649,Bronze,187.06,True,India
CUST003231,Bronze,108.28,False,Vietnam
CUST013578,Gold,297.34,True,Singapore
CUST002358,Silver,104.03,True,India
CUST014593,Bronze,113.99,False,Indonesia
CUST017412,Gold,236.2,False,Philippines
CUST016839,Platinum,593.4,True,Philippines
CUST017505,Silver,55.68,True,Indonesia
CUST001369,Bronze,73.58,False,Singapore
CUST010233,Gold,242.01,True,India
CUST014173,Bronze,116.82,False,Thailand
CUST014337,Platinum,687.21,True,Thailand
CUST010535,Bronze,114.64,False,Singapore
CUST013600,Gold,254.6,True,Thailand
CUST013967,Platinum,533.76,False,Thailand
CUST009747,Bronze,71.89,False,Indonesia
CUST011661,Silver,237.0,False,Thailand
CUST009890,Platinum,364.27,True,Thailand
CUST013978,Silver,131.07,True,Philippines
CUST003921,Silver,281.63,True,Philippines
CUST005043,Bronze,72.33,False,Indonesia
CUST006854,Gold,291.48,True,India
CUST014842,Bronze,125.42,False,Indonesia
CUST010460,Gold,583.61,False,India
CUST002655,Bronze,85.14,False,Indonesia
CUST005680,Bronze,147.39,False,Philippines
CUST006744,Platinum,496.99,True,Philippines
CUST017970,Bronze,50.6,False,India
CUST012611,Silver,271.84,False,Philippines
CUST000051,Platinum,889.36,True,Indonesia
CUST010819,Gold,378.81,True,Thailand
CUST011864,Platinum,420.93,True,Thailand
CUST011966,Silver,251.81,True,India
CUST011889,Bronze,96.18,False,India
CUST015921,Platinum,838.48,True,Thailand
CUST014323,Silver,211.0,True,Singapore
CUST000521,Bronze,94.78,False,Philippines
CUST003676,Gold,395.8,True,Singapore
CUST009788,Gold,366.35,True,India
CUST003300,Gold,417.98,True,Singapore
CUST010694,Gold,120.16,True,Philippines
CUST004247,Bronze,68.8,False,Thailand
CUST004947,Silver,300.24,True,Singapore
CUST015824,Bronze,73.72,False,India
CUST013153,Silver,196.77,True,Thailand
CUST000331,Bronze,56.4,True,Vietnam
CUST001978,Silver,117.46,False,Vietnam
CUST005745,Bronze,180.93,False,Philippines
CUST008387,Bronze,53.44,False,Philippines
CUST016117,Silver,140.53,True,Indonesia
CUST003775,Bronze,44.09,False,Thailand
CUST008347,Silver,178.94,True,Indonesia
CUST003686,Gold,226.12,False,Philippines
CUST006619,Platinum,562.13,True,Indonesia
CUST015195,Bronze,98.7,True,Vietnam
CUST005058,Bronze,67.83,True,Thailand
CUST002308,Silver,172.65,False,India
CUST006016,Silver,151.62,False,Indonesia
CUST008925,Gold,297.55,False,Indonesia
CUST006129,Silver,162.71,True,Philippines
CUST010905,Bronze,142.16,False,Thailand
CUST010164,Silver,297.99,False,Indonesia
CUST002020,Silver,149.97,True,Thailand
CUST000611,Bronze,83.99,False,Thailand
CUST008644,Bronze,161.59,False,Indonesia
CUST016456,Silver,136.62,True,Indonesia
CUST010870,Bronze,39.58,False,Philippines
CUST001190,Silver,121.29,False,India
CUST000640,Bronze,58.57,False,Indonesia
CUST015673,Platinum,670.68,True,Philippines
CUST009507,Bronze,99.82,True,Vietnam
CUST001340,Silver,203.66,False,Thailand
CUST013010,Bronze,51.98,False,Vietnam
CUST007395,Gold,193.07,False,Indonesia
CUST017597,Silver,196.25,True,Singapore
CUST015849,Bronze,89.33,False,India
CUST004016,Bronze,55.76,True,Philippines
CUST017519,Silver,118.03,False,Thailand
CUST009679,Bronze,89.01,False,Thailand
CUST017379,Bronze,70.37,True,India
CUST003991,Silver,139.49,False,Philippines
CUST001834,Gold,226.85,True,Philippines
CUST001598,Bronze,83.86,False,India
CUST015135,Bronze,60.91,False,India
CUST017177,Bronze,92.28,True,Indonesia
CUST016000,Bronze,69.09,False,Indonesia
CUST016121,Bronze,48.28,False,Vietnam
CUST007611,Silver,104.82,True,Indonesia
CUST008158,Silver,120.77,False,Vietnam
CUST009625,Bronze,77.55,False,Vietnam
CUST006511,Bronze,70.73,False,Vietnam
CUST004780,Gold,231.03,False,India
CUST010070,Bronze,60.4,True,Thailand
CUST002606,Silver,187.01,True,Thailand
CUST011482,Bronze,60.59,True,India
CUST005055,Bronze,52.73,False,India
CUST005640,Platinum,401.66,True,Thailand
CUST010498,Gold,570.2,False,Philippines
CUST010111,Bronze,66.25,True,India
CUST002068,Gold,236.15,True,Philippines
CUST009109,Gold,154.74,True,India
CUST000239,Bronze,91.35,False,Indonesia
CUST013451,Silver,146.44,True,Indonesia
CUST001501,Bronze,54.46,False,Thailand
CUST004325,Bronze,83.87,False,Philippines
CUST004472,Gold,372.16,True,Singapore
CUST014214,Bronze,131.11,False,Vietnam
CUST011080,Gold,226.01,False,Thailand
CUST000881,Silver,240.1,False,Philippines
CUST007587,Gold,329.97,False,Vietnam
CUST007639,Gold,259.44,True,Indonesia
CUST014133,Silver,161.25,False,Thailand
CUST007050,Silver,175.76,False,Philippines
CUST011879,Bronze,42.42,True,Thailand
CUST014877,Silver,107.46,False,Vietnam
CUST012761,Gold,342.07,True,Philippines
CUST003045,Bronze,107.29,False,India
CUST008838,Gold,189.74,True,Indonesia
CUST010072,Silver,127.03,True,Indonesia
CUST000327,Bronze,68.88,False,India
CUST011347,Silver,141.35,False,Singapore
CUST007914,Bronze,92.41,True,Philippines
CUST012649,Bronze,58.65,False,Indonesia
CUST011012,Bronze,115.83,False,India
CUST009489,Bronze,70.5,False,Thailand
CUST013014,Platinum,618.57,True,Philippines
CUST013736,Silver,140.02,True,India
CUST013877,Gold,204.82,True,Thailand
CUST016939,Bronze,99.72,False,India
CUST002646,Gold,262.36,False,Thailand
CUST007245,Gold,315.89,True,Thailand
CUST017615,Bronze,81.96,False,Philippines
CUST004601,Gold,294.39,False,Thailand
CUST011182,Platinum,660.38,True,Indonesia
CUST016269,Silver,149.96,True,Indonesia
CUST014375,Gold,189.41,True,India
CUST010186,Gold,495.26,False,Indonesia
CUST008392,Gold,784.95,True,Thailand
CUST012758,Silver,157.78,False,Indonesia
CUST013795,Bronze,54.57,False,India
CUST009648,Bronze,49.48,False,Singapore
CUST017508,Bronze,65.21,False,Indonesia
CUST015065,Bronze,45.66,False,Vietnam
CUST012415,Bronze,49.52,True,Thailand
CUST007199,Bronze,102.46,False,Thailand
CUST006318,Bronze,55.81,True,Thailand
CUST001644,Silver,151.21,False,Thailand
CUST010962,Gold,179.16,True,Indonesia
CUST017525,Gold,216.52,True,Indonesia
CUST007393,Bronze,59.88,False,Vietnam
CUST015882,Bronze,265.43,True,India
CUST007636,Bronze,45.13,True,Singapore
CUST010047,Bronze,111.87,False,Thailand
CUST008211,Bronze,46.42,False,Indonesia
CUST010490,Silver,151.91,False,Philippines
CUST014750,Gold,273.06,True,Indonesia
CUST006588,Silver,161.39,False,Vietnam
CUST011618,Gold,211.37,True,Indonesia
CUST015719,Gold,436.65,True,Indonesia
CUST005250,Platinum,555.09,True,Vietnam
CUST002790,Bronze,54.38,False,Indonesia
CUST003570,Silver,76.19,False,Vietnam
CUST001262,Silver,160.49,True,Thailand
CUST004167,Silver,115.44,True,Vietnam
CUST012698,Bronze,90.82,False,Thailand
CUST016682,Bronze,106.07,False,India
CUST000418,Bronze,67.26,False,Vietnam
CUST008100,Bronze,63.65,True,Thailand
CUST005827,Gold,205.92,False,Thailand
CUST009474,Bronze,226.59,True,Thailand
CUST014313,Gold,334.09,True,India
CUST001366,Bronze,84.42,True,Indonesia
CUST000579,Bronze,89.54,False,Singapore
CUST011069,Bronze,116.45,True,India
CUST011778,Bronze,59.62,False,Thailand
CUST000463,Bronze,82.89,False,India
CUST017285,Silver,161.85,False,Thailand
CUST001387,Silver,135.14,False,Vietnam
CUST017212,Gold,364.2,True,Thailand
CUST016781,Bronze,59.56,False,Thailand
CUST015875,Bronze,91.29,False,Indonesia
CUST007202,Platinum,861.9,True,Singapore
CUST011152,Gold,219.84,True,Indonesia
CUST012509,Bronze,107.05,False,Singapore
CUST002877,Silver,109.91,True,India
CUST005083,Bronze,81.07,False,India
CUST005174,Silver,183.72,True,India
CUST008744,Gold,305.69,False,India
CUST005140,Bronze,53.6,False,India
CUST011409,Bronze,87.16,False,Vietnam
CUST003803,Silver,190.59,False,Thailand
CUST008060,Bronze,118.55,False,Vietnam
CUST006900,Silver,143.66,False,Vietnam
CUST002172,Platinum,850.71,True,Vietnam
CUST015829,Gold,209.89,False,Thailand
CUST000139,Bronze,145.37,True,Indonesia
CUST015234,Bronze,124.21,False,Indonesia
CUST003580,Bronze,205.55,False,India
CUST009072,Platinum,357.64,True,Philippines
CUST007002,Silver,217.21,True,Vietnam
CUST014562,Silver,170.15,False,India
CUST013697,Gold,407.03,True,India
CUST007499,Platinum,451.44,True,Philippines
CUST003885,Bronze,51.92,True,India
CUST013763,Bronze,56.03,False,Indonesia
CUST004979,Bronze,51.58,False,Thailand
CUST017787,Bronze,55.26,False,Indonesia
CUST014602,Bronze,114.63,True,Indonesia
CUST013937,Bronze,124.38,False,Thailand
CUST002815,Bronze,88.57,False,Philippines
CUST002073,Silver,154.11,False,Thailand
CUST014826,Silver,156.65,True,Singapore
CUST008283,Bronze,85.51,False,Vietnam
CUST010967,Silver,123.44,False,Philippines
CUST016810,Gold,204.89,False,Vietnam
CUST001277,Bronze,37.59,True,Thailand
CUST010194,Gold,309.67,True,Thailand
CUST016400,Bronze,110.31,True,Thailand
CUST014306,Bronze,103.73,True,Indonesia
CUST012393,Bronze,68.44,False,Philippines
CUST003873,Silver,139.05,True,India
CUST015706,Silver,144.29,True,Philippines
CUST015176,Platinum,779.38,True,Indonesia
CUST011605,Silver,199.03,False,Philippines
CUST011125,Bronze,97.19,False,Singapore
CUST014066,Bronze,65.55,False,Philippines
CUST011199,Bronze,60.93,False,India
CUST000825,Platinum,308.87,True,India
CUST005276,Gold,504.89,False,Vietnam
CUST006341,Bronze,158.75,False,Thailand
CUST017521,Gold,271.1,True,Philippines
CUST004096,Silver,76.95,True,Vietnam
CUST002466,Gold,489.29,True,India
CUST011499,Bronze,62.92,True,Philippines
CUST005412,Silver,148.93,False,India
CUST003411,Bronze,93.21,False,Indonesia
CUST011591,Silver,213.31,True,Philippines
CUST003551,Bronze,94.85,False,Thailand
CUST000927,Bronze,191.08,False,Philippines
CUST006300,Bronze,77.94,False,Vietnam
CUST006295,Silver,143.28,False,Thailand
CUST007165,Gold,517.46,False,Singapore
CUST015651,Bronze,51.58,False,Indonesia
CUST006102,Silver,162.99,False,Thailand
CUST002552,Silver,134.36,True,Singapore
CUST012783,Gold,280.81,False,Philippines
CUST011668,Silver,165.24,True,Thailand
CUST012489,Bronze,152.47,False,Vietnam
CUST007879,Silver,431.01,True,Vietnam
CUST006172,Gold,362.34,True,Indonesia
CUST003326,Gold,204.55,True,India
CUST011307,Gold,183.26,True,Thailand
CUST016063,Silver,48.79,False,India
CUST003291,Silver,271.88,True,India
CUST003063,Bronze,142.3,True,India
CUST016002,Bronze,343.57,False,Thailand
CUST012920,Bronze,30.08,False,Singapore
CUST013714,Silver,102.33,False,Singapore
CUST011894,Platinum,798.57,False,Vietnam
CUST015726,Gold,297.83,False,India
CUST010519,Bronze,73.78,False,Indonesia
CUST017449,Bronze,123.22,True,Philippines
CUST006268,Bronze,58.99,True,Indonesia
CUST000344,Platinum,508.51,False,Vietnam
CUST017022,Bronze,67.92,False,Philippines
CUST012593,Silver,125.55,False,Singapore
CUST004933,Bronze,117.63,True,Philippines
CUST015102,Platinum,324.95,True,Philippines
CUST002333,Bronze,96.51,False,Thailand
CUST017803,Silver,257.21,True,Philippines
CUST003817,Bronze,86.78,False,Thailand
CUST015930,Bronze,110.17,False,Vietnam
CUST017389,Bronze,77.73,True,Vietnam
CUST016249,Bronze,140.22,False,Philippines
CUST000712,Platinum,1163.1,True,Thailand
CUST005404,Bronze,110.62,False,Indonesia
CUST014744,Silver,236.36,True,India
CUST006838,Silver,105.25,False,Indonesia
CUST011380,Bronze,211.64,False,Indonesia
CUST011440,Bronze,51.23,False,Indonesia
CUST001481,Silver,183.74,False,Thailand
CUST015751,Silver,133.44,True,Indonesia
CUST011530,Gold,339.26,True,Indonesia
CUST005003,Bronze,82.59,False,Vietnam
CUST010614,Gold,484.38,True,Thailand
CUST004390,Bronze,93.35,False,Indonesia
CUST012778,Silver,147.79,False,Thailand
CUST000381,Bronze,89.48,False,Vietnam
CUST013198,Bronze,57.98,True,India
CUST016044,Silver,192.2,True,Thailand
CUST002766,Silver,121.73,False,Thailand
CUST004387,Bronze,71.25,False,Thailand
CUST009583,Bronze,128.77,False,Philippines
CUST016754,Bronze,77.72,False,Philippines
CUST000772,Gold,215.07,True,India
CUST001749,Bronze,90.54,True,Thailand
CUST010220,Silver,104.99,True,Vietnam
CUST012264,Bronze,81.69,False,Philippines
CUST013820,Platinum,459.88,True,Vietnam
CUST000223,Bronze,67.19,False,Philippines
CUST007219,Gold,1142.58,True,Vietnam
CUST001435,Silver,130.43,True,India
CUST006792,Silver,241.72,False,India
CUST000960,Silver,180.3,False,Philippines
CUST014838,Bronze,62.93,False,Indonesia
CUST011603,Gold,428.77,False,India
CUST011777,Bronze,45.29,False,Indonesia
CUST005504,Gold,268.22,True,Vietnam
CUST009907,Bronze,88.51,False,Thailand
CUST004631,Bronze,86.93,False,Philippines
CUST006408,Bronze,69.22,False,Singapore
CUST012625,Platinum,482.51,True,Thailand
CUST010911,Platinum,847.61,True,Philippines
CUST011047,Silver,96.63,False,Vietnam
CUST002940,Silver,93.52,False,Vietnam
CUST002746,Silver,123.36,False,Vietnam
CUST011964,Bronze,99.57,False,Philippines
CUST012951,Bronze,83.56,False,Vietnam
CUST004511,Platinum,696.43,True,Thailand
CUST000056,Silver,143.58,False,India
CUST014295,Platinum,504.44,True,Thailand
CUST001376,Bronze,151.63,False,Indonesia
CUST016716,Bronze,44.85,False,Vietnam
CUST011098,Bronze,60.25,False,Indonesia
CUST005436,Bronze,137.1,False,Indonesia
CUST008379,Gold,197.69,True,Thailand
CUST014557,Bronze,117.3,True,Philippines
CUST007502,Bronze,77.36,False,Indonesia
CUST010400,Bronze,40.08,False,Singapore
CUST005598,Bronze,96.36,False,Indonesia
CUST010229,Silver,186.42,True,Vietnam
CUST017014,Bronze,66.1,False,Vietnam
CUST011915,Platinum,319.79,True,Thailand
CUST010741,Bronze,88.84,True,Singapore
CUST010258,Gold,495.56,True,Indonesia
CUST016713,Bronze,65.78,False,Vietnam
CUST008950,Silver,107.26,False,Singapore
CUST009337,Bronze,103.07,False,Thailand
CUST016134,Silver,105.98,True,India
CUST007324,Gold,493.12,False,Thailand
CUST008975,Silver,114.74,False,Indonesia
CUST008077,Bronze,50.56,True,Thailand
CUST015243,Platinum,658.97,True,Philippines
CUST016685,Platinum,369.39,True,Indonesia
CUST016746,Silver,172.83,True,Indonesia
CUST002579,Bronze,86.99,True,Indonesia
CUST010239,Silver,146.19,True,Philippines
CUST016845,Gold,299.84,True,Philippines
CUST017086,Bronze,58.44,False,Indonesia
CUST000505,Silver,151.51,True,Vietnam
CUST010315,Silver,149.63,True,Philippines
CUST004730,Bronze,74.1,True,Vietnam
CUST014030,Silver,472.69,True,India
CUST009147,Silver,54.87,False,Vietnam
CUST005034,Bronze,128.17,False,Thailand
CUST016538,Bronze,52.56,False,Indonesia
CUST003727,Gold,302.63,True,India
CUST004964,Platinum,312.09,True,India
CUST008008,Gold,387.07,True,Philippines
CUST004768,Silver,94.46,False,India
CUST011544,Gold,212.86,True,India
CUST012208,Silver,109.98,True,Indonesia
CUST015288,Silver,116.92,True,Philippines
CUST017046,Silver,203.33,False,Indonesia
CUST012253,Silver,262.75,False,India
CUST011163,Bronze,91.82,False,India
CUST010121,Silver,146.48,True,Indonesia
CUST004734,Bronze,109.29,False,Indonesia
CUST016405,Silver,142.9,False,Thailand
CUST004123,Silver,185.5,False,Vietnam
CUST016798,Silver,114.88,False,Thailand
CUST006001,Silver,116.6,True,Thailand
CUST008317,Gold,186.51,False,Singapore
CUST006085,Bronze,54.73,False,Vietnam
CUST008345,Bronze,84.82,True,Thailand
CUST017388,Silver,216.67,False,India
CUST012524,Silver,131.4,False,Vietnam
CUST012348,Platinum,509.76,True,Thailand
CUST006709,Bronze,83.5,False,Indonesia
CUST014620,Gold,216.95,False,Thailand
CUST000226,Silver,131.52,True,India
CUST012381,Bronze,75.8,False,Thailand
CUST007586,Silver,117.66,True,Thailand
CUST003802,Silver,155.07,True,Philippines
CUST006651,Silver,136.08,False,Vietnam
CUST009384,Silver,325.14,True,Singapore
CUST001449,Gold,359.09,True,Thailand
CUST003547,Platinum,525.37,True,India
CUST016158,Bronze,86.66,False,Indonesia
CUST005289,Bronze,109.89,True,India
CUST015536,Gold,560.82,True,Thailand
CUST006278,Gold,224.16,True,Indonesia
CUST006739,Silver,166.49,False,Philippines
CUST000024,Bronze,85.9,False,Indonesia
CUST000063,Bronze,65.44,False,Philippines
CUST016391,Bronze,108.65,True,Singapore
CUST013271,Bronze,51.95,False,Indonesia
CUST006179,Bronze,71.77,False,India
CUST013702,Silver,518.35,False,Thailand
CUST000731,Bronze,85.23,False,Vietnam
CUST005481,Silver,114.47,True,Thailand
CUST012965,Platinum,485.22,True,Thailand
CUST002822,Silver,136.46,False,Philippines
CUST016361,Silver,261.23,False,Indonesia
CUST010845,Bronze,45.04,False,Philippines
CUST016425,Platinum,504.32,True,India
CUST011220,Platinum,954.0,True,Thailand
CUST008873,Bronze,86.91,True,Thailand
CUST002320,Platinum,717.21,True,Indonesia
CUST006298,Bronze,90.88,False,Philippines
CUST005722,Silver,205.14,True,Indonesia
CUST005448,Bronze,78.34,False,Indonesia
CUST000873,Silver,302.98,False,Singapore
CUST014490,Bronze,97.26,False,Thailand
CUST013801,Silver,88.1,False,Thailand
CUST006204,Silver,257.14,True,Thailand
CUST016622,Silver,101.34,True,Thailand
CUST009399,Silver,300.49,True,Philippines
CUST003404,Gold,180.47,True,India
CUST004110,Silver,141.48,False,Thailand
CUST014054,Platinum,657.56,True,Singapore
CUST010674,Bronze,96.32,False,Thailand
CUST016416,Bronze,45.89,False,India
CUST002755,Silver,141.88,True,Vietnam
CUST001315,Silver,183.9,True,Philippines
CUST004361,Bronze,85.38,False,Indonesia
CUST013268,Silver,155.84,True,Thailand
CUST014975,Bronze,65.17,False,Thailand
CUST002657,Bronze,81.99,False,Vietnam
CUST011598,Bronze,116.69,False,Vietnam
CUST009241,Bronze,87.3,False,Thailand
CUST001679,Silver,84.86,True,Thailand
CUST005425,Bronze,87.68,False,Vietnam
CUST004880,Bronze,99.09,False,India
CUST013275,Bronze,60.18,False,Philippines
CUST007989,Bronze,106.2,False,Philippines
CUST015101,Gold,236.4,True,India
CUST015657,Bronze,129.55,False,Vietnam
CUST014694,Silver,184.65,True,Indonesia
CUST008137,Bronze,63.6,False,Philippines
CUST010198,Silver,344.95,True,Indonesia
CUST017937,Bronze,56.39,False,Singapore
CUST001882,Bronze,135.82,False,Indonesia
CUST006403,Bronze,82.49,False,Indonesia
CUST011234,Bronze,69.36,False,Vietnam
CUST002723,Gold,255.51,False,Indonesia
CUST010118,Bronze,109.57,False,Thailand
CUST011457,Silver,106.97,True,Vietnam
CUST010526,Silver,131.54,True,Thailand
CUST003556,Silver,157.37,False,Philippines
CUST002368,Silver,145.76,True,India
CUST001739,Bronze,35.4,False,Vietnam
CUST017480,Gold,379.16,False,Philippines
CUST011921,Platinum,402.09,True,Singapore
CUST017103,Bronze,53.61,False,Thailand
CUST004493,Platinum,412.53,True,Singapore
CUST007414,Platinum,640.6,True,Singapore
CUST009762,Bronze,42.05,False,Philippines
CUST016371,Silver,212.68,False,Thailand
CUST007708,Bronze,196.74,False,Vietnam
CUST007152,Platinum,499.24,True,Philippines
CUST012049,Bronze,118.03,False,Vietnam
CUST008883,Bronze,76.7,False,Philippines
CUST015537,Gold,347.64,True,Thailand
CUST017410,Platinum,512.89,True,Philippines
CUST010861,Gold,222.76,False,Thailand
CUST011393,Silver,118.13,True,Singapore
CUST009205,Bronze,106.47,False,Singapore
CUST008773,Bronze,42.06,False,Indonesia
CUST017576,Bronze,98.89,False,Philippines
CUST016070,Bronze,90.2,False,Indonesia
CUST005442,Bronze,55.25,False,Indonesia
CUST015850,Bronze,146.36,False,India
CUST017473,Platinum,428.58,True,India
CUST005111,Gold,273.23,True,Thailand
CUST007415,Bronze,87.82,False,India
CUST007073,Platinum,290.17,False,India
CUST004956,Bronze,54.92,True,Vietnam
CUST004566,Gold,167.77,True,Thailand
CUST003082,Bronze,80.69,False,Philippines
CUST010733,Platinum,536.6,True,India
CUST014256,Platinum,258.26,False,Philippines
CUST003079,Silver,323.24,False,Indonesia
CUST003435,Bronze,56.93,False,Indonesia
CUST017250,Bronze,175.08,False,Vietnam
CUST010463,Bronze,180.23,False,Indonesia
CUST006671,Silver,185.86,False,Thailand
CUST012450,Bronze,114.37,False,Vietnam
CUST010312,Gold,234.6,False,India
CUST015984,Silver,140.02,True,Philippines
CUST010153,Bronze,121.4,False,India
CUST011430,Bronze,94.59,False,Thailand
CUST004961,Bronze,63.7,False,India
CUST006229,Gold,190.93,True,Thailand
CUST009884,Silver,187.99,True,Thailand
CUST011227,Platinum,467.07,True,Vietnam
CUST009814,Platinum,307.62,True,Philippines
CUST010593,Silver,99.19,False,Philippines
CUST010781,Bronze,45.32,False,Thailand
CUST006258,Silver,191.99,False,Indonesia
CUST000919,Silver,251.36,True,India
CUST013976,Silver,252.64,False,Thailand
CUST016106,Bronze,80.18,False,India
CUST003510,Gold,262.51,True,Thailand
CUST011988,Bronze,57.02,True,Philippines
CUST010705,Platinum,299.18,True,Philippines
CUST003328,Bronze,100.33,True,Philippines
CUST014599,Silver,105.64,True,Vietnam
CUST017735,Silver,141.04,True,Singapore
CUST013615,Bronze,111.29,False,Vietnam
CUST013562,Bronze,197.33,False,India
CUST014350,Platinum,641.51,True,Thailand
CUST001855,Silver,247.42,True,Thailand
CUST013573,Bronze,142.38,False,India
CUST007408,Bronze,73.96,False,India
CUST013483,Bronze,106.36,False,India
CUST016627,Gold,318.43,False,Indonesia
CUST001004,Bronze,71.96,True,Indonesia
CUST012498,Bronze,147.23,True,Indonesia
CUST002225,Bronze,79.84,False,Philippines
CUST000523,Silver,143.39,True,India
CUST003325,Bronze,64.41,False,Thailand
CUST008569,Platinum,678.45,True,Thailand
CUST001285,Platinum,279.6,True,Indonesia
CUST005268,Bronze,106.11,False,Thailand
CUST006536,Bronze,54.33,False,India
CUST012269,Gold,350.14,True,Philippines
CUST000428,Gold,120.67,True,India
CUST013510,Gold,195.82,True,Indonesia
CUST017390,Bronze,87.1,True,Vietnam
CUST002840,Bronze,54.25,False,Thailand
CUST005390,Bronze,91.93,False,Indonesia
CUST009733,Bronze,147.98,False,India
CUST012313,Bronze,56.08,False,Indonesia
CUST008966,Bronze,111.13,False,Thailand
CUST017385,Bronze,77.34,True,Singapore
CUST017333,Platinum,318.64,True,India
CUST016357,Silver,146.44,True,Singapore
CUST006353,Bronze,118.14,False,India
CUST002311,Gold,192.9,True,Indonesia
CUST012888,Bronze,113.48,True,Thailand
CUST004967,Silver,123.05,False,India
CUST009891,Bronze,172.06,False,India
CUST010283,Bronze,82.24,False,Thailand
CUST017163,Silver,202.42,False,Singapore
CUST017604,Gold,362.38,True,Singapore
CUST015161,Bronze,124.43,False,Indonesia
CUST006510,Silver,175.7,False,Indonesia
CUST013867,Gold,215.19,False,Thailand
CUST012941,Silver,73.31,False,India
CUST000339,Silver,82.38,True,India
CUST005779,Bronze,56.62,False,Philippines
CUST008495,Bronze,151.01,False,Thailand
CUST008724,Gold,325.73,True,Singapore
CUST004550,Bronze,85.73,False,Thailand
CUST000290,Bronze,65.99,False,Singapore
CUST001663,Silver,115.62,True,Vietnam
CUST003525,Bronze,76.9,False,Thailand
CUST002380,Bronze,35.44,False,Singapore
CUST005466,Platinum,377.65,True,Philippines
CUST000766,Bronze,129.98,False,Indonesia
CUST003515,Bronze,62.83,False,Vietnam
CUST011323,Platinum,709.12,False,Singapore
CUST013996,Bronze,93.42,True,Thailand
CUST002814,Bronze,118.04,False,Vietnam
CUST004412,Bronze,120.51,False,Philippines
CUST007789,Silver,231.57,True,Indonesia
CUST016333,Silver,213.86,True,Indonesia
CUST010612,Gold,343.76,False,Indonesia
CUST015530,Bronze,213.03,False,Thailand
CUST011717,Bronze,96.76,False,Thailand
CUST011211,Bronze,111.89,False,India
CUST004518,Bronze,127.2,True,Thailand
CUST013970,Bronze,108.86,True,Indonesia
CUST000536,Gold,231.79,True,Thailand
CUST017756,Platinum,652.88,True,Thailand
CUST002306,Silver,103.12,False,Indonesia
CUST017494,Platinum,545.14,True,Philippines
CUST013049,Platinum,126.21,True,Indonesia
CUST002274,Silver,99.16,False,India
CUST011130,Bronze,38.18,False,Thailand
CUST006783,Bronze,51.81,False,Singapore
CUST013147,Bronze,137.67,False,Singapore
CUST005067,Bronze,61.98,False,Indonesia
CUST002261,Silver,103.1,False,Vietnam
CUST000950,Bronze,59.13,False,Singapore
CUST009123,Platinum,742.65,True,Philippines
CUST011687,Silver,149.02,False,Singapore
CUST001352,Gold,434.67,False,Thailand
CUST004539,Bronze,39.22,True,Vietnam
CUST013977,Bronze,86.14,False,Vietnam
CUST003350,Bronze,88.51,False,Indonesia
CUST007046,Bronze,64.9,False,Singapore
CUST017930,Gold,250.01,False,Thailand
CUST016168,Platinum,420.58,True,Singapore
CUST003644,Gold,635.91,False,India
CUST016385,Bronze,70.6,False,Philippines
CUST000658,Bronze,61.64,False,Philippines
CUST013563,Platinum,384.61,True,Vietnam
CUST001925,Silver,111.83,False,Thailand
CUST015380,Silver,160.78,False,Singapore
CUST002682,Bronze,120.49,True,India
CUST013043,Platinum,432.9,False,Singapore
CUST007669,Bronze,54.31,False,Vietnam
CUST016905,Gold,135.59,True,Philippines
CUST017169,Gold,401.02,True,Vietnam
CUST016457,Bronze,126.45,False,Vietnam
CUST004621,Silver,93.67,False,Indonesia
CUST014626,Bronze,85.36,False,Vietnam
CUST006635,Bronze,58.12,False,Vietnam
CUST001328,Bronze,146.17,False,Vietnam
CUST012488,Gold,586.95,False,Vietnam
CUST012370,Gold,129.62,True,Singapore
CUST005666,Gold,636.04,True,Philippines
CUST000779,Bronze,36.65,False,Thailand
CUST000170,Silver,250.71,True,Thailand
CUST006228,Platinum,902.0,False,Philippines
CUST007983,Bronze,84.22,True,Indonesia
CUST004644,Bronze,70.54,False,Thailand
CUST007688,Gold,469.76,False,Indonesia
CUST009693,Silver,83.77,False,Vietnam
CUST015667,Platinum,393.15,True,Indonesia
CUST006676,Bronze,115.91,True,Singapore
CUST008571,Silver,128.2,False,India
CUST016257,Silver,226.55,False,Philippines
CUST010558,Bronze,103.54,False,Indonesia
CUST007748,Bronze,86.99,False,Vietnam
CUST006005,Gold,351.52,True,Philippines
CUST009048,Bronze,92.94,False,Vietnam
CUST016576,Platinum,566.72,True,Thailand
CUST009029,Bronze,112.55,False,Indonesia
CUST009938,Silver,125.13,True,Thailand
CUST013375,Bronze,110.46,False,Philippines
CUST003566,Gold,196.01,True,Indonesia
CUST011817,Bronze,126.49,False,Vietnam
CUST005844,Silver,134.06,True,Philippines
CUST015409,Bronze,93.54,False,Vietnam
CUST015774,Silver,205.7,False,India
CUST000729,Bronze,90.25,True,Vietnam
CUST004002,Gold,412.02,True,Singapore
CUST012448,Gold,292.64,True,Thailand
CUST012290,Bronze,134.66,False,Thailand
CUST016715,Bronze,85.27,False,India
CUST012870,Bronze,56.26,False,Vietnam
CUST004613,Bronze,46.1,True,Philippines
CUST005607,Bronze,74.99,True,Philippines
CUST003717,Bronze,139.78,False,India
CUST016426,Silver,354.74,True,India
CUST004962,Gold,198.09,True,Indonesia
CUST012200,Platinum,498.81,True,India
CUST012699,Platinum,902.99,True,Thailand
CUST013371,Platinum,699.6,True,India
CUST016734,Bronze,131.51,True,Vietnam
CUST013839,Bronze,129.72,False,India
CUST001243,Silver,289.98,False,Philippines
CUST008496,Silver,259.81,False,Vietnam
CUST000821,Bronze,51.06,False,India
CUST001070,Gold,363.51,False,Thailand
CUST014527,Silver,246.9,True,India
CUST003875,Gold,107.58,True,India
CUST017380,Bronze,58.06,False,Thailand
CUST010207,Bronze,73.09,False,Singapore
CUST000991,Bronze,78.76,False,Indonesia
CUST007764,Bronze,105.79,False,Singapore
CUST004741,Bronze,192.6,False,Vietnam
CUST015897,Gold,560.87,True,India
CUST000157,Bronze,64.27,False,Thailand
CUST001317,Bronze,83.0,True,Vietnam
CUST002216,Bronze,107.18,False,Thailand
CUST008325,Gold,185.73,True,Vietnam
CUST012799,Silver,116.65,True,Philippines
CUST016550,Bronze,114.08,True,Vietnam
CUST014811,Silver,137.88,False,Philippines
CUST000013,Platinum,472.77,True,Philippines
CUST008885,Silver,121.32,True,India
CUST008564,Platinum,856.74,True,Vietnam
CUST006309,Platinum,698.3,True,India
CUST008190,Bronze,96.32,False,Singapore
CUST015845,Bronze,52.94,False,Indonesia
CUST017762,Bronze,78.48,False,Thailand
CUST002095,Silver,97.29,True,Singapore
CUST012171,Bronze,58.1,False,Philippines
CUST000796,Silver,202.8,False,Vietnam
CUST010899,Silver,130.18,False,Vietnam
CUST014569,Platinum,636.1,True,Philippines
CUST015038,Bronze,66.78,False,Vietnam
CUST003554,Bronze,47.83,False,Philippines
CUST012310,Silver,200.47,False,Philippines
CUST010349,Gold,246.46,True,Vietnam
CUST003976,Silver,269.13,True,Philippines
CUST002087,Silver,203.66,False,Philippines
CUST009364,Silver,143.75,True,Indonesia
CUST011575,Bronze,110.06,True,Philippines
CUST017644,Bronze,60.2,False,Philippines
CUST011115,Gold,239.65,True,India
CUST001421,Bronze,109.6,False,Vietnam
CUST004287,Platinum,914.64,True,Vietnam
CUST017739,Silver,236.56,True,Vietnam
CUST008356,Bronze,81.85,False,Vietnam
CUST014504,Gold,241.75,True,Singapore
CUST002958,Bronze,69.88,False,Thailand
CUST017796,Bronze,80.82,True,Philippines
CUST008609,Bronze,45.58,False,Thailand
CUST011075,Bronze,68.22,False,Singapore
CUST003121,Bronze,38.88,False,Singapore
CUST003211,Gold,138.8,True,Indonesia
CUST012301,Bronze,55.28,False,Thailand
CUST008215,Gold,186.52,False,Vietnam
CUST013504,Bronze,68.1,False,India
CUST013545,Silver,196.75,True,Thailand
CUST015787,Silver,87.73,False,India
CUST004810,Bronze,102.15,False,Singapore
CUST007676,Silver,290.03,True,Indonesia
CUST013526,Silver,372.15,False,Indonesia
CUST005663,Bronze,29.15,False,India
CUST007026,Bronze,107.19,False,Vietnam
CUST004727,Gold,234.04,False,Indonesia
CUST006145,Silver,137.95,True,Vietnam
CUST012717,Platinum,633.83,False,Thailand
CUST004841,Silver,108.82,False,Indonesia
CUST014897,Silver,146.44,False,Indonesia
CUST012419,Bronze,64.15,False,Thailand
CUST008433,Bronze,77.53,True,Indonesia
CUST005445,Bronze,76.43,False,Vietnam
CUST013088,Bronze,48.08,True,Vietnam
CUST011161,Silver,127.76,True,Singapore
CUST017964,Platinum,248.02,True,Indonesia
CUST007151,Bronze,109.24,False,Thailand
CUST013195,Bronze,76.83,False,Thailand
CUST014169,Bronze,145.28,False,Thailand
CUST004220,Bronze,48.59,False,Indonesia
CUST004973,Silver,218.12,False,Singapore
CUST016739,Bronze,155.57,False,Vietnam
CUST004554,Bronze,76.15,False,Philippines
CUST016236,Silver,210.23,True,Indonesia
CUST002403,Bronze,92.18,False,Vietnam
CUST013053,Silver,154.81,True,Thailand
CUST013435,Silver,127.15,False,Thailand
CUST013740,Bronze,62.75,False,Thailand
CUST008810,Silver,55.24,False,Vietnam
CUST017100,Silver,110.96,True,Philippines
CUST011629,Bronze,162.55,True,Thailand
CUST005356,Silver,141.02,False,Indonesia
CUST013797,Gold,178.57,False,Philippines
CUST001260,Silver,72.08,True,Indonesia
CUST001650,Bronze,103.37,True,Philippines
CUST000760,Bronze,80.26,False,Vietnam
CUST016915,Silver,220.27,True,Philippines
CUST001368,Gold,371.17,True,Indonesia
CUST002361,Silver,210.09,False,Thailand
CUST017234,Gold,323.7,False,Indonesia
CUST015465,Silver,181.87,True,Thailand
CUST003814,Platinum,272.28,False,Singapore
CUST009269,Bronze,45.54,False,Thailand
CUST009687,Platinum,554.63,True,Indonesia
CUST013495,Bronze,87.75,False,Philippines
CUST001869,Silver,140.31,False,Singapore
CUST014459,Silver,260.56,False,Indonesia
CUST015823,Bronze,109.96,False,Singapore
CUST011099,Bronze,67.12,False,Singapore
CUST000711,Bronze,77.1,False,Thailand
CUST017464,Silver,84.72,False,India
CUST012626,Bronze,86.24,False,Vietnam
CUST012562,Gold,429.24,True,Philippines
CUST003995,Bronze,175.04,False,Indonesia
CUST013650,Bronze,90.31,False,Philippines
CUST001162,Silver,177.95,False,Philippines
CUST009705,Gold,575.83,False,Indonesia
CUST003186,Gold,571.41,True,Indonesia
CUST001762,Silver,199.74,True,Thailand
CUST010516,Silver,176.78,False,Thailand
CUST002137,Bronze,64.9,False,Philippines
CUST006315,Bronze,56.56,True,Thailand
CUST016278,Bronze,76.74,True,Singapore
CUST000692,Gold,396.35,False,Philippines
CUST012177,Bronze,132.64,False,Thailand
CUST013847,Bronze,105.93,False,India
CUST001402,Bronze,84.37,False,Indonesia
CUST004400,Bronze,51.73,False,Indonesia
CUST014088,Bronze,61.7,False,Thailand
CUST010975,Bronze,98.78,False,India
CUST002205,Bronze,48.94,False,India
CUST015427,Bronze,104.47,False,Philippines
CUST006275,Gold,285.65,True,India
CUST012621,Bronze,54.98,True,Singapore
CUST014444,Bronze,93.12,False,Indonesia
CUST014452,Bronze,110.67,False,Vietnam
CUST017662,Silver,112.51,True,Philippines
CUST000675,Bronze,74.36,False,Indonesia
CUST016075,Bronze,118.22,False,Philippines
CUST003943,Bronze,47.19,False,Thailand
CUST007554,Bronze,25.03,False,Thailand
CUST002523,Platinum,573.05,True,Vietnam
CUST013107,Gold,428.99,False,Thailand
CUST000250,Silver,178.83,True,Philippines
CUST006880,Bronze,96.5,False,Vietnam
CUST002012,Platinum,547.47,True,Philippines
CUST008277,Gold,593.48,True,Philippines
CUST001669,Bronze,105.65,False,Thailand
CUST017108,Bronze,51.91,False,Vietnam
CUST007105,Platinum,367.15,True,Vietnam
CUST000999,Bronze,70.68,True,Philippines
CUST009106,Bronze,49.07,False,Indonesia
CUST002853,Silver,174.64,True,Vietnam
CUST012081,Bronze,71.42,True,Vietnam
CUST001068,Bronze,41.24,False,Thailand
CUST014208,Bronze,84.63,False,Indonesia
CUST009594,Bronze,73.22,True,India
CUST009132,Bronze,55.86,False,Indonesia
CUST002726,Silver,132.08,True,Singapore
CUST009727,Bronze,110.59,True,Vietnam
CUST012869,Gold,282.64,False,Indonesia
CUST010784,Bronze,59.43,False,Philippines
CUST004835,Silver,156.33,False,Thailand
CUST010189,Bronze,60.28,True,Thailand
CUST006519,Bronze,49.5,False,Thailand
CUST017912,Gold,317.72,False,Thailand
CUST006624,Bronze,105.04,False,Singapore
CUST002633,Gold,229.19,True,Philippines
CUST003269,Silver,280.57,True,Thailand
CUST002754,Gold,263.07,False,India
CUST006217,Bronze,110.7,False,Indonesia
CUST017773,Bronze,94.9,True,Indonesia
CUST006091,Silver,140.15,False,Singapore
CUST017102,Bronze,95.53,False,Philippines
CUST012151,Silver,229.75,False,Philippines
CUST002272,Bronze,65.83,False,Philippines
CUST014218,Bronze,128.97,False,Indonesia
CUST001764,Bronze,109.53,False,Indonesia
CUST011907,Silver,190.87,False,India
CUST005022,Platinum,664.31,True,Indonesia
CUST014095,Silver,140.08,True,Singapore
CUST001697,Silver,63.23,True,Vietnam
CUST010394,Silver,134.78,False,Philippines
CUST005449,Gold,274.79,True,Indonesia
CUST009928,Bronze,148.51,True,Vietnam
CUST005284,Bronze,112.55,False,Philippines
CUST003989,Silver,114.29,False,India
CUST013690,Bronze,62.58,False,Indonesia
CUST001178,Bronze,86.02,False,Singapore
CUST013035,Gold,256.78,True,Singapore
CUST015523,Bronze,100.6,False,Thailand
CUST009305,Gold,160.31,True,Philippines
CUST000043,Bronze,121.33,False,Thailand
CUST016593,Bronze,130.57,False,Indonesia
CUST016210,Bronze,83.88,False,Thailand
CUST011108,Bronze,73.41,False,Indonesia
CUST016548,Bronze,102.12,True,Vietnam
CUST005833,Platinum,880.88,True,Vietnam
CUST004455,Bronze,53.33,False,Indonesia
CUST000434,Gold,249.06,False,Vietnam
CUST003302,Silver,101.05,False,Thailand
CUST010742,Silver,188.41,True,Indonesia
CUST006864,Silver,143.65,False,Vietnam
CUST014403,Platinum,544.93,True,India
CUST011904,Gold,204.55,False,Philippines
CUST004720,Gold,341.59,False,Vietnam
CUST002690,Bronze,52.1,False,Indonesia
CUST013492,Bronze,95.57,False,Indonesia
CUST014588,Bronze,118.44,True,Philippines
CUST012545,Platinum,397.05,True,Philippines
CUST006891,Bronze,73.84,False,Philippines
CUST008725,Bronze,33.15,False,Thailand
CUST011795,Gold,385.04,True,India
CUST010295,Gold,292.78,True,India
CUST008318,Silver,150.55,False,Vietnam
CUST001967,Bronze,57.89,False,Thailand
CUST007214,Bronze,109.54,False,Vietnam
CUST008372,Bronze,69.07,False,Indonesia
CUST012456,Gold,198.88,True,Vietnam
CUST011780,Bronze,100.47,True,Philippines
CUST003049,Silver,89.25,False,Vietnam
CUST012533,Bronze,97.59,False,Vietnam
CUST001725,Bronze,95.19,False,Philippines
CUST000069,Platinum,440.43,True,Indonesia
CUST002529,Bronze,44.39,True,Thailand
CUST016572,Bronze,153.81,False,Indonesia
CUST000903,Bronze,66.7,False,Indonesia
CUST004551,Bronze,103.99,False,India
CUST015951,Bronze,118.01,True,Philippines
CUST006339,Silver,129.6,True,Thailand
CUST002133,Bronze,82.26,False,Indonesia
CUST012158,Bronze,65.51,False,Philippines
CUST014240,Silver,148.4,True,Singapore
CUST004042,Silver,202.53,False,Thailand
CUST007000,Silver,95.53,False,Thailand
CUST001100,Bronze,70.47,False,India
CUST015237,Bronze,32.71,False,Thailand
CUST015839,Bronze,47.14,False,Vietnam
CUST016343,Bronze,68.58,False,Vietnam
CUST015553,Bronze,142.04,False,Indonesia
CUST009742,Platinum,352.88,True,Thailand
CUST008098,Bronze,49.81,False,Indonesia
CUST000952,Bronze,186.31,False,Indonesia
CUST013218,Bronze,96.96,False,Thailand
CUST012392,Silver,209.23,True,Vietnam
CUST016648,Gold,286.53,True,Thailand
CUST011789,Bronze,98.12,False,Singapore
CUST003273,Bronze,118.36,False,Thailand
CUST010511,Gold,602.66,False,Thailand
CUST008150,Bronze,75.42,False,Philippines
CUST006704,Bronze,52.84,False,Singapore
CUST012597,Platinum,335.92,True,Philippines
CUST009118,Bronze,73.44,True,Indonesia
CUST003813,Bronze,86.13,False,Vietnam
CUST011341,Bronze,85.46,False,Indonesia
CUST010999,Gold,446.9,True,Thailand
CUST014616,Silver,167.54,False,Indonesia
CUST014702,Bronze,58.66,True,India
CUST002250,Silver,139.3,False,Indonesia
CUST016076,Bronze,94.84,False,Vietnam
CUST012690,Gold,437.86,True,India
CUST009435,Gold,405.16,True,Philippines
CUST009428,Bronze,85.01,True,Thailand
CUST003607,Gold,496.48,False,Philippines
CUST002082,Silver,79.22,True,Thailand
CUST016058,Bronze,60.62,False,India
CUST014215,Bronze,62.67,False,Vietnam
CUST005952,Platinum,508.85,False,Philippines
CUST013589,Bronze,189.09,False,Vietnam
CUST015655,Silver,156.47,False,Singapore
CUST014526,Bronze,47.42,False,Thailand
CUST002922,Silver,213.36,False,Philippines
CUST001032,Silver,245.77,True,Philippines
CUST000160,Silver,93.63,True,Singapore
CUST013290,Platinum,565.05,True,India
CUST001171,Gold,558.96,False,Thailand
CUST008192,Silver,220.4,False,Indonesia
CUST002988,Bronze,42.21,False,Vietnam
CUST005278,Gold,423.08,False,India
CUST004202,Bronze,69.15,False,Singapore
CUST000122,Silver,108.39,True,Thailand
CUST006436,Bronze,73.85,True,Thailand
CUST009888,Silver,149.19,False,Vietnam
CUST016252,Bronze,77.43,False,Thailand
CUST003133,Gold,295.36,False,Indonesia
CUST011563,Bronze,46.92,False,Indonesia
CUST009839,Bronze,75.01,True,Thailand
CUST008037,Gold,249.57,True,Thailand
CUST005928,Gold,389.57,False,Singapore
CUST008951,Bronze,73.03,True,Singapore
CUST009542,Platinum,587.12,True,Vietnam
CUST004758,Silver,240.18,True,India
CUST012363,Bronze,79.75,False,India
CUST014788,Bronze,104.44,True,Vietnam
CUST004546,Gold,353.45,True,Indonesia
CUST013746,Silver,107.03,True,Thailand
CUST016496,Silver,228.53,False,Indonesia
CUST008642,Platinum,676.99,True,Indonesia
CUST009296,Bronze,74.44,False,Indonesia
CUST016996,Bronze,73.63,False,India
CUST006023,Bronze,118.16,False,Thailand
CUST017744,Bronze,81.01,False,Singapore
CUST017507,Silver,150.23,False,Indonesia
CUST009624,Silver,160.19,True,Indonesia
CUST012088,Silver,208.53,False,Philippines
CUST007252,Gold,262.73,True,Thailand
CUST013590,Platinum,570.5,True,Indonesia
CUST006609,Bronze,82.88,True,India
CUST017223,Silver,404.07,False,Vietnam
CUST010918,Bronze,78.93,False,Indonesia
CUST001110,Bronze,152.42,False,Indonesia
CUST013548,Platinum,729.17,False,India
CUST005639,Silver,190.51,False,Indonesia
CUST010584,Silver,117.26,True,India
CUST008735,Bronze,101.14,False,Indonesia
CUST017778,Silver,329.08,False,India
CUST003391,Bronze,74.2,True,Indonesia
CUST009194,Bronze,107.43,False,Singapore
CUST006074,Silver,161.97,False,Philippines
CUST016545,Bronze,114.24,False,Thailand
CUST014699,Silver,118.91,True,Singapore
CUST017203,Silver,208.69,False,India
CUST001343,Silver,191.05,False,Thailand
CUST007881,Bronze,47.37,False,Vietnam
CUST014480,Bronze,127.59,False,Vietnam
CUST015588,Platinum,296.75,True,Philippines
CUST011191,Bronze,107.84,False,Thailand
CUST004772,Gold,291.35,True,Vietnam
CUST003385,Bronze,120.21,False,Vietnam
CUST015041,Silver,100.59,True,Singapore
CUST013194,Bronze,71.47,False,Singapore
CUST001881,Silver,100.24,False,Indonesia
CUST006270,Bronze,39.32,True,India
CUST005796,Silver,158.9,True,Thailand
CUST017609,Bronze,189.13,True,Vietnam
CUST000414,Gold,559.89,False,Thailand
CUST005124,Bronze,105.87,False,Thailand
CUST005492,Silver,227.93,False,Vietnam
CUST006450,Bronze,91.62,True,Vietnam
CUST003051,Bronze,57.98,False,Indonesia
CUST014060,Platinum,321.29,True,Vietnam
CUST008829,Silver,150.6,False,Vietnam
CUST009717,Bronze,130.25,False,Singapore
CUST014666,Platinum,1380.97,False,Thailand
CUST013347,Gold,198.2,False,Singapore
CUST004685,Silver,53.07,True,Singapore
CUST012844,Gold,340.22,False,India
CUST004686,Silver,194.72,True,Vietnam
CUST003241,Silver,122.22,True,Vietnam
CUST012004,Bronze,107.87,False,India
CUST000909,Bronze,185.34,False,Indonesia
CUST004523,Silver,81.04,False,India
CUST008635,Gold,293.57,True,India
CUST002255,Gold,342.29,False,Vietnam
CUST016931,Silver,133.95,False,Singapore
CUST008722,Bronze,74.02,False,Vietnam
CUST001460,Gold,227.38,True,Thailand
CUST002532,Gold,504.21,False,Philippines
CUST000012,Bronze,92.11,False,Indonesia
CUST012245,Bronze,60.92,False,Vietnam
CUST009640,Bronze,78.64,False,Thailand
CUST001821,Silver,201.67,True,Philippines
CUST005737,Gold,333.9,False,Vietnam
CUST012924,Bronze,71.2,False,Singapore
CUST004682,Bronze,35.76,True,Indonesia
CUST009373,Bronze,54.21,False,Philippines
CUST005469,Gold,299.66,False,Vietnam
CUST008388,Gold,167.97,True,Philippines
CUST017943,Bronze,75.2,False,Philippines
CUST001850,Bronze,52.29,False,Thailand
CUST002879,Bronze,107.38,False,Thailand
CUST015544,Gold,194.01,True,Thailand
CUST016759,Gold,416.99,False,Vietnam
CUST010015,Silver,181.98,True,India
CUST017902,Bronze,49.5,False,India
CUST015775,Bronze,70.69,False,Singapore
CUST003085,Silver,140.04,False,Indonesia
CUST000492,Silver,119.49,False,India
CUST012984,Bronze,159.66,False,Indonesia
CUST017434,Silver,170.39,True,India
CUST002472,Bronze,123.23,False,India
CUST003224,Bronze,63.11,False,Philippines
CUST015435,Bronze,54.06,False,Vietnam
CUST004719,Bronze,61.53,False,Philippines
CUST001756,Bronze,68.43,False,Philippines
CUST003439,Platinum,724.43,True,Indonesia
CUST001308,Bronze,161.2,False,India
CUST012587,Silver,189.84,False,Indonesia
CUST012955,Bronze,74.17,False,Indonesia
CUST009838,Silver,260.43,True,Philippines
CUST004495,Bronze,103.45,False,Indonesia
CUST008481,Gold,259.43,True,Philippines
CUST000539,Bronze,78.72,False,Philippines
CUST004104,Silver,189.73,False,Thailand
CUST003996,Gold,164.74,False,Singapore
CUST016009,Silver,172.45,False,Thailand
CUST001242,Bronze,118.78,True,Indonesia
CUST007145,Bronze,116.27,False,India
CUST001172,Bronze,99.27,False,Indonesia
CUST001355,Bronze,76.16,False,Thailand
CUST014839,Silver,133.7,False,Vietnam
CUST016344,Gold,345.36,True,Thailand
CUST007313,Silver,98.56,True,Vietnam
CUST010555,Gold,254.27,True,Thailand
CUST001472,Bronze,61.5,False,Vietnam
CUST001619,Bronze,84.9,True,Philippines
CUST007017,Platinum,350.14,True,Thailand
CUST008808,Gold,408.59,False,Singapore
CUST003164,Gold,186.68,True,Philippines
CUST006662,Platinum,374.58,False,Thailand
CUST016439,Gold,275.59,False,Indonesia
CUST017352,Bronze,66.27,False,Vietnam
CUST015795,Bronze,194.23,False,Philippines
CUST010601,Gold,301.1,False,Vietnam
CUST015334,Silver,187.51,False,Singapore
CUST001901,Silver,186.62,False,Thailand
CUST002834,Platinum,850.07,True,Philippines
CUST015959,Bronze,51.49,False,Vietnam
CUST010912,Silver,262.31,True,Singapore
CUST002845,Bronze,55.13,False,India
CUST017041,Bronze,106.13,True,Philippines
CUST014130,Platinum,282.68,False,India
CUST012750,Bronze,76.18,False,Vietnam
CUST015683,Bronze,103.69,False,Thailand
CUST004711,Bronze,49.05,True,Thailand
CUST002982,Platinum,471.79,True,Indonesia
CUST010214,Bronze,60.19,False,India
CUST009635,Bronze,116.79,False,Singapore
CUST001975,Bronze,97.87,False,Thailand
CUST004818,Bronze,92.44,False,Indonesia
CUST010862,Bronze,65.8,False,Vietnam
CUST008652,Bronze,93.1,False,Indonesia
CUST005056,Bronze,62.38,True,Philippines
CUST011405,Silver,130.58,False,Vietnam
CUST007134,Bronze,154.13,False,Thailand
CUST005451,Bronze,131.41,False,Philippines
CUST002819,Gold,204.84,True,Indonesia
CUST010913,Bronze,120.74,False,Philippines
CUST003971,Bronze,75.2,False,India
CUST013258,Silver,65.68,False,Thailand
CUST013926,Bronze,56.59,False,Indonesia
CUST006814,Bronze,77.25,False,Philippines
CUST003257,Silver,68.76,False,India
CUST010451,Silver,112.14,False,Thailand
CUST015013,Bronze,60.47,False,Singapore
CUST006159,Platinum,708.17,True,Philippines
CUST011030,Platinum,520.22,True,Philippines
CUST006213,Gold,151.67,True,Philippines
CUST008758,Gold,208.99,False,Philippines
CUST008582,Bronze,84.74,False,Indonesia
CUST012062,Silver,104.12,False,Thailand
CUST014860,Silver,176.27,True,Thailand
CUST011123,Bronze,90.7,False,Philippines
CUST000375,Gold,613.66,True,Philippines
CUST000445,Platinum,559.26,True,Indonesia
CUST004381,Bronze,67.36,False,India
CUST004534,Bronze,42.73,True,Vietnam
CUST017363,Bronze,102.39,False,Indonesia
CUST012149,Gold,227.65,True,Indonesia
CUST009245,Silver,173.98,False,India
CUST002228,Silver,123.5,True,Thailand
CUST005624,Silver,159.28,False,Thailand
CUST007216,Bronze,46.31,False,India
CUST000072,Bronze,100.94,False,Indonesia
CUST016990,Silver,101.65,True,Indonesia
CUST006183,Bronze,169.95,False,Philippines
CUST011511,Gold,300.23,True,Indonesia
CUST012774,Silver,124.99,False,Vietnam
CUST015307,Bronze,78.54,True,India
CUST016646,Gold,294.58,True,Indonesia
CUST009263,Silver,171.69,True,India
CUST015201,Silver,203.26,False,India
CUST001906,Bronze,108.8,False,Philippines
CUST017306,Bronze,58.71,False,India
CUST010046,Bronze,79.17,False,Thailand
CUST000679,Silver,113.09,False,Thailand
CUST004765,Bronze,72.03,False,Vietnam
CUST017623,Bronze,36.54,False,India
CUST012098,Silver,113.78,False,Vietnam
CUST017348,Gold,245.46,True,Vietnam
CUST005519,Bronze,61.18,False,India
CUST014466,Bronze,27.08,False,Indonesia
CUST014583,Bronze,102.88,False,Thailand
CUST005406,Gold,329.34,False,Singapore
CUST011609,Bronze,199.65,False,Singapore
CUST006999,Bronze,82.07,False,Thailand
CUST006445,Gold,270.97,True,Vietnam
CUST013995,Bronze,146.48,False,Thailand
CUST012934,Bronze,148.27,False,Singapore
CUST000029,Bronze,108.59,True,Philippines
CUST012728,Silver,134.0,False,India
CUST003667,Bronze,87.73,False,Philippines
CUST002802,Bronze,95.96,False,India
CUST017848,Bronze,32.04,True,Indonesia
CUST002895,Bronze,82.21,False,Philippines
CUST016980,Gold,531.65,True,Philippines
CUST004755,Bronze,178.25,True,Thailand
CUST014482,Gold,303.84,True,India
CUST003583,Bronze,68.14,False,India
CUST008928,Silver,119.34,False,Thailand
CUST007409,Platinum,522.38,True,Vietnam
CUST004374,Bronze,113.84,False,Singapore
CUST004746,Bronze,67.29,False,Philippines
CUST017376,Gold,208.52,True,Thailand
CUST015342,Silver,245.22,False,Thailand
CUST002924,Bronze,81.0,False,Philippines
CUST007263,Bronze,42.14,False,Philippines
CUST016096,Platinum,407.23,True,Indonesia
CUST014380,Silver,118.5,False,Vietnam
CUST009197,Silver,180.62,True,India
CUST016071,Gold,368.99,True,Singapore
CUST017920,Gold,542.01,False,India
CUST013361,Bronze,104.13,False,Vietnam
CUST015711,Bronze,68.8,False,Indonesia
CUST010455,Bronze,70.36,True,Indonesia
CUST009767,Gold,367.68,False,Vietnam
CUST007396,Bronze,54.05,False,Vietnam
CUST012017,Gold,187.32,True,Vietnam
CUST016010,Platinum,535.11,True,Thailand
CUST006425,Silver,128.6,False,Thailand
CUST004766,Silver,176.79,True,Thailand
CUST017298,Bronze,32.1,False,Philippines
CUST013618,Platinum,101.15,False,Indonesia
CUST007946,Silver,158.6,False,India
CUST012190,Platinum,291.85,True,Indonesia
CUST007930,Gold,156.84,False,Indonesia
CUST003564,Bronze,78.75,True,Philippines
CUST000310,Silver,170.21,False,India
CUST015894,Silver,169.57,False,Indonesia
CUST005426,Bronze,79.54,True,India
CUST004954,Gold,282.98,False,Philippines
CUST005891,Bronze,60.97,True,Singapore
CUST000224,Bronze,43.85,False,Philippines
CUST015266,Silver,231.3,True,India
CUST013757,Silver,201.07,True,Vietnam
CUST011993,Bronze,128.97,False,India
CUST016437,Bronze,91.51,False,Thailand
CUST005168,Bronze,68.51,False,Thailand
CUST008434,Bronze,76.08,False,India
CUST010761,Silver,168.2,True,Vietnam
CUST006101,Bronze,60.22,False,Philippines
CUST009482,Gold,447.64,False,Philippines
CUST014741,Platinum,915.76,True,Thailand
CUST011835,Silver,102.64,True,Singapore
CUST008830,Bronze,65.23,True,Thailand
CUST007642,Bronze,63.17,False,Singapore
CUST001718,Gold,530.0,True,Thailand
CUST001708,Platinum,525.24,True,Vietnam
CUST008581,Silver,184.41,True,Vietnam
CUST012891,Silver,108.6,True,India
CUST003389,Silver,260.54,False,Vietnam
CUST013756,Bronze,85.35,False,Vietnam
CUST000357,Bronze,76.39,False,Singapore
CUST003591,Bronze,55.15,False,Vietnam
CUST010625,Bronze,69.39,True,Indonesia
CUST017042,Silver,106.59,True,Singapore
CUST011387,Bronze,128.37,False,Indonesia
CUST008892,Bronze,84.86,False,Singapore
CUST001592,Bronze,44.25,False,Indonesia
CUST006311,Bronze,39.93,True,Philippines
CUST005918,Silver,182.65,False,Indonesia
CUST005786,Gold,291.93,True,Thailand
CUST007580,Bronze,112.18,True,Vietnam
CUST004904,Gold,211.66,True,Indonesia
CUST000021,Bronze,37.89,False,India
CUST005388,Bronze,85.9,False,Singapore
CUST007809,Silver,167.67,True,Philippines
CUST005202,Platinum,447.45,True,Philippines
CUST012031,Gold,125.42,False,Thailand
CUST000907,Bronze,160.93,False,Vietnam
CUST015599,Bronze,75.07,False,India
CUST012827,Bronze,111.54,False,Thailand
CUST009529,Silver,184.99,True,Thailand
CUST013870,Gold,102.53,True,India
CUST017529,Bronze,62.66,False,India
CUST005760,Bronze,99.77,False,Philippines
CUST012992,Platinum,412.48,True,Thailand
CUST005635,Silver,154.26,True,Singapore
CUST017345,Bronze,60.26,True,Philippines
CUST002425,Bronze,56.11,True,Thailand
CUST011037,Bronze,43.96,False,Thailand
CUST001268,Silver,195.16,False,Philippines
CUST009451,Bronze,60.44,False,Indonesia
CUST008608,Gold,341.15,False,Thailand
CUST013154,Bronze,127.23,False,Singapore
CUST001915,Silver,139.9,True,Indonesia
CUST007526,Bronze,69.9,False,Vietnam
CUST001965,Gold,148.94,False,Vietnam
CUST009408,Bronze,83.94,True,Indonesia
CUST012556,Silver,160.56,False,Indonesia
CUST008398,Bronze,33.9,False,Thailand
CUST010816,Bronze,102.59,False,Indonesia
CUST009532,Bronze,143.3,True,India
CUST011734,Bronze,142.51,False,Philippines
CUST006095,Bronze,64.65,False,India
CUST005411,Platinum,601.72,True,Singapore
CUST005781,Silver,165.87,True,Vietnam
CUST011172,Platinum,311.58,False,Indonesia
CUST007957,Bronze,60.05,False,Indonesia
CUST006347,Silver,71.64,False,India
CUST011541,Silver,247.44,False,India
CUST005628,Silver,92.44,False,India
CUST001793,Bronze,106.02,True,Thailand
CUST012901,Silver,177.73,False,Thailand
CUST004726,Gold,302.18,False,India
CUST012247,Silver,77.72,True,Philippines
CUST012291,Bronze,65.85,False,Philippines
CUST013692,Bronze,53.12,True,Thailand
CUST003768,Bronze,60.4,False,Thailand
CUST006578,Gold,152.15,True,India
CUST015215,Bronze,161.17,False,India
CUST011510,Silver,252.5,True,Thailand
CUST013060,Bronze,38.98,True,Thailand
CUST000412,Bronze,106.32,False,Thailand
CUST009146,Silver,120.51,False,Thailand
CUST011301,Bronze,42.01,False,Philippines
CUST008265,Bronze,73.22,False,Vietnam
CUST015170,Bronze,86.36,True,Singapore
CUST017227,Bronze,74.07,False,Vietnam
CUST013938,Gold,332.96,True,Singapore
CUST014800,Bronze,135.23,True,Indonesia
CUST008941,Silver,218.45,False,Philippines
CUST003600,Silver,171.03,True,Indonesia
CUST013700,Bronze,113.55,False,Singapore
CUST001323,Bronze,53.07,False,Indonesia
CUST002569,Platinum,553.69,True,India
CUST017217,Bronze,123.72,False,Philippines
CUST008693,Bronze,116.16,False,Indonesia
CUST009415,Platinum,264.21,True,Philippines
CUST011615,Platinum,243.5,True,Indonesia
CUST006639,Bronze,67.38,True,Philippines
CUST006905,Gold,372.08,False,India
CUST014776,Silver,242.3,False,Philippines
CUST014554,Gold,251.62,True,India
CUST000744,Gold,247.26,True,Vietnam
CUST015574,Platinum,451.4,False,India
CUST006538,Bronze,89.4,True,Indonesia
CUST017619,Bronze,133.71,False,Singapore
CUST006197,Bronze,44.33,False,India
CUST001625,Gold,182.11,True,Thailand
CUST008872,Bronze,90.24,False,Thailand
CUST004901,Bronze,57.18,False,India
CUST015490,Gold,155.82,True,Indonesia
CUST017991,Platinum,713.6,True,India
CUST004238,Gold,326.07,False,Vietnam
CUST012266,Bronze,54.52,False,Vietnam
CUST015789,Bronze,52.48,False,India
CUST014668,Bronze,63.45,False,Vietnam
CUST008657,Bronze,87.97,False,Indonesia
CUST002548,Bronze,87.85,True,Philippines
CUST001197,Silver,175.1,True,Philippines
CUST003835,Bronze,137.67,False,Indonesia
CUST002610,Gold,362.46,False,Vietnam
CUST013011,Gold,186.31,True,Vietnam
CUST017663,Bronze,85.38,False,Thailand
CUST001413,Bronze,68.52,False,Indonesia
CUST016403,Platinum,493.99,True,Thailand
CUST013805,Bronze,87.93,True,Thailand
CUST012790,Bronze,64.26,True,Thailand
CUST009306,Platinum,453.04,True,India
CUST005027,Gold,164.96,False,India
CUST009058,Platinum,584.49,True,Singapore
CUST002325,Silver,193.17,False,Vietnam
CUST016404,Platinum,787.98,True,Thailand
CUST014592,Platinum,397.12,True,Vietnam
CUST008316,Platinum,328.47,True,Thailand
CUST000662,Bronze,110.36,False,Indonesia
CUST008175,Bronze,42.94,False,Vietnam
CUST004266,Bronze,96.05,False,Vietnam
CUST011704,Platinum,321.48,True,Indonesia
CUST006542,Bronze,77.03,True,Indonesia
CUST015516,Bronze,68.66,False,Indonesia
CUST007328,Silver,145.01,False,Singapore
CUST015698,Bronze,79.84,False,Vietnam
CUST008967,Bronze,39.14,False,Singapore
CUST016095,Bronze,74.31,False,Philippines
CUST006199,Gold,257.53,True,India
CUST015249,Bronze,93.53,False,Indonesia
CUST015948,Gold,198.23,False,Philippines
CUST000728,Bronze,67.02,False,Thailand
CUST005322,Bronze,59.96,False,India
CUST000360,Bronze,52.26,False,Thailand
CUST008909,Bronze,83.08,False,Philippines
CUST007104,Silver,96.12,True,Vietnam
CUST006310,Silver,173.5,False,Thailand
CUST009466,Silver,170.82,True,Indonesia
CUST016969,Bronze,117.33,True,Vietnam
CUST001878,Platinum,675.23,True,Indonesia
CUST007974,Bronze,87.47,True,Vietnam
CUST004882,Bronze,50.68,True,Thailand
CUST003765,Gold,254.45,True,Thailand
CUST005853,Bronze,37.76,False,Indonesia
CUST007432,Silver,193.83,False,Philippines
CUST004716,Bronze,126.0,True,Philippines
CUST010832,Platinum,246.41,True,Thailand
CUST009243,Gold,201.95,False,Indonesia
CUST013245,Bronze,115.76,False,Thailand
CUST013061,Silver,230.48,False,Philippines
CUST017326,Bronze,62.23,False,Indonesia
CUST011829,Bronze,85.03,False,Vietnam
CUST008491,Bronze,194.88,False,Thailand
CUST011408,Bronze,46.32,False,Singapore
CUST001960,Silver,184.59,False,Indonesia
CUST013680,Bronze,96.15,False,Thailand
CUST016133,Silver,173.18,True,Thailand
CUST008572,Silver,162.55,True,Thailand
CUST009419,Bronze,112.11,False,Singapore
CUST006164,Bronze,59.79,False,Indonesia
CUST010734,Silver,212.58,True,India
CUST017850,Bronze,85.57,False,India
CUST011109,Bronze,98.29,False,Thailand
CUST014107,Platinum,563.24,True,Singapore
CUST015945,Gold,407.44,False,Indonesia
CUST004376,Bronze,95.42,False,Thailand
CUST010992,Silver,139.51,False,Singapore
CUST003883,Bronze,40.79,False,Indonesia
CUST005249,Silver,148.94,False,Singapore
CUST017513,Bronze,64.28,False,Singapore
CUST017972,Bronze,108.87,False,Indonesia
CUST000089,Bronze,148.93,False,Singapore
CUST009073,Bronze,93.41,False,Indonesia
CUST017846,Silver,92.24,False,Singapore
CUST001883,Bronze,57.77,True,Thailand
CUST000275,Bronze,129.43,True,Indonesia
CUST001937,Platinum,592.76,True,Thailand
CUST017829,Bronze,44.53,True,Thailand
CUST006407,Gold,541.48,True,Thailand
CUST010873,Gold,448.46,True,Indonesia
CUST005234,Gold,341.73,True,Philippines
CUST013898,Silver,141.52,True,Thailand
CUST003333,Bronze,65.21,True,Vietnam
CUST017870,Platinum,351.49,True,Thailand
CUST001628,Bronze,97.56,False,Indonesia
CUST012404,Bronze,81.27,False,Indonesia
CUST010527,Platinum,818.65,True,Indonesia
CUST001900,Platinum,396.44,False,Philippines
CUST014541,Silver,76.39,True,Vietnam
CUST014861,Bronze,75.03,False,Philippines
CUST008939,Platinum,655.36,True,India
CUST004558,Silver,224.17,True,Indonesia
CUST012378,Bronze,57.05,True,Philippines
CUST006520,Bronze,94.62,False,Vietnam
CUST016498,Silver,85.35,False,Vietnam
CUST007255,Silver,159.71,True,Philippines
CUST011297,Gold,391.53,True,Indonesia
CUST005113,Bronze,49.84,False,Singapore
CUST001913,Silver,146.77,True,Vietnam
CUST004777,Platinum,323.17,False,Vietnam
CUST004334,Gold,294.99,False,Philippines
CUST008144,Silver,143.49,False,Singapore
CUST014455,Gold,312.93,True,India
CUST010376,Bronze,50.98,True,Philippines
CUST005184,Bronze,34.22,False,Vietnam
CUST011538,Bronze,91.13,False,India
CUST017101,Bronze,95.39,False,Thailand
CUST001564,Bronze,61.21,False,Philippines
CUST011617,Bronze,76.4,False,India
CUST011190,Bronze,126.83,False,Philippines
CUST003044,Platinum,691.09,True,Philippines
CUST004743,Bronze,207.5,False,India
CUST016261,Bronze,73.02,False,Vietnam
CUST009163,Bronze,87.98,False,Singapore
CUST015148,Bronze,51.42,True,Vietnam
CUST017725,Bronze,181.75,False,Vietnam
CUST008509,Platinum,877.35,True,Indonesia
CUST013462,Silver,173.94,True,Singapore
CUST000826,Gold,273.13,False,India
CUST013807,Silver,152.33,False,India
CUST004151,Bronze,51.36,False,Thailand
CUST014187,Bronze,74.37,False,Thailand
CUST013806,Bronze,71.02,False,Philippines
CUST017884,Gold,291.38,True,Philippines
CUST003191,Gold,419.51,True,Vietnam
CUST016947,Gold,370.33,True,Singapore
CUST007452,Bronze,78.95,False,Thailand
CUST008266,Silver,162.82,True,Thailand
CUST011454,Bronze,90.2,True,Vietnam
CUST015943,Bronze,109.9,False,Singapore
CUST009315,Bronze,64.78,False,Vietnam
CUST014922,Bronze,68.11,False,Indonesia
CUST010544,Bronze,85.03,False,India
CUST011763,Gold,404.88,False,India
CUST003230,Silver,177.5,True,Thailand
CUST007318,Silver,114.7,False,Vietnam
CUST015410,Bronze,115.88,False,Philippines
CUST004877,Bronze,85.32,True,Indonesia
CUST010907,Bronze,105.47,False,Singapore
CUST007986,Platinum,452.66,True,Indonesia
CUST003190,Bronze,69.54,True,Indonesia
CUST016424,Silver,90.31,False,Singapore
CUST014506,Bronze,123.48,False,India
CUST007320,Bronze,112.32,True,India
CUST004023,Platinum,502.24,True,Philippines
CUST000081,Bronze,98.54,False,Singapore
CUST012077,Silver,121.6,False,Philippines
CUST016861,Bronze,86.62,False,India
CUST000757,Bronze,55.65,False,Vietnam
CUST006297,Bronze,61.09,False,Thailand
CUST012070,Bronze,163.34,False,Thailand
CUST002533,Silver,159.68,False,Indonesia
CUST004113,Gold,503.56,False,Vietnam
CUST013678,Bronze,120.34,False,Philippines
CUST011787,Silver,132.82,True,Philippines
CUST009961,Platinum,477.94,True,Thailand
CUST001738,Bronze,109.58,False,India
CUST010355,Bronze,62.74,False,Vietnam
CUST017871,Silver,142.94,True,India
CUST010249,Gold,267.08,True,Vietnam
CUST014206,Silver,149.95,True,India
CUST000227,Bronze,145.35,False,Thailand
CUST001947,Bronze,64.49,False,Indonesia
CUST017096,Bronze,97.61,False,India
CUST000560,Silver,245.2,False,Philippines
CUST012700,Silver,99.93,True,Thailand
CUST007358,Silver,146.88,False,Thailand
CUST005041,Silver,85.09,True,Singapore
CUST009692,Bronze,91.06,False,Philippines
CUST002419,Silver,144.46,True,Thailand
CUST003779,Bronze,98.62,False,Thailand
CUST001857,Bronze,143.65,False,Philippines
CUST003729,Platinum,691.13,True,Thailand
CUST012535,Bronze,104.48,False,Singapore
CUST004701,Silver,178.19,True,Philippines
CUST015429,Gold,148.66,False,Thailand
CUST009156,Bronze,70.49,False,Vietnam
CUST011716,Bronze,153.29,False,Philippines
CUST001015,Bronze,59.86,False,Singapore
CUST003581,Bronze,114.13,False,Philippines
CUST004315,Bronze,113.2,False,Thailand
CUST003042,Silver,107.02,False,Singapore
CUST013854,Silver,190.53,True,Indonesia
CUST016302,Gold,267.74,False,Singapore
CUST010266,Bronze,120.58,False,Thailand
CUST009964,Bronze,78.92,False,Indonesia
CUST004300,Bronze,94.54,False,Thailand
CUST008837,Gold,156.8,True,Thailand
CUST006897,Bronze,46.9,False,Singapore
CUST004702,Bronze,127.05,False,Thailand
CUST009330,Bronze,98.56,False,Vietnam
CUST014347,Bronze,54.12,False,Thailand
CUST012629,Bronze,75.96,False,Indonesia
CUST012512,Silver,91.95,False,Indonesia
CUST009026,Bronze,37.89,False,India
CUST010476,Gold,404.91,True,India
CUST001676,Bronze,62.53,False,India
CUST008072,Gold,540.37,True,Vietnam
CUST010103,Bronze,121.87,False,Thailand
CUST002641,Bronze,67.77,False,Vietnam
CUST003537,Silver,261.11,False,Thailand
CUST013219,Bronze,102.1,False,Thailand
CUST011724,Bronze,55.22,False,India
CUST005214,Bronze,118.75,False,Indonesia
CUST003635,Platinum,571.44,True,India
CUST003539,Bronze,146.65,False,Indonesia
CUST008047,Gold,205.58,True,Vietnam
CUST007943,Silver,110.08,True,Indonesia
CUST001333,Bronze,71.3,False,Thailand
CUST002567,Bronze,74.69,False,India
CUST008517,Gold,549.6,True,Indonesia
CUST008173,Bronze,42.5,True,India
CUST010084,Silver,130.91,False,Thailand
CUST013437,Platinum,487.44,True,Philippines
CUST015794,Gold,389.87,False,Vietnam
CUST001630,Bronze,42.94,False,Indonesia
CUST016645,Platinum,487.82,True,Vietnam
CUST000694,Bronze,68.34,False,India
CUST002653,Bronze,66.96,True,Singapore
CUST002810,Bronze,85.17,True,India
CUST006924,Bronze,40.15,False,Singapore
CUST011848,Bronze,76.46,False,Singapore
CUST005944,Bronze,38.42,True,Thailand
CUST005859,Silver,255.33,False,Philippines
CUST016178,Bronze,67.68,False,Vietnam
CUST012382,Silver,126.63,True,Indonesia
CUST002293,Gold,167.76,False,Philippines
CUST009033,Silver,137.16,True,India
CUST015464,Silver,149.77,True,Philippines
CUST009794,Silver,73.78,True,India
CUST016782,Platinum,543.42,False,Singapore
CUST005989,Silver,108.25,False,Thailand
CUST014686,Bronze,59.77,False,Thailand
CUST008603,Gold,244.91,True,Thailand
CUST002876,Bronze,65.01,False,India
CUST003393,Silver,152.34,False,Indonesia
CUST010606,Bronze,55.18,False,India
CUST002553,Bronze,76.74,True,India
CUST004066,Platinum,993.37,True,Thailand
CUST011240,Silver,151.79,True,India
CUST008511,Bronze,111.52,False,Thailand
CUST008937,Platinum,510.68,False,Indonesia
CUST000769,Silver,283.47,True,Philippines
CUST008291,Bronze,54.54,False,Indonesia
CUST006322,Gold,219.51,True,Thailand
CUST005506,Bronze,53.64,False,Thailand
CUST017534,Platinum,283.02,True,Vietnam
CUST000432,Bronze,79.59,False,Singapore
CUST000496,Bronze,67.27,False,Vietnam
CUST008476,Silver,193.29,True,India
CUST001923,Bronze,96.06,False,Thailand
CUST015525,Silver,151.21,True,Singapore
CUST006707,Bronze,59.46,False,Thailand
CUST002247,Platinum,595.32,True,India
CUST000468,Gold,177.26,False,Thailand
CUST003284,Bronze,65.26,False,Indonesia
CUST009148,Bronze,58.97,False,India
CUST014411,Platinum,520.6,True,Singapore
CUST014189,Platinum,801.43,True,Philippines
CUST015238,Bronze,93.95,False,Vietnam
CUST007174,Bronze,134.69,False,Vietnam
CUST016309,Bronze,134.95,False,India
CUST001523,Gold,350.06,True,India
CUST012747,Bronze,79.99,False,Philippines
CUST013090,Silver,114.86,False,Indonesia
CUST007011,Bronze,98.63,True,India
CUST013818,Gold,434.29,False,Vietnam
CUST016284,Bronze,61.86,True,Thailand
CUST015346,Gold,282.26,False,Philippines
CUST011589,Silver,119.38,True,Indonesia
CUST017647,Gold,204.79,True,India
CUST002305,Platinum,263.13,False,Thailand
CUST013916,Silver,159.83,True,Thailand
CUST011400,Bronze,72.41,True,Vietnam
CUST013027,Gold,242.78,True,Philippines
CUST015798,Bronze,38.63,False,Philippines
CUST005525,Bronze,56.57,False,Philippines
CUST009668,Bronze,88.61,False,Philippines
CUST007825,Bronze,33.25,False,Vietnam
CUST005235,Bronze,41.73,False,Thailand
CUST000732,Bronze,58.19,False,Philippines
CUST005240,Gold,241.22,False,Indonesia
CUST011249,Gold,308.0,False,Philippines
CUST016704,Bronze,70.46,True,Philippines
CUST014472,Bronze,135.57,False,Vietnam
CUST000264,Bronze,78.79,True,Philippines
CUST005766,Gold,348.29,True,India
CUST001467,Gold,442.46,True,Philippines
CUST004576,Bronze,36.55,False,Vietnam
CUST016613,Bronze,46.61,False,Philippines
CUST006087,Silver,139.79,True,India
CUST003400,Gold,283.77,True,Thailand
CUST017542,Bronze,111.76,False,Vietnam
CUST014660,Bronze,57.89,False,Singapore
CUST008779,Silver,202.13,False,Philippines
CUST011100,Bronze,74.06,False,Philippines
CUST000858,Bronze,71.51,False,Thailand
CUST011745,Bronze,65.86,True,Vietnam
CUST007568,Gold,226.09,False,Thailand
CUST017709,Bronze,78.92,False,Indonesia
CUST014203,Platinum,554.14,False,Philippines
CUST002942,Bronze,115.85,False,Vietnam
CUST000186,Bronze,119.3,False,Thailand
CUST000286,Bronze,74.45,False,Philippines
CUST003684,Gold,229.36,True,Philippines
CUST008672,Platinum,289.29,True,Singapore
CUST006200,Platinum,706.33,True,Vietnam
CUST001337,Bronze,94.23,False,Thailand
CUST010585,Bronze,66.16,False,Vietnam
CUST015273,Bronze,96.12,False,Indonesia
CUST007732,Silver,162.85,False,Philippines
CUST002391,Bronze,125.36,False,Thailand
CUST014126,Bronze,75.37,True,Indonesia
CUST007458,Bronze,111.35,False,Vietnam
CUST010346,Bronze,73.8,False,Indonesia
CUST014870,Bronze,49.87,True,Thailand
CUST013419,Bronze,43.19,False,Vietnam
CUST004770,Gold,399.01,True,India
CUST010471,Silver,155.84,False,Indonesia
CUST000064,Bronze,189.09,False,Indonesia
CUST003093,Bronze,52.07,True,India
CUST003874,Silver,107.93,False,India
CUST016066,Gold,174.54,True,Vietnam
CUST012229,Silver,190.43,False,Thailand
CUST003502,Platinum,666.44,True,Vietnam
CUST014145,Gold,356.83,True,Vietnam
CUST012258,Gold,95.28,False,Singapore
CUST003776,Bronze,103.33,False,Indonesia
CUST014777,Silver,137.46,True,Thailand
CUST011124,Bronze,80.2,False,Philippines
CUST012030,Bronze,55.58,False,Singapore
CUST000616,Silver,152.11,True,Thailand
CUST011355,Gold,237.92,True,Indonesia
CUST014450,Silver,143.27,True,Indonesia
CUST012422,Silver,115.95,False,Singapore
CUST011980,Bronze,42.99,True,Thailand
CUST001151,Bronze,120.15,False,Singapore
CUST003132,Bronze,62.25,False,Thailand
CUST010290,Bronze,92.95,True,Thailand
CUST013703,Bronze,73.63,False,Vietnam
CUST009803,Bronze,107.83,True,Vietnam
CUST001329,Bronze,49.76,True,Vietnam
CUST006782,Bronze,117.41,False,Indonesia
CUST002182,Gold,333.55,True,Thailand
CUST005112,Bronze,42.92,False,Vietnam
CUST011838,Gold,260.86,False,Indonesia
CUST002428,Bronze,157.3,False,Philippines
CUST005105,Bronze,53.04,False,Thailand
CUST006855,Gold,608.46,True,Philippines
CUST005610,Bronze,75.86,False,Thailand
CUST002078,Silver,136.14,False,Indonesia
CUST015701,Silver,106.28,False,India
CUST005917,Bronze,81.52,False,Indonesia
CUST012161,Bronze,77.32,True,Vietnam
CUST002697,Platinum,408.01,False,Indonesia
CUST002227,Bronze,80.92,True,Indonesia
CUST011892,Platinum,660.77,False,Indonesia
CUST013922,Bronze,58.27,False,Philippines
CUST000722,Gold,181.14,False,Vietnam
CUST010182,Silver,242.81,True,India
CUST013121,Bronze,119.3,False,Indonesia
CUST011698,Bronze,53.16,False,Vietnam
CUST004866,Bronze,151.62,False,Philippines
CUST007898,Gold,212.22,False,Singapore
CUST012396,Bronze,52.77,False,Philippines
CUST003760,Bronze,75.46,False,Thailand
CUST016751,Bronze,59.33,True,Thailand
CUST001702,Gold,277.33,False,Singapore
CUST012289,Bronze,81.97,True,Vietnam
CUST002710,Gold,424.69,True,Thailand
CUST006516,Silver,160.64,False,Indonesia
CUST017533,Bronze,82.94,False,India
CUST000618,Gold,290.22,True,Vietnam
CUST006670,Silver,80.21,True,Thailand
CUST010155,Bronze,119.35,False,Singapore
CUST004049,Bronze,95.84,True,Vietnam
CUST002635,Bronze,50.4,False,India
CUST011753,Gold,501.48,False,Thailand
CUST015403,Gold,386.15,False,India
CUST016253,Platinum,741.65,False,Singapore
CUST008559,Platinum,220.43,True,Philippines
CUST009565,Bronze,69.99,False,India
CUST001682,Bronze,144.54,True,Philippines
CUST009396,Bronze,78.17,False,Singapore
CUST000534,Bronze,200.18,True,Indonesia
CUST002673,Bronze,86.49,True,Thailand
CUST014232,Silver,230.64,False,Indonesia
CUST008918,Bronze,139.2,False,Philippines
CUST010360,Bronze,106.8,False,Indonesia
CUST012671,Gold,353.39,True,Vietnam
CUST012475,Bronze,105.06,False,Philippines
CUST015608,Bronze,65.01,False,Singapore
CUST016602,Silver,64.08,False,Philippines
CUST014951,Silver,185.51,False,Philippines
CUST006765,Gold,377.14,True,Vietnam
CUST005967,Silver,278.32,True,Indonesia
CUST016035,Silver,277.72,True,Singapore
CUST006383,Gold,156.52,True,Vietnam
CUST017931,Gold,666.14,True,Indonesia
CUST009543,Bronze,46.45,True,Vietnam
CUST017561,Bronze,92.11,False,Thailand
CUST016446,Silver,154.44,True,Philippines
CUST001264,Silver,227.58,False,Philippines
CUST017670,Bronze,60.17,False,Philippines
CUST011200,Bronze,56.15,True,Philippines
CUST007503,Bronze,216.12,False,Indonesia
CUST008900,Bronze,74.91,False,Thailand
CUST005017,Bronze,84.9,False,Singapore
CUST000848,Gold,251.75,True,Thailand
CUST012836,Bronze,69.01,False,Thailand
CUST009293,Bronze,109.76,True,Indonesia
CUST009927,Platinum,219.19,True,Indonesia
CUST005798,Bronze,87.38,False,Vietnam
CUST003250,Bronze,85.99,True,India
CUST013398,Silver,130.03,True,Thailand
CUST016736,Bronze,63.65,True,Philippines
CUST014228,Silver,111.98,True,Indonesia
CUST006650,Platinum,355.13,True,Indonesia
CUST007161,Gold,324.7,True,Indonesia
CUST013829,Bronze,75.72,False,India
CUST005513,Silver,131.56,True,India
CUST011579,Bronze,116.51,False,Philippines
CUST010124,Silver,245.86,True,Vietnam
CUST015860,Bronze,103.66,False,Vietnam
CUST016049,Gold,232.47,False,Philippines
CUST006985,Bronze,64.61,False,Indonesia
CUST014113,Silver,176.46,False,India
CUST011149,Bronze,248.1,False,India
CUST010138,Bronze,147.04,False,Indonesia
CUST005084,Gold,363.85,True,Philippines
CUST009978,Bronze,103.29,False,Indonesia
CUST013832,Bronze,75.32,False,Indonesia
CUST016675,Bronze,105.49,False,Thailand
CUST004896,Silver,190.9,False,Vietnam
CUST017497,Bronze,153.64,False,Indonesia
CUST008262,Silver,139.33,False,Vietnam
CUST007302,Bronze,38.79,False,India
CUST006789,Bronze,54.9,False,Thailand
CUST001700,Platinum,288.21,False,Thailand
CUST009111,Silver,157.37,False,Thailand
CUST000846,Bronze,66.75,False,Indonesia
CUST011832,Silver,106.55,False,Vietnam
CUST012961,Silver,97.61,False,Singapore
CUST002721,Silver,191.28,False,India
CUST003403,Bronze,97.25,False,India
CUST017973,Silver,151.73,False,Vietnam
CUST012969,Silver,141.37,False,Vietnam
CUST014082,Platinum,507.16,True,Philippines
CUST001305,Bronze,62.52,True,Vietnam
CUST003980,Gold,305.43,True,Thailand
CUST006487,Bronze,54.11,False,Vietnam
CUST011691,Platinum,250.11,True,Singapore
CUST015348,Bronze,103.88,True,Vietnam
CUST014759,Silver,106.24,True,Thailand
CUST006034,Bronze,102.42,False,Vietnam
CUST002178,Bronze,118.91,False,India
CUST000261,Platinum,788.31,True,Indonesia
CUST005225,Silver,107.7,False,Indonesia
CUST010800,Bronze,93.6,False,Thailand
CUST011036,Bronze,67.52,False,Philippines
CUST010080,Bronze,86.96,False,India
CUST002298,Bronze,102.85,False,India
CUST011790,Platinum,434.74,True,Philippines
CUST003792,Bronze,76.23,False,Indonesia
CUST016057,Bronze,122.84,False,Indonesia
CUST004014,Platinum,620.17,True,Vietnam
CUST006335,Bronze,46.79,False,Thailand
CUST011092,Bronze,125.75,False,Thailand
CUST008646,Silver,101.42,True,India
CUST014205,Platinum,341.95,True,Thailand
CUST005200,Silver,148.07,False,Singapore
CUST010947,Silver,142.34,True,Indonesia
CUST009661,Silver,140.46,False,Vietnam
CUST012655,Silver,198.14,False,Philippines
CUST017915,Bronze,130.01,False,Indonesia
CUST009351,Bronze,158.06,False,Thailand
CUST003894,Bronze,147.47,True,India
CUST011540,Silver,319.76,False,India
CUST008010,Gold,238.25,True,Thailand
CUST017714,Gold,417.56,True,Vietnam
CUST017172,Bronze,41.51,True,Philippines
CUST000376,Silver,135.41,False,Vietnam
CUST017515,Bronze,85.89,False,Vietnam
CUST002245,Gold,360.66,False,Singapore
CUST001430,Silver,187.11,True,Vietnam
CUST002518,Bronze,45.2,False,Singapore
CUST014792,Platinum,484.16,False,Thailand
CUST011078,Bronze,45.92,False,Thailand
CUST007699,Platinum,434.2,True,Philippines
CUST010904,Bronze,118.16,False,Thailand
CUST003468,Bronze,122.64,False,Vietnam
CUST009641,Bronze,66.44,False,Singapore
CUST015624,Silver,163.09,False,India
CUST017917,Bronze,45.85,False,Vietnam
CUST000613,Bronze,73.08,True,Indonesia
CUST005855,Bronze,83.23,False,India
CUST005573,Silver,92.53,True,India
CUST001389,Silver,72.57,True,Indonesia
CUST014497,Silver,176.24,True,Thailand
CUST001150,Gold,159.23,True,Vietnam
CUST000358,Silver,137.82,False,Singapore
CUST010556,Bronze,100.5,False,Thailand
CUST004304,Bronze,45.25,False,Vietnam
CUST007471,Platinum,331.18,True,India
CUST000605,Bronze,109.59,False,Singapore
CUST015194,Bronze,140.19,False,India
CUST000297,Bronze,69.83,False,Indonesia
CUST004257,Silver,249.72,False,Singapore
CUST005165,Bronze,72.23,False,Philippines
CUST016914,Silver,141.51,True,Thailand
CUST015778,Bronze,76.92,False,India
CUST016601,Bronze,94.31,False,Thailand
CUST000740,Gold,309.55,False,Thailand
CUST013780,Platinum,661.14,True,India
CUST015385,Gold,710.61,True,Vietnam
CUST011350,Gold,295.4,True,Philippines
CUST007374,Silver,352.91,True,India
CUST007120,Bronze,77.58,False,India
